id,title,type,status,year,season,genre,rating,totalEpisodes,source,siteUrl
animeav1-one-piece,One Piece,TV,,,,action,,,AnimeAV1,https://animeav1.com/media/one-piece
animeav1-sousou-no-frieren-2nd-season,Sousou no Frieren 2nd Season,TV,,,,anime,,,AnimeAV1,https://animeav1.com/media/sousou-no-frieren-2nd-season
animeav1-kaijuu-8-gou-narumi-no-heijitsu,Kaijuu 8-gou: Narumi no Heijitsu,ONA,,,,anime,,,AnimeAV1,https://animeav1.com/media/kaijuu-8-gou-narumi-no-heijitsu
animeav1-kidou-senshi-gundam-senkou-no-hathaway-circe-no-majo,Kidou Senshi Gundam: Senkou no Hathaway - Circe no Majo,Movie,,,,anime,,,AnimeAV1,https://animeav1.com/media/kidou-senshi-gundam-senkou-no-hathaway-circe-no-majo
animeav1-gintama-movie-3-yoshiwara-daienjou,Gintama Movie 3: Yoshiwara Daienjou,MOVIE,,,,anime,,,AnimeAV1,https://animeav1.com/media/gintama-movie-3-yoshiwara-daienjou
animeav1-shiguang-dailiren-iii,Shiguang Dailiren III,ONA,,,,anime,,,AnimeAV1,https://animeav1.com/media/shiguang-dailiren-iii
animeav1-the-ribbon-hero,The Ribbon Hero,ONA,,,,anime,,,AnimeAV1,https://animeav1.com/media/the-ribbon-hero
animeav1-boku-no-hero-academia-i-am-a-hero-too,Boku no Hero Academia: I Am a Hero Too,ONA,,,,anime,,,AnimeAV1,https://animeav1.com/media/boku-no-hero-academia-i-am-a-hero-too
animeav1-tensei-shitara-slime-datta-ken-movie-2-soukai-no-namida-hen,Tensei shitara Slime Datta Ken Movie 2: Soukai no Namida-hen,MOVIE,,,,anime,,,AnimeAV1,https://animeav1.com/media/tensei-shitara-slime-datta-ken-movie-2-soukai-no-namida-hen
animeav1-kimetsu-no-yaiba-movie-1-mugenjou-hen-akaza-sairai,Kimetsu no Yaiba Movie 1: Mugenjou-hen - Akaza Sairai,MOVIE,,,,anime,,,AnimeAV1,https://animeav1.com/media/kimetsu-no-yaiba-movie-1-mugenjou-hen-akaza-sairai
animeav1-bleach-sennen-kessen-hen-kashin-tan,Bleach: Sennen Kessen-hen - Kashin-tan,TV,,,,anime,,,AnimeAV1,https://animeav1.com/media/bleach-sennen-kessen-hen-kashin-tan
animeav1-ansatsu-kyoushitsu-movie-minna-no-jikan,Ansatsu Kyoushitsu Movie: Minna no Jikan,MOVIE,,,,anime,,,AnimeAV1,https://animeav1.com/media/ansatsu-kyoushitsu-movie-minna-no-jikan
animeav1-nige-jouzu-no-wakagimi-2nd-season,Nige Jouzu no Wakagimi 2nd Season,TV,,,,anime,,,AnimeAV1,https://animeav1.com/media/nige-jouzu-no-wakagimi-2nd-season
animeav1-futsutsuka-na-akujo-dewa-gozaimasu-ga-suuguu-chouso-torikae-den,Futsutsuka na Akujo dewa Gozaimasu ga: Suuguu Chouso Torikae Den,TV,,,,anime,,,AnimeAV1,https://animeav1.com/media/futsutsuka-na-akujo-dewa-gozaimasu-ga-suuguu-chouso-torikae-den
animeav1-hanaori-san-wa-tensei-shitemo-kenka-ga-shitai,Hanaori-san wa Tensei shitemo Kenka ga Shitai,TV,,,,anime,,,AnimeAV1,https://animeav1.com/media/hanaori-san-wa-tensei-shitemo-kenka-ga-shitai
animeav1-super-no-ura-de-yani-suu-futari,Super no Ura de Yani Suu Futari,TV,,,,anime,,,AnimeAV1,https://animeav1.com/media/super-no-ura-de-yani-suu-futari
animeav1-mebius-dust,Mebius Dust,TV,,,,anime,,,AnimeAV1,https://animeav1.com/media/mebius-dust
animeav1-thunder-3,Thunder 3,TV,,,,anime,,,AnimeAV1,https://animeav1.com/media/thunder-3
animeav1-dogulwang,Dogulwang,TV,,,,anime,,,AnimeAV1,https://animeav1.com/media/dogulwang
animeav1-katainaka-no-ossan-kensei-ni-naru-ii,"Katainaka no Ossan, Kensei ni Naru II",TV,,,,anime,,,AnimeAV1,https://animeav1.com/media/katainaka-no-ossan-kensei-ni-naru-ii
animeav1-otome-game-sekai-wa-mob-ni-kibishii-sekai-desu-2,Otome Game Sekai wa Mob ni Kibishii Sekai desu 2,TV,,,,anime,,,AnimeAV1,https://animeav1.com/media/otome-game-sekai-wa-mob-ni-kibishii-sekai-desu-2
animeav1-ibitte-konai-gibo-to-gishi,Ibitte Konai Gibo to Gishi,TV,,,,anime,,,AnimeAV1,https://animeav1.com/media/ibitte-konai-gibo-to-gishi
animeav1-kimi-wo-aisuru-ki-wa-nai-to-itta-jiki-koushaku-sama-ga-nazeka-dekiai-shitekimasu,"""Kimi wo Aisuru Ki wa Nai"" to Itta Jiki Koushaku-sama ga Nazeka Dekiai shitekimasu",TV,,,,anime,,,AnimeAV1,https://animeav1.com/media/kimi-wo-aisuru-ki-wa-nai-to-itta-jiki-koushaku-sama-ga-nazeka-dekiai-shitekimasu
animeav1-oshi-no-ko-3rd-season,[Oshi no Ko] 3rd Season,TV,,,,anime,,,AnimeAV1,https://animeav1.com/media/oshi-no-ko-3rd-season
animeav1-omae-gotoki-ga-maou-ni-kateru-to-omouna-to-yuusha-party-wo-tsuihou-sareta-node-outo-de-kimama-ni-kurashitai,"""Omae Gotoki ga Maou ni Kateru to Omouna"" to Yuusha Party wo Tsuihou sareta node, Outo de Kimama ni Kurashitai",TV,,,,anime,,,AnimeAV1,https://animeav1.com/media/omae-gotoki-ga-maou-ni-kateru-to-omouna-to-yuusha-party-wo-tsuihou-sareta-node-outo-de-kimama-ni-kurashitai
animeav1-29-sai-dokushin-chuuken-boukensha-no-nichijou,29-sai Dokushin Chuuken Boukensha no Nichijou,TV,,,,anime,,,AnimeAV1,https://animeav1.com/media/29-sai-dokushin-chuuken-boukensha-no-nichijou
animeav1-3-nen-z-gumi-ginpachi-sensei,3-nen Z-gumi Ginpachi-sensei,TV,,,,anime,,,AnimeAV1,https://animeav1.com/media/3-nen-z-gumi-ginpachi-sensei
animeav1-compass-20-sentou-setsuri-kaiseki-system,#Compass 2.0: Sentou Setsuri Kaiseki System,TV,,,,anime,,,AnimeAV1,https://animeav1.com/media/compass-20-sentou-setsuri-kaiseki-system
animeav1-ubel-blatt,Übel Blatt,TV,,,,anime,,,AnimeAV1,https://animeav1.com/media/ubel-blatt
animeav1-25-jigen-no-ririsa,2.5-jigen no Ririsa,TV,,,,anime,,,AnimeAV1,https://animeav1.com/media/25-jigen-no-ririsa
animeav1-oshi-no-ko-2nd-season,[Oshi no Ko] 2nd Season,TV,,,,anime,,,AnimeAV1,https://animeav1.com/media/oshi-no-ko-2nd-season
animeav1-30-sai-made-doutei-dato-mahoutsukai-ni-nareru-rashii,30-sai made Doutei dato Mahoutsukai ni Nareru Rashii,TV,,,,anime,,,AnimeAV1,https://animeav1.com/media/30-sai-made-doutei-dato-mahoutsukai-ni-nareru-rashii
animeav1-16bit-sensation-another-layer,16bit Sensation: Another Layer,TV,,,,anime,,,AnimeAV1,https://animeav1.com/media/16bit-sensation-another-layer
animeav1-5-toubun-no-hanayome,5-toubun no Hanayome∽,ESPECIAL,,,,anime,,,AnimeAV1,https://animeav1.com/media/5-toubun-no-hanayome
animeav1-oshi-no-ko,[Oshi no Ko],TV,,,,anime,,,AnimeAV1,https://animeav1.com/media/oshi-no-ko
animeav1-4-nin-wa-sorezore-uso-wo-tsuku,4-nin wa Sorezore Uso wo Tsuku,TV,,,,anime,,,AnimeAV1,https://animeav1.com/media/4-nin-wa-sorezore-uso-wo-tsuku
animeav1-5-toubun-no-hanayome-movie,5-toubun no Hanayome Movie,MOVIE,,,,anime,,,AnimeAV1,https://animeav1.com/media/5-toubun-no-hanayome-movie
animeav1-180-byou-de-kimi-no-mimi-wo-shiawase-ni-dekiru-ka,180-byou de Kimi no Mimi wo Shiawase ni Dekiru ka?,TV,,,,anime,,,AnimeAV1,https://animeav1.com/media/180-byou-de-kimi-no-mimi-wo-shiawase-ni-dekiru-ka
animeav1-100-man-no-inochi-no-ue-ni-ore-wa-tatteiru-2nd-season,100-man no Inochi no Ue ni Ore wa Tatteiru 2nd Season,TV,,,,anime,,,AnimeAV1,https://animeav1.com/media/100-man-no-inochi-no-ue-ni-ore-wa-tatteiru-2nd-season
animeav1-86-eighty-six,86,TV,,,,anime,,,AnimeAV1,https://animeav1.com/media/86-eighty-six
animeav1-100-man-no-inochi-no-ue-ni-ore-wa-tatteiru,100-man no Inochi no Ue ni Ore wa Tatteiru,TV,,,,anime,,,AnimeAV1,https://animeav1.com/media/100-man-no-inochi-no-ue-ni-ore-wa-tatteiru
animeav1-7-seeds-2nd-season,7 Seeds 2nd Season,ONA,,,,anime,,,AnimeAV1,https://animeav1.com/media/7-seeds-2nd-season
animeav1-227,22/7,TV,,,,anime,,,AnimeAV1,https://animeav1.com/media/227
animeav1-7-seeds,7 Seeds,ONA,,,,anime,,,AnimeAV1,https://animeav1.com/media/7-seeds
animeav1-3d-kanojo-real-girl-2nd-season,3D Kanojo: Real Girl 2nd Season,TV,,,,anime,,,AnimeAV1,https://animeav1.com/media/3d-kanojo-real-girl-2nd-season
animeav1-3d-kanojo-real-girl,3D Kanojo: Real Girl,TV,,,,anime,,,AnimeAV1,https://animeav1.com/media/3d-kanojo-real-girl
animeav1-3-gatsu-no-lion-2nd-season,3-gatsu no Lion 2nd Season,TV,,,,anime,,,AnimeAV1,https://animeav1.com/media/3-gatsu-no-lion-2nd-season
animeav1-18if,18if,TV,,,,anime,,,AnimeAV1,https://animeav1.com/media/18if
animeav1-3-gatsu-no-lion,3-gatsu no Lion,TV,,,,anime,,,AnimeAV1,https://animeav1.com/media/3-gatsu-no-lion
animeav1-12-sai-chicchana-mune-no-tokimeki-2nd-season,12-sai.: Chicchana Mune no Tokimeki 2nd Season,TV,,,,anime,,,AnimeAV1,https://animeav1.com/media/12-sai-chicchana-mune-no-tokimeki-2nd-season
animeav1-91-days,91 Days,TV,,,,anime,,,AnimeAV1,https://animeav1.com/media/91-days
animeav1-12-sai-chicchana-mune-no-tokimeki,12-sai.: Chicchana Mune no Tokimeki,TV,,,,anime,,,AnimeAV1,https://animeav1.com/media/12-sai-chicchana-mune-no-tokimeki
animeav1-30-sai-no-hoken-taiiku,30-sai no Hoken Taiiku,TV,,,,anime,,,AnimeAV1,https://animeav1.com/media/30-sai-no-hoken-taiiku
animeav1-xxxholic-rou,xxxHOLiC Rou,OVA,,,,anime,,,AnimeAV1,https://animeav1.com/media/xxxholic-rou
animeav1-11eyes,11 eyes,TV,,,,anime,,,AnimeAV1,https://animeav1.com/media/11eyes
animeav1-07-ghost,07-Ghost,TV,,,,anime,,,AnimeAV1,https://animeav1.com/media/07-ghost
animeav1-xxxholic-shunmuki,xxxHOLiC Shunmuki,OVA,,,,anime,,,AnimeAV1,https://animeav1.com/media/xxxholic-shunmuki
animeav1-ef-a-tale-of-melodies,ef: A Tale of Melodies.,TV,,,,anime,,,AnimeAV1,https://animeav1.com/media/ef-a-tale-of-melodies
animeav1-xxxholickei,xxxHOLiC◆Kei,TV,,,,anime,,,AnimeAV1,https://animeav1.com/media/xxxholickei
animeav1-hackgu-trilogy,.hack//G.U. Trilogy,Movie,,,,anime,,,AnimeAV1,https://animeav1.com/media/hackgu-trilogy
animeav1-ef-a-tale-of-memories,ef: A Tale of Memories.,TV,,,,anime,,,AnimeAV1,https://animeav1.com/media/ef-a-tale-of-memories
animeav1-bakuretsu-tenshi-infinity,Burst Angel OVA,OVA,,,,anime,,,AnimeAV1,https://animeav1.com/media/bakuretsu-tenshi-infinity
animeav1-009-1,009-1,TV,,,,anime,,,AnimeAV1,https://animeav1.com/media/009-1
animeav1-xxxholic,xxxHOLiC,TV,,,,anime,,,AnimeAV1,https://animeav1.com/media/xxxholic
animeav1-hackroots,.hack//Roots,TV,,,,anime,,,AnimeAV1,https://animeav1.com/media/hackroots
animeav1-xxxholic-movie-manatsu-no-yoru-no-yume,xxxHOLiC Movie: Manatsu no Yoru no Yume,MOVIE,,,,anime,,,AnimeAV1,https://animeav1.com/media/xxxholic-movie-manatsu-no-yoru-no-yume
animeav1-ninin-ga-shinobuden,2x2=Shinobuden,TV,,,,anime,,,AnimeAV1,https://animeav1.com/media/ninin-ga-shinobuden
animeav1-hacktasogare-no-udewa-densetsu,.hack//Tasogare no Udewa Densetsu,TV,,,,anime,,,AnimeAV1,https://animeav1.com/media/hacktasogare-no-udewa-densetsu
animeav1-hacksign,.hack//Sign,TV,,,,anime,,,AnimeAV1,https://animeav1.com/media/hacksign
animeav1-scryed,s.CRY.ed,TV,,,,anime,,,AnimeAV1,https://animeav1.com/media/scryed
animeav1-3x3-eyes-seima-densetsu,3x3 Eyes: Seima Densetsu,OVA,,,,anime,,,AnimeAV1,https://animeav1.com/media/3x3-eyes-seima-densetsu
animeav1-3x3-eyes,3x3 Eyes,OVA,,,,anime,,,AnimeAV1,https://animeav1.com/media/3x3-eyes
animeav1-12paradise,1+2=Paradise,OVA,,,,anime,,,AnimeAV1,https://animeav1.com/media/12paradise
animeav1-1000-nen-joou-queen-millennia,1000-nen Joou: Queen Millennia,Movie,,,,anime,,,AnimeAV1,https://animeav1.com/media/1000-nen-joou-queen-millennia
animeav1-azur-lane-bisoku-zenshin-ni,Azur Lane: Bisoku Zenshin! Ni!!,TV,,,,anime,,,AnimeAV1,https://animeav1.com/media/azur-lane-bisoku-zenshin-ni
animeav1-aishiteru-game-wo-owarasetai,Aishiteru Game wo Owarasetai,TV,,,,anime,,,AnimeAV1,https://animeav1.com/media/aishiteru-game-wo-owarasetai
animeav1-awajima-hyakkei,Awajima Hyakkei,TV,,,,anime,,,AnimeAV1,https://animeav1.com/media/awajima-hyakkei
animeav1-akane-banashi,Akane-banashi,TV,,,,anime,,,AnimeAV1,https://animeav1.com/media/akane-banashi
animeav1-akuyaku-reijou-wa-ringoku-no-outaishi-ni-dekiai-sareru,Akuyaku Reijou wa Ringoku no Outaishi ni Dekiai sareru,TV,,,,anime,,,AnimeAV1,https://animeav1.com/media/akuyaku-reijou-wa-ringoku-no-outaishi-ni-dekiai-sareru
animeav1-android-wa-keiken-ninzuu-ni-hairimasu-ka,Android wa Keiken Ninzuu ni Hairimasu ka??,TV,,,,anime,,,AnimeAV1,https://animeav1.com/media/android-wa-keiken-ninzuu-ni-hairimasu-ka
animeav1-arne-no-jikenbo,Arne no Jikenbo,TV,,,,anime,,,AnimeAV1,https://animeav1.com/media/arne-no-jikenbo
animeav1-ao-no-miburo-serizawa-ansatsu-hen,Ao no Miburo: Serizawa Ansatsu-hen,TV,,,,anime,,,AnimeAV1,https://animeav1.com/media/ao-no-miburo-serizawa-ansatsu-hen
animeav1-ansatsusha-de-aru-ore-no-status-ga-yuusha-yori-mo-akiraka-ni-tsuyoi-no-da-ga,Ansatsusha de Aru Ore no Status ga Yuusha yori mo Akiraka ni Tsuyoi no da ga,TV,,,,anime,,,AnimeAV1,https://animeav1.com/media/ansatsusha-de-aru-ore-no-status-ga-yuusha-yori-mo-akiraka-ni-tsuyoi-no-da-ga
animeav1-alma-chan-wa-kazoku-ni-naritai,Alma-chan wa Kazoku ni Naritai,TV,,,,anime,,,AnimeAV1,https://animeav1.com/media/alma-chan-wa-kazoku-ni-naritai
animeav1-akujiki-reijou-to-kyouketsu-koushaku,Akujiki Reijou to Kyouketsu Koushaku,TV,,,,anime,,,AnimeAV1,https://animeav1.com/media/akujiki-reijou-to-kyouketsu-koushaku
animeav1-ame-to-kimi-to,Ame to Kimi to,TV,,,,anime,,,AnimeAV1,https://animeav1.com/media/ame-to-kimi-to
animeav1-arknights-rise-from-ember,Arknights: Rise from Ember,TV,,,,anime,,,AnimeAV1,https://animeav1.com/media/arknights-rise-from-ember
animeav1-apocalypse-hotel,Apocalypse Hotel,TV,,,,anime,,,AnimeAV1,https://animeav1.com/media/apocalypse-hotel
animeav1-aharen-san-wa-hakarenai-season-2,Aharen-san wa Hakarenai Season 2,TV,,,,anime,,,AnimeAV1,https://animeav1.com/media/aharen-san-wa-hakarenai-season-2
animeav1-anne-shirley,Anne Shirley,TV,,,,anime,,,AnimeAV1,https://animeav1.com/media/anne-shirley
animeav1-aru-majo-ga-shinu-made,Aru Majo ga Shinu Made,TV,,,,anime,,,AnimeAV1,https://animeav1.com/media/aru-majo-ga-shinu-made
animeav1-aparida,"A-Rank Party wo Ridatsu shita Ore wa, Moto Oshiego-tachi to Meikyuu Shinbu wo Mezasu.",TV,,,,anime,,,AnimeAV1,https://animeav1.com/media/aparida
animeav1-akuyaku-reijou-tensei-ojisan,Akuyaku Reijou Tensei Ojisan,TV,,,,anime,,,AnimeAV1,https://animeav1.com/media/akuyaku-reijou-tensei-ojisan
animeav1-around-40-otoko-no-isekai-tsuuhan,Around 40 Otoko no Isekai Tsuuhan,TV,,,,fantasy,,,AnimeAV1,https://animeav1.com/media/around-40-otoko-no-isekai-tsuuhan
animeav1-ao-no-exorcist-yosuga-hen,Ao no Exorcist: Yosuga-hen,TV,,,,anime,,,AnimeAV1,https://animeav1.com/media/ao-no-exorcist-yosuga-hen
animeav1-ameku-takao-no-suiri-karte,Ameku Takao no Suiri Karte,TV,,,,anime,,,AnimeAV1,https://animeav1.com/media/ameku-takao-no-suiri-karte
animeav1-ao-no-miburo,Ao no Miburo,TV,,,,anime,,,AnimeAV1,https://animeav1.com/media/ao-no-miburo
animeav1-arifureta-shokugyou-de-sekai-saikyou-season-3,Arifureta Shokugyou de Sekai Saikyou Season 3,TV,,,,anime,,,AnimeAV1,https://animeav1.com/media/arifureta-shokugyou-de-sekai-saikyou-season-3
animeav1-ao-no-exorcist-yuki-no-hate-hen,Ao no Exorcist: Yuki no Hate-hen,TV,,,,anime,,,AnimeAV1,https://animeav1.com/media/ao-no-exorcist-yuki-no-hate-hen
animeav1-ao-no-hako,Ao no Hako,TV,,,,anime,,,AnimeAV1,https://animeav1.com/media/ao-no-hako
animeav1-acro-trip,Acro Trip,TV,,,,anime,,,AnimeAV1,https://animeav1.com/media/acro-trip
animeav1-amagami-san-chi-no-enmusubi,Amagami-san Chi no Enmusubi,TV,,,,anime,,,AnimeAV1,https://animeav1.com/media/amagami-san-chi-no-enmusubi
animeav1-atri-my-dear-moments,Atri: My Dear Moments,TV,,,,anime,,,AnimeAV1,https://animeav1.com/media/atri-my-dear-moments
animeav1-astro-note,Astro Note,TV,,,,anime,,,AnimeAV1,https://animeav1.com/media/astro-note
animeav1-akuyaku-reijou-level-99-watashi-wa-ura-boss-desu-ga-maou-dewa-arimasen,Akuyaku Reijou Level 99: Watashi wa Ura-Boss desu ga Maou dewa Arimasen,TV,,,,anime,,,AnimeAV1,https://animeav1.com/media/akuyaku-reijou-level-99-watashi-wa-ura-boss-desu-ga-maou-dewa-arimasen
animeav1-ao-no-exorcist-shimane-illuminati-hen,Ao no Exorcist: Shimane Illuminati-hen,TV,,,,anime,,,AnimeAV1,https://animeav1.com/media/ao-no-exorcist-shimane-illuminati-hen
animeav1-arknights-touin-kiro,Arknights: Touin Kiro,TV,,,,anime,,,AnimeAV1,https://animeav1.com/media/arknights-touin-kiro
animeav1-atarashii-joushi-wa-do-tennen,Atarashii Joushi wa Do Tennen,TV,,,,anime,,,AnimeAV1,https://animeav1.com/media/atarashii-joushi-wa-do-tennen
animeav1-alice-to-therese-no-maboroshi-koujou,Alice to Therese no Maboroshi Koujou,Movie,,,,anime,,,AnimeAV1,https://animeav1.com/media/alice-to-therese-no-maboroshi-koujou
animeav1-ai-no-idenshi,AI no Idenshi,TV,,,,anime,,,AnimeAV1,https://animeav1.com/media/ai-no-idenshi
animeav1-aishang-ta-de-liyou,Aishang Ta de Liyou,ONA,,,,anime,,,AnimeAV1,https://animeav1.com/media/aishang-ta-de-liyou
animeav1-aiyou-de-mishi,Aiyou de Mishi,ONA,,,,anime,,,AnimeAV1,https://animeav1.com/media/aiyou-de-mishi
animeav1-ao-no-orchestra,Ao no Orchestra,TV,,,,anime,,,AnimeAV1,https://animeav1.com/media/ao-no-orchestra
animeav1-ayakashi-triangle,Ayakashi Triangle,TV,,,,anime,,,AnimeAV1,https://animeav1.com/media/ayakashi-triangle
animeav1-arknights-reimei-zensou,Arknights: Reimei Zensou,TV,,,,anime,,,AnimeAV1,https://animeav1.com/media/arknights-reimei-zensou
animeav1-aru-asa-dummy-head-mic-ni-natteita-ore-kun-no-jinsei,Aru Asa Dummy Head Mic ni Natteita Ore-kun no Jinsei,TV,,,,anime,,,AnimeAV1,https://animeav1.com/media/aru-asa-dummy-head-mic-ni-natteita-ore-kun-no-jinsei
animeav1-akiba-meido-sensou,Akiba Meido Sensou,TV,,,,anime,,,AnimeAV1,https://animeav1.com/media/akiba-meido-sensou
animeav1-akuyaku-reijou-nanode-last-boss-wo-kattemimashita,Akuyaku Reijou nanode Last Boss wo Kattemimashita,TV,,,,anime,,,AnimeAV1,https://animeav1.com/media/akuyaku-reijou-nanode-last-boss-wo-kattemimashita
animeav1-ani-ni-tsukeru-kusuri-wa-nai-5,Ani ni Tsukeru Kusuri wa Nai! 5,ONA,,,,anime,,,AnimeAV1,https://animeav1.com/media/ani-ni-tsukeru-kusuri-wa-nai-5
animeav1-ao-ashi,Ao Ashi,TV,,,,anime,,,AnimeAV1,https://animeav1.com/media/ao-ashi
animeav1-aharen-san-wa-hakarenai,Aharen-san wa Hakarenai,TV,,,,anime,,,AnimeAV1,https://animeav1.com/media/aharen-san-wa-hakarenai
animeav1-arifureta-shokugyou-de-sekai-saikyou-2nd-season,Arifureta Shokugyou de Sekai Saikyou 2nd Season,TV,,,,anime,,,AnimeAV1,https://animeav1.com/media/arifureta-shokugyou-de-sekai-saikyou-2nd-season
animeav1-akebi-chan-no-sailor-fuku,Akebi-chan no Sailor-fuku,TV,,,,anime,,,AnimeAV1,https://animeav1.com/media/akebi-chan-no-sailor-fuku
animeav1-aggressive-retsuko-ona-4th-season,Aggressive Retsuko (ONA) 4th Season,ONA,,,,anime,,,AnimeAV1,https://animeav1.com/media/aggressive-retsuko-ona-4th-season
animeav1-aria-the-benedizione,Aria the Benedizione,Movie,,,,anime,,,AnimeAV1,https://animeav1.com/media/aria-the-benedizione
animeav1-ai-no-utagoe-wo-kikasete,Ai no Utagoe wo Kikasete,Movie,,,,anime,,,AnimeAV1,https://animeav1.com/media/ai-no-utagoe-wo-kikasete
animeav1-aria-the-crepuscolo,Aria the Crepuscolo,Movie,,,,anime,,,AnimeAV1,https://animeav1.com/media/aria-the-crepuscolo
animeav1-azur-lane-bisoku-zenshin,Azur Lane: Bisoku Zenshin!,TV,,,,anime,,,AnimeAV1,https://animeav1.com/media/azur-lane-bisoku-zenshin
animeav1-adachi-to-shimamura,Adachi to Shimamura,TV,,,,anime,,,AnimeAV1,https://animeav1.com/media/adachi-to-shimamura
animeav1-akudama-drive,Akudama Drive,TV,,,,anime,,,AnimeAV1,https://animeav1.com/media/akudama-drive
animeav1-assault-lily-bouquet,Assault Lily: Bouquet,TV,,,,anime,,,AnimeAV1,https://animeav1.com/media/assault-lily-bouquet
animeav1-ani-ni-tsukeru-kusuri-wa-nai-4,Ani ni Tsukeru Kusuri wa Nai! 4,TV,,,,anime,,,AnimeAV1,https://animeav1.com/media/ani-ni-tsukeru-kusuri-wa-nai-4
animeav1-aggressive-retsuko-ona-3rd-season,Aggressive Retsuko (ONA) 3rd Season,ONA,,,,anime,,,AnimeAV1,https://animeav1.com/media/aggressive-retsuko-ona-3rd-season
animeav1-appare-ranman,Appare-Ranman!,TV,,,,anime,,,AnimeAV1,https://animeav1.com/media/appare-ranman
animeav1-arte,Arte,TV,,,,anime,,,AnimeAV1,https://animeav1.com/media/arte
animeav1-altered-carbon-resleeved,Altered Carbon: Resleeved,ONA,,,,anime,,,AnimeAV1,https://animeav1.com/media/altered-carbon-resleeved
animeav1-assassins-pride,Assassins Pride,TV,,,,anime,,,AnimeAV1,https://animeav1.com/media/assassins-pride
animeav1-ani-ni-tsukeru-kusuri-wa-nai-3,Ani ni Tsukeru Kusuri wa Nai! 3,TV,,,,anime,,,AnimeAV1,https://animeav1.com/media/ani-ni-tsukeru-kusuri-wa-nai-3
animeav1-azur-lane,Azur Lane,TV,,,,anime,,,AnimeAV1,https://animeav1.com/media/azur-lane
animeav1-ahiru-no-sora,Ahiru no Sora,TV,,,,anime,,,AnimeAV1,https://animeav1.com/media/ahiru-no-sora
animeav1-arifureta-shokugyou-de-sekai-saikyou,Arifureta Shokugyou de Sekai Saikyou,TV,,,,anime,,,AnimeAV1,https://animeav1.com/media/arifureta-shokugyou-de-sekai-saikyou
animeav1-araburu-kisetsu-no-otome-domo-yo,Araburu Kisetsu no Otome-domo yo.,TV,,,,anime,,,AnimeAV1,https://animeav1.com/media/araburu-kisetsu-no-otome-domo-yo
animeav1-aggressive-retsuko-ona-2nd-season,Aggressive Retsuko (ONA) 2nd Season,ONA,,,,anime,,,AnimeAV1,https://animeav1.com/media/aggressive-retsuko-ona-2nd-season
animeav1-asobi-asobase-cosplay-taikaiotona-no-watashi-e,Asobi Asobase: Cosplay Taikai/Otona no Watashi e,OVA,,,,anime,,,AnimeAV1,https://animeav1.com/media/asobi-asobase-cosplay-taikaiotona-no-watashi-e
animeav1-aggressive-retsuko-we-wish-you-a-metal-christmas,Aggressive Retsuko: We Wish You a Metal Christmas,ONA,,,,anime,,,AnimeAV1,https://animeav1.com/media/aggressive-retsuko-we-wish-you-a-metal-christmas
animeav1-anima-yell,Anima Yell!,TV,,,,anime,,,AnimeAV1,https://animeav1.com/media/anima-yell
animeav1-akanesasu-shoujo,Akanesasu Shoujo,TV,,,,romance,,,AnimeAV1,https://animeav1.com/media/akanesasu-shoujo
animeav1-angolmois-genkou-kassenki,Angolmois: Genkou Kassenki,TV,,,,anime,,,AnimeAV1,https://animeav1.com/media/angolmois-genkou-kassenki
animeav1-ani-ni-tsukeru-kusuri-wa-nai-2,Ani ni Tsukeru Kusuri wa Nai! 2,TV,,,,anime,,,AnimeAV1,https://animeav1.com/media/ani-ni-tsukeru-kusuri-wa-nai-2
animeav1-asobi-asobase,Asobi Asobase,TV,,,,anime,,,AnimeAV1,https://animeav1.com/media/asobi-asobase
animeav1-aru-zombie-shoujo-no-sainan,Aru Zombie Shoujo no Sainan,ONA,,,,romance,,,AnimeAV1,https://animeav1.com/media/aru-zombie-shoujo-no-sainan
animeav1-asagao-to-kase-san,Asagao to Kase-san.,OVA,,,,anime,,,AnimeAV1,https://animeav1.com/media/asagao-to-kase-san
animeav1-aggressive-retsuko-ona,Aggressive Retsuko (ONA),ONA,,,,anime,,,AnimeAV1,https://animeav1.com/media/aggressive-retsuko-ona
animeav1-amanchu-advance,Amanchu! Advance,TV,,,,anime,,,AnimeAV1,https://animeav1.com/media/amanchu-advance
animeav1-akkun-to-kanojo,Akkun to Kanojo,TV,,,,anime,,,AnimeAV1,https://animeav1.com/media/akkun-to-kanojo
animeav1-alice-or-alice,Alice or Alice,TV,,,,anime,,,AnimeAV1,https://animeav1.com/media/alice-or-alice
animeav1-aico-incarnation,A.I.C.O. Incarnation,ONA,,,,anime,,,AnimeAV1,https://animeav1.com/media/aico-incarnation
animeav1-animegataris,Animegataris,TV,,,,anime,,,AnimeAV1,https://animeav1.com/media/animegataris
animeav1-ame-iro-cocoa-series-ame-con,Ame-iro Cocoa Series: Ame-con!!,TV,,,,anime,,,AnimeAV1,https://animeav1.com/media/ame-iro-cocoa-series-ame-con
animeav1-aho-girl,Aho Girl,TV,,,,anime,,,AnimeAV1,https://animeav1.com/media/aho-girl
animeav1-ani-ni-tsukeru-kusuri-wa-nai,Ani ni Tsukeru Kusuri wa Nai!,TV,,,,anime,,,AnimeAV1,https://animeav1.com/media/ani-ni-tsukeru-kusuri-wa-nai
animeav1-alice-to-zouroku,Alice to Zouroku,TV,,,,anime,,,AnimeAV1,https://animeav1.com/media/alice-to-zouroku
animeav1-ao-oni-the-animation-movie,Ao Oni The Animation (Movie),MOVIE,,,,anime,,,AnimeAV1,https://animeav1.com/media/ao-oni-the-animation-movie
animeav1-acca-13-ku-kansatsu-ka,ACCA: 13-ku Kansatsu-ka,TV,,,,anime,,,AnimeAV1,https://animeav1.com/media/acca-13-ku-kansatsu-ka
animeav1-ao-no-exorcist-kyoto-fujouou-hen,Ao no Exorcist: Kyoto Fujouou-hen,TV,,,,anime,,,AnimeAV1,https://animeav1.com/media/ao-no-exorcist-kyoto-fujouou-hen
animeav1-akibas-trip-the-animation,Akiba's Trip The Animation,TV,,,,anime,,,AnimeAV1,https://animeav1.com/media/akibas-trip-the-animation
animeav1-ajin-part-2,Ajin Part 2,TV,,,,anime,,,AnimeAV1,https://animeav1.com/media/ajin-part-2
animeav1-all-out,All Out!!,TV,,,,anime,,,AnimeAV1,https://animeav1.com/media/all-out
animeav1-ao-oni-the-animation,Ao Oni The Animation,TV,,,,anime,,,AnimeAV1,https://animeav1.com/media/ao-oni-the-animation
animeav1-ame-iro-cocoa-in-hawaii,Ame-iro Cocoa in Hawaii,TV,,,,anime,,,AnimeAV1,https://animeav1.com/media/ame-iro-cocoa-in-hawaii
animeav1-accel-world-infiniteburst,Accel World: Infinite Burst,Movie,,,,anime,,,AnimeAV1,https://animeav1.com/media/accel-world-infiniteburst
animeav1-active-raid-kidou-kyoushuushitsu-dai-hachi-gakari-2nd,Active Raid: Kidou Kyoushuushitsu Dai Hachi Gakari 2nd,TV,,,,anime,,,AnimeAV1,https://animeav1.com/media/active-raid-kidou-kyoushuushitsu-dai-hachi-gakari-2nd
animeav1-ange-vierge,Ange Vierge,TV,,,,anime,,,AnimeAV1,https://animeav1.com/media/ange-vierge
animeav1-amanchu,Amanchu!,TV,,,,anime,,,AnimeAV1,https://animeav1.com/media/amanchu
animeav1-amaama-to-inazuma,Amaama to Inazuma,TV,,,,anime,,,AnimeAV1,https://animeav1.com/media/amaama-to-inazuma
animeav1-arslan-senki-tv-fuujin-ranbu,Arslan Senki (TV): Fuujin Ranbu,TV,,,,anime,,,AnimeAV1,https://animeav1.com/media/arslan-senki-tv-fuujin-ranbu
animeav1-ajin-ova,Ajin OVA,OVA,,,,anime,,,AnimeAV1,https://animeav1.com/media/ajin-ova
animeav1-anne-happy,Anne Happy♪,TV,,,,anime,,,AnimeAV1,https://animeav1.com/media/anne-happy
animeav1-ajin,Ajin,TV,,,,anime,,,AnimeAV1,https://animeav1.com/media/ajin
animeav1-akagami-no-shirayuki-hime-2nd-season,Akagami no Shirayuki-hime 2nd Season,TV,,,,anime,,,AnimeAV1,https://animeav1.com/media/akagami-no-shirayuki-hime-2nd-season
animeav1-ao-no-kanata-no-four-rhythm,Ao no Kanata no Four Rhythm,TV,,,,anime,,,AnimeAV1,https://animeav1.com/media/ao-no-kanata-no-four-rhythm
animeav1-ansatsu-kyoushitsu-2nd-season,Ansatsu Kyoushitsu 2nd Season,TV,,,,anime,,,AnimeAV1,https://animeav1.com/media/ansatsu-kyoushitsu-2nd-season
animeav1-active-raid-kidou-kyoushuushitsu-dai-hachi-gakari,Active Raid: Kidou Kyoushuushitsu Dai Hachi Gakari,TV,,,,anime,,,AnimeAV1,https://animeav1.com/media/active-raid-kidou-kyoushuushitsu-dai-hachi-gakari
animeav1-akagami-no-shirayuki-hime-nandemonai-takaramono-kono-page,"Akagami no Shirayuki-hime: Nandemonai Takaramono, Kono Page",OVA,,,,anime,,,AnimeAV1,https://animeav1.com/media/akagami-no-shirayuki-hime-nandemonai-takaramono-kono-page
animeav1-ajin-part-1-shoudou,Ajin Part 1: Shoudou,Movie,,,,anime,,,AnimeAV1,https://animeav1.com/media/ajin-part-1-shoudou
animeav1-anitore-ex,Anitore! EX,TV,,,,anime,,,AnimeAV1,https://animeav1.com/media/anitore-ex
animeav1-aoki-hagane-no-arpeggio-ars-nova-movie-2-cadenza,Aoki Hagane no Arpeggio: Ars Nova Movie 2 - Cadenza,MOVIE,,,,anime,,,AnimeAV1,https://animeav1.com/media/aoki-hagane-no-arpeggio-ars-nova-movie-2-cadenza
animeav1-aria-the-avvenire,Aria the Avvenire,TV,,,,anime,,,AnimeAV1,https://animeav1.com/media/aria-the-avvenire
animeav1-akatsuki-no-yona-ova,Akatsuki no Yona OVA,OVA,,,,anime,,,AnimeAV1,https://animeav1.com/media/akatsuki-no-yona-ova
animeav1-akagami-no-shirayuki-hime,Akagami no Shirayuki-hime,TV,,,,anime,,,AnimeAV1,https://animeav1.com/media/akagami-no-shirayuki-hime
animeav1-ame-iro-cocoa,Ame-iro Cocoa,TV,,,,anime,,,AnimeAV1,https://animeav1.com/media/ame-iro-cocoa
animeav1-arslan-senki-tv,Arslan Senki (TV),TV,,,,anime,,,AnimeAV1,https://animeav1.com/media/arslan-senki-tv
animeav1-aki-no-kanade,Aki no Kanade,Movie,,,,anime,,,AnimeAV1,https://animeav1.com/media/aki-no-kanade
animeav1-anime-de-wakaru-shinryounaika,Anime de Wakaru Shinryounaika,ONA,,,,anime,,,AnimeAV1,https://animeav1.com/media/anime-de-wakaru-shinryounaika
animeav1-aoki-hagane-no-arpeggio-ars-nova-movie-1-dc,Aoki Hagane no Arpeggio: Ars Nova Movie 1 - DC,MOVIE,,,,anime,,,AnimeAV1,https://animeav1.com/media/aoki-hagane-no-arpeggio-ars-nova-movie-1-dc
animeav1-aldnoahzero-part-2,Aldnoah.Zero Part 2,TV,,,,anime,,,AnimeAV1,https://animeav1.com/media/aldnoahzero-part-2
animeav1-ansatsu-kyoushitsu,Ansatsu Kyoushitsu,TV,,,,anime,,,AnimeAV1,https://animeav1.com/media/ansatsu-kyoushitsu
animeav1-absolute-duo,Absolute Duo,TV,,,,anime,,,AnimeAV1,https://animeav1.com/media/absolute-duo
animeav1-akatsuki-no-yona,Akatsuki no Yona,TV,,,,anime,,,AnimeAV1,https://animeav1.com/media/akatsuki-no-yona
animeav1-amagi-brilliant-park,Amagi Brilliant Park,TV,,,,anime,,,AnimeAV1,https://animeav1.com/media/amagi-brilliant-park
animeav1-ane-log-moyako-neesan-no-tomaranai-monologue,Ane Log: Moyako Neesan no Tomaranai Monologue,OVA,,,,anime,,,AnimeAV1,https://animeav1.com/media/ane-log-moyako-neesan-no-tomaranai-monologue
animeav1-ao-haru-ride,Ao Haru Ride,TV,,,,anime,,,AnimeAV1,https://animeav1.com/media/ao-haru-ride
animeav1-akame-ga-kill,Akame ga Kill!,TV,,,,anime,,,AnimeAV1,https://animeav1.com/media/akame-ga-kill
animeav1-aldnoahzero,Aldnoah.Zero,TV,,,,anime,,,AnimeAV1,https://animeav1.com/media/aldnoahzero
animeav1-abarenbou-rikishi-matsutarou,Abarenbou Rikishi!! Matsutarou,TV,,,,anime,,,AnimeAV1,https://animeav1.com/media/abarenbou-rikishi-matsutarou
animeav1-akuma-no-riddle,Akuma no Riddle,TV,,,,anime,,,AnimeAV1,https://animeav1.com/media/akuma-no-riddle
animeav1-aoki-hagane-no-arpeggio-ars-nova,Aoki Hagane no Arpeggio: Ars Nova,TV,,,,anime,,,AnimeAV1,https://animeav1.com/media/aoki-hagane-no-arpeggio-ars-nova
animeav1-ano-hi-mita-hana-no-namae-wo-bokutachi-wa-mada-shiranai-movie,Ano Hi Mita Hana no Namae wo Bokutachi wa Mada Shiranai. Movie,MOVIE,,,,anime,,,AnimeAV1,https://animeav1.com/media/ano-hi-mita-hana-no-namae-wo-bokutachi-wa-mada-shiranai-movie
animeav1-ark-ix,Ark IX,OVA,,,,anime,,,AnimeAV1,https://animeav1.com/media/ark-ix
animeav1-aura-maryuuin-kouga-saigo-no-tatakai,Aura: Maryuuin Kouga Saigo no Tatakai,Movie,,,,anime,,,AnimeAV1,https://animeav1.com/media/aura-maryuuin-kouga-saigo-no-tatakai
animeav1-aiura,Aiura,TV,,,,anime,,,AnimeAV1,https://animeav1.com/media/aiura
animeav1-aku-no-hana,Aku no Hana,TV,,,,anime,,,AnimeAV1,https://animeav1.com/media/aku-no-hana
animeav1-arcana-famiglia-capriccio-stile-arcana-famiglia,Arcana Famiglia: Capriccio - stile Arcana Famiglia,OVA,,,,anime,,,AnimeAV1,https://animeav1.com/media/arcana-famiglia-capriccio-stile-arcana-famiglia
animeav1-arve-rezzle-kikaijikake-no-yousei-tachi,Arve Rezzle: Kikaijikake no Yousei-tachi,Movie,,,,anime,,,AnimeAV1,https://animeav1.com/media/arve-rezzle-kikaijikake-no-yousei-tachi
animeav1-amnesia,Amnesia,TV,,,,anime,,,AnimeAV1,https://animeav1.com/media/amnesia
animeav1-akb0048-next-stage,AKB0048: Next Stage,TV,,,,anime,,,AnimeAV1,https://animeav1.com/media/akb0048-next-stage
animeav1-ao-no-exorcist-movie,Ao no Exorcist Movie,MOVIE,,,,anime,,,AnimeAV1,https://animeav1.com/media/ao-no-exorcist-movie
animeav1-acchi-kocchi-placeprincess,Acchi Kocchi: Place=Princess,TV,,,,anime,,,AnimeAV1,https://animeav1.com/media/acchi-kocchi-placeprincess
animeav1-aoi-sekai-no-chuushin-de,Aoi Sekai no Chuushin de,ESPECIAL,,,,anime,,,AnimeAV1,https://animeav1.com/media/aoi-sekai-no-chuushin-de
animeav1-arata-naru-sekai-worldsstartloadend,Arata naru Sekai: World's/Start/Load/End,OVA,,,,anime,,,AnimeAV1,https://animeav1.com/media/arata-naru-sekai-worldsstartloadend
animeav1-asura,Asura,Movie,,,,anime,,,AnimeAV1,https://animeav1.com/media/asura
animeav1-accel-world-ex,Accel World EX,OVA,,,,anime,,,AnimeAV1,https://animeav1.com/media/accel-world-ex
animeav1-accel-world-acchel-world,Accel World: Acchel World.,TV,,,,anime,,,AnimeAV1,https://animeav1.com/media/accel-world-acchel-world
animeav1-arcana-famiglia,Arcana Famiglia,TV,,,,anime,,,AnimeAV1,https://animeav1.com/media/arcana-famiglia
animeav1-asa-made-jugyou-chu,Asa made Jugyou Chu!,OVA,,,,anime,,,AnimeAV1,https://animeav1.com/media/asa-made-jugyou-chu
animeav1-another-the-other-inga,Another: The Other - Inga,OVA,,,,anime,,,AnimeAV1,https://animeav1.com/media/another-the-other-inga
animeav1-akb0048,AKB0048,TV,,,,anime,,,AnimeAV1,https://animeav1.com/media/akb0048
animeav1-accel-world,Accel World,TV,,,,anime,,,AnimeAV1,https://animeav1.com/media/accel-world
animeav1-acchi-kocchi,Acchi Kocchi,TV,,,,anime,,,AnimeAV1,https://animeav1.com/media/acchi-kocchi
animeav1-amagami-ss-plus-extra-episode-plus,Amagami SS Plus Especial,ESPECIAL,,,,anime,,,AnimeAV1,https://animeav1.com/media/amagami-ss-plus-extra-episode-plus
animeav1-arashi-no-yoru-ni-himitsu-no-tomodachi,Arashi no Yoru ni: Himitsu no Tomodachi,TV,,,,anime,,,AnimeAV1,https://animeav1.com/media/arashi-no-yoru-ni-himitsu-no-tomodachi
animeav1-a-channelsmile,A-Channel+smile,OVA,,,,anime,,,AnimeAV1,https://animeav1.com/media/a-channelsmile
animeav1-ano-natsu-de-matteru,Ano Natsu de Matteru,TV,,,,anime,,,AnimeAV1,https://animeav1.com/media/ano-natsu-de-matteru
animeav1-another,Another,TV,,,,anime,,,AnimeAV1,https://animeav1.com/media/another
animeav1-aquarion-evol,Aquarion Evol,TV,,,,anime,,,AnimeAV1,https://animeav1.com/media/aquarion-evol
animeav1-area-no-kishi,Area no Kishi,TV,,,,anime,,,AnimeAV1,https://animeav1.com/media/area-no-kishi
animeav1-amagami-ss-plus,Amagami SS+ Plus,TV,,,,anime,,,AnimeAV1,https://animeav1.com/media/amagami-ss-plus
animeav1-astarotte-no-omocha-ex,Astarotte no Omocha! EX,OVA,,,,anime,,,AnimeAV1,https://animeav1.com/media/astarotte-no-omocha-ex
animeav1-ao-no-exorcist,Ao no Exorcist,TV,,,,anime,,,AnimeAV1,https://animeav1.com/media/ao-no-exorcist
animeav1-ano-hi-mita-hana-no-namae-wo-bokutachi-wa-mada-shiranai,Ano Hi Mita Hana no Namae wo Bokutachi wa Mada Shiranai.,TV,,,,anime,,,AnimeAV1,https://animeav1.com/media/ano-hi-mita-hana-no-namae-wo-bokutachi-wa-mada-shiranai
animeav1-astarotte-no-omocha,Astarotte no Omocha!,TV,,,,anime,,,AnimeAV1,https://animeav1.com/media/astarotte-no-omocha
animeav1-a-channel,A-Channel,TV,,,,anime,,,AnimeAV1,https://animeav1.com/media/a-channel
animeav1-aa-megami-sama-2011,Aa! Megami-sama! (2011),OVA,,2011,,anime,,,AnimeAV1,https://animeav1.com/media/aa-megami-sama-2011
animeav1-angel-beats-another-epilogue,Angel Beats! Another Epilogue,TV,,,,anime,,,AnimeAV1,https://animeav1.com/media/angel-beats-another-epilogue
animeav1-angel-beats-specials,Angel Beats! Specials,TV,,,,anime,,,AnimeAV1,https://animeav1.com/media/angel-beats-specials
animeav1-air-gear-kuro-no-hane-to-nemuri-no-mori-break-on-the-sky,Air Gear: Kuro no Hane to Nemuri no Mori - Break on the Sky,OVA,,,,anime,,,AnimeAV1,https://animeav1.com/media/air-gear-kuro-no-hane-to-nemuri-no-mori-break-on-the-sky
animeav1-arakawa-under-the-bridge-x-bridge,Arakawa Under the Bridge x Bridge,TV,,,,anime,,,AnimeAV1,https://animeav1.com/media/arakawa-under-the-bridge-x-bridge
animeav1-aki-sora-yume-no-naka,Aki-Sora: Yume no Naka,OVA,,,,anime,,,AnimeAV1,https://animeav1.com/media/aki-sora-yume-no-naka
animeav1-asobi-ni-iku-yo,Asobi ni Iku yo!,TV,,,,anime,,,AnimeAV1,https://animeav1.com/media/asobi-ni-iku-yo
animeav1-amagami-ss,Amagami SS,TV,,,,anime,,,AnimeAV1,https://animeav1.com/media/amagami-ss
animeav1-arakawa-under-the-bridge,Arakawa Under the Bridge,TV,,,,anime,,,AnimeAV1,https://animeav1.com/media/arakawa-under-the-bridge
animeav1-angel-beats,Angel Beats!,TV,,,,anime,,,AnimeAV1,https://animeav1.com/media/angel-beats
animeav1-aki-sora,Aki-Sora,OVA,,,,anime,,,AnimeAV1,https://animeav1.com/media/aki-sora
animeav1-aoi-bungaku-series,Aoi Bungaku Series,TV,,,,anime,,,AnimeAV1,https://animeav1.com/media/aoi-bungaku-series
animeav1-asura-cryin-2,Asura Cryin' 2,TV,,,,anime,,,AnimeAV1,https://animeav1.com/media/asura-cryin-2
animeav1-aika-zero,AIKa Zero,OVA,,,,anime,,,AnimeAV1,https://animeav1.com/media/aika-zero
animeav1-aoi-hana,Aoi Hana,TV,,,,anime,,,AnimeAV1,https://animeav1.com/media/aoi-hana
animeav1-asura-cryin,Asura Cryin',TV,,,,anime,,,AnimeAV1,https://animeav1.com/media/asura-cryin
animeav1-afro-samurai-resurrection,Afro Samurai: Resurrection,Movie,,,,anime,,,AnimeAV1,https://animeav1.com/media/afro-samurai-resurrection
animeav1-asu-no-yoichi,Asu no Yoichi!,TV,,,,anime,,,AnimeAV1,https://animeav1.com/media/asu-no-yoichi
animeav1-akikan,Akikan!,TV,,,,anime,,,AnimeAV1,https://animeav1.com/media/akikan
animeav1-akaneiro-ni-somaru-saka,Akaneiro ni Somaru Saka,TV,,,,anime,,,AnimeAV1,https://animeav1.com/media/akaneiro-ni-somaru-saka
animeav1-amatsuki,Amatsuki,TV,,,,anime,,,AnimeAV1,https://animeav1.com/media/amatsuki
animeav1-allison-to-lillia,Allison to Lillia,TV,,,,anime,,,AnimeAV1,https://animeav1.com/media/allison-to-lillia
animeav1-aria-the-origination,Aria the Origination,TV,,,,anime,,,AnimeAV1,https://animeav1.com/media/aria-the-origination
animeav1-aa-megami-sama-tatakau-tsubasa,Aa! Megami-sama! Tatakau Tsubasa,ESPECIAL,,,,anime,,,AnimeAV1,https://animeav1.com/media/aa-megami-sama-tatakau-tsubasa
animeav1-appleseed-saga-ex-machina,Appleseed Saga Ex Machina,Movie,,,,anime,,,AnimeAV1,https://animeav1.com/media/appleseed-saga-ex-machina
animeav1-aquarion-movie-ippatsu-gyakuten-hen,Aquarion Movie: Ippatsu Gyakuten-hen,MOVIE,,,,anime,,,AnimeAV1,https://animeav1.com/media/aquarion-movie-ippatsu-gyakuten-hen
animeav1-aria-the-ova-arietta,Aria the OVA: Arietta,OVA,,,,anime,,,AnimeAV1,https://animeav1.com/media/aria-the-ova-arietta
animeav1-afro-samurai,Afro Samurai,TV,,,,anime,,,AnimeAV1,https://animeav1.com/media/afro-samurai
animeav1-aika-r-16-virgin-mission,AIKa R-16: Virgin Mission,OVA,,,,anime,,,AnimeAV1,https://animeav1.com/media/aika-r-16-virgin-mission
animeav1-asatte-no-houkou,Asatte no Houkou.,TV,,,,anime,,,AnimeAV1,https://animeav1.com/media/asatte-no-houkou
animeav1-aa-megami-sama-sorezore-no-tsubasa,Aa! Megami-sama! Sorezore no Tsubasa,TV,,,,anime,,,AnimeAV1,https://animeav1.com/media/aa-megami-sama-sorezore-no-tsubasa
animeav1-air-gear,Air Gear,TV,,,,anime,,,AnimeAV1,https://animeav1.com/media/air-gear
animeav1-aria-the-natural,Aria the Natural,TV,,,,anime,,,AnimeAV1,https://animeav1.com/media/aria-the-natural
animeav1-ayakashi-japanese-classic-horror,Ayakashi: Japanese Classic Horror,TV,,,,drama,,,AnimeAV1,https://animeav1.com/media/ayakashi-japanese-classic-horror
animeav1-amaenaide-yo-katsu,Amaenaide yo!! Katsu!!,TV,,,,anime,,,AnimeAV1,https://animeav1.com/media/amaenaide-yo-katsu
animeav1-arashi-no-yoru-ni,Arashi no Yoru ni,Movie,,,,anime,,,AnimeAV1,https://animeav1.com/media/arashi-no-yoru-ni
animeav1-aria-the-animation,Aria the Animation,TV,,,,anime,,,AnimeAV1,https://animeav1.com/media/aria-the-animation
animeav1-air-in-summer,Air in Summer,TV,,,,anime,,,AnimeAV1,https://animeav1.com/media/air-in-summer
animeav1-air-movie,Air Movie,MOVIE,,,,anime,,,AnimeAV1,https://animeav1.com/media/air-movie
animeav1-aa-megami-sama-tv,Aa! Megami-sama! (TV),TV,,,,anime,,,AnimeAV1,https://animeav1.com/media/aa-megami-sama-tv
animeav1-air,Air TV,TV,,,,anime,,,AnimeAV1,https://animeav1.com/media/air
animeav1-akane-maniax,Akane Maniax,OVA,,,,anime,,,AnimeAV1,https://animeav1.com/media/akane-maniax
animeav1-appleseed-movie,Appleseed (Movie),MOVIE,,,,anime,,,AnimeAV1,https://animeav1.com/media/appleseed-movie
animeav1-aishiteruze-baby,Aishiteruze Baby,TV,,,,anime,,,AnimeAV1,https://animeav1.com/media/aishiteruze-baby
animeav1-area-88-tv,Area 88 (TV),TV,,,,anime,,,AnimeAV1,https://animeav1.com/media/area-88-tv
animeav1-ai-yori-aoshi-enishi,Ai Yori Aoshi: Enishi,TV,,,,anime,,,AnimeAV1,https://animeav1.com/media/ai-yori-aoshi-enishi
animeav1-avenger,Avenger,TV,,,,anime,,,AnimeAV1,https://animeav1.com/media/avenger
animeav1-air-master,Air Master,TV,,,,anime,,,AnimeAV1,https://animeav1.com/media/air-master
animeav1-ashita-no-nadja,Ashita no Nadja,TV,,,,anime,,,AnimeAV1,https://animeav1.com/media/ashita-no-nadja
animeav1-asagiri-no-miko,Asagiri no Miko,TV,,,,anime,,,AnimeAV1,https://animeav1.com/media/asagiri-no-miko
animeav1-ai-yori-aoshi,Ai Yori Aoshi,TV,,,,anime,,,AnimeAV1,https://animeav1.com/media/ai-yori-aoshi
animeav1-azumanga-daiou-the-animation,Azumanga Daiou: Gekijou Tanpen,TV,,,,anime,,,AnimeAV1,https://animeav1.com/media/azumanga-daiou-the-animation
animeav1-abenobashi-mahoushoutengai,Abenobashi Mahou Shoutengai,TV,,,,anime,,,AnimeAV1,https://animeav1.com/media/abenobashi-mahoushoutengai
animeav1-argento-soma-hitori-to-hitori,Argento Soma: Hitori to Hitori,TV,,,,anime,,,AnimeAV1,https://animeav1.com/media/argento-soma-hitori-to-hitori
animeav1-azumanga-daiou-gekijou-tanpen,Azumanga Daiou The Animation,TV,,,,anime,,,AnimeAV1,https://animeav1.com/media/azumanga-daiou-gekijou-tanpen
animeav1-alien-9,Alien 9,OVA,,,,anime,,,AnimeAV1,https://animeav1.com/media/alien-9
animeav1-azumanga-web-daiou,Azumanga Web Daiou,ONA,,,,anime,,,AnimeAV1,https://animeav1.com/media/azumanga-web-daiou
animeav1-aa-megami-sama-movie,Aa! Megami-sama! Movie,MOVIE,,,,anime,,,AnimeAV1,https://animeav1.com/media/aa-megami-sama-movie
animeav1-argento-soma,Argento Soma,TV,,,,anime,,,AnimeAV1,https://animeav1.com/media/argento-soma
animeav1-amon-devilman-mokushiroku,Amon: Devilman Mokushiroku,OVA,,,,anime,,,AnimeAV1,https://animeav1.com/media/amon-devilman-mokushiroku
animeav1-ayashi-no-ceres,Ayashi no Ceres,TV,,,,anime,,,AnimeAV1,https://animeav1.com/media/ayashi-no-ceres
animeav1-akihabara-dennou-gumi-2011-nen-no-natsuyasumi,Akihabara Dennou-gumi: 2011-nen no Natsuyasumi,Movie,,2011,,anime,,,AnimeAV1,https://animeav1.com/media/akihabara-dennou-gumi-2011-nen-no-natsuyasumi
animeav1-ad-police-tv,A.D. Police (TV),TV,,,,anime,,,AnimeAV1,https://animeav1.com/media/ad-police-tv
animeav1-ao-no-6-gou,Ao no 6-gou,OVA,,,,anime,,,AnimeAV1,https://animeav1.com/media/ao-no-6-gou
animeav1-android-ana-maico-2010,Android Ana Maico 2010,TV,,2010,,anime,,,AnimeAV1,https://animeav1.com/media/android-ana-maico-2010
animeav1-akihabara-dennou-gumi,Akihabara Dennou-gumi,TV,,,,anime,,,AnimeAV1,https://animeav1.com/media/akihabara-dennou-gumi
animeav1-aika,AIKa,OVA,,,,anime,,,AnimeAV1,https://animeav1.com/media/aika
animeav1-angel-densetsu,Angel Densetsu,OVA,,,,anime,,,AnimeAV1,https://animeav1.com/media/angel-densetsu
animeav1-armitage-iii-poly-matrix,Armitage III: Poly-Matrix,Movie,,,,anime,,,AnimeAV1,https://animeav1.com/media/armitage-iii-poly-matrix
animeav1-armitage-iii,Armitage III,OVA,,,,anime,,,AnimeAV1,https://animeav1.com/media/armitage-iii
animeav1-aa-megami-sama,Aa! Megami-sama!,OVA,,,,anime,,,AnimeAV1,https://animeav1.com/media/aa-megami-sama
animeav1-a-ko-the-versus,A-Ko The Versus,OVA,,,,anime,,,AnimeAV1,https://animeav1.com/media/a-ko-the-versus
animeav1-ad-police,AD Police,OVA,,,,anime,,,AnimeAV1,https://animeav1.com/media/ad-police
animeav1-angel-cop,Angel Cop,OVA,,,,anime,,,AnimeAV1,https://animeav1.com/media/angel-cop
animeav1-akira,Akira,Movie,,,,anime,,,AnimeAV1,https://animeav1.com/media/akira
animeav1-appleseed,Appleseed,OVA,,,,anime,,,AnimeAV1,https://animeav1.com/media/appleseed
animeav1-area-88,Area 88,OVA,,,,anime,,,AnimeAV1,https://animeav1.com/media/area-88
animeav1-ashita-no-joe-2-movie,Ashita no Joe 2 (Movie),MOVIE,,,,anime,,,AnimeAV1,https://animeav1.com/media/ashita-no-joe-2-movie
animeav1-ashita-no-joe-2,Ashita no Joe 2,TV,,,,anime,,,AnimeAV1,https://animeav1.com/media/ashita-no-joe-2
animeav1-ashita-no-joe-movie,Ashita no Joe (Movie),MOVIE,,,,anime,,,AnimeAV1,https://animeav1.com/media/ashita-no-joe-movie
animeav1-akage-no-anne,Akage no Anne,TV,,,,anime,,,AnimeAV1,https://animeav1.com/media/akage-no-anne
animeav1-ace-wo-nerae,Ace wo Nerae!,TV,,,,anime,,,AnimeAV1,https://animeav1.com/media/ace-wo-nerae
animeav1-ashita-no-joe,Ashita no Joe,TV,,,,anime,,,AnimeAV1,https://animeav1.com/media/ashita-no-joe
animeav1-buchigire-reijou-wa-houfuku-wo-chikaimashita-madousho-no-chikara-de-sokoku-wo-tatakitsubushimasu,Buchigire Reijou wa Houfuku wo Chikaimashita. Madousho no Chikara de Sokoku wo Tatakitsubushimasu,TV,,,,anime,,,AnimeAV1,https://animeav1.com/media/buchigire-reijou-wa-houfuku-wo-chikaimashita-madousho-no-chikara-de-sokoku-wo-tatakitsubushimasu
animeav1-black-torch,Black Torch,TV,,,,anime,,,AnimeAV1,https://animeav1.com/media/black-torch
animeav1-bai-ri-cheng-wang,Bai Ri Cheng Wang,ONA,,,,anime,,,AnimeAV1,https://animeav1.com/media/bai-ri-cheng-wang
animeav1-bang-dream-yumemita,BanG Dream! Yume∞Mita,TV,,,,anime,,,AnimeAV1,https://animeav1.com/media/bang-dream-yumemita
animeav1-bungou-stray-dogs-wan-2,Bungou Stray Dogs Wan! 2,TV,,,,anime,,,AnimeAV1,https://animeav1.com/media/bungou-stray-dogs-wan-2
animeav1-boku-no-hero-academia-more,Boku no Hero Academia: More,ESPECIAL,,,,anime,,,AnimeAV1,https://animeav1.com/media/boku-no-hero-academia-more
animeav1-beastars-final-season-part-2,Beastars Final Season Part 2,ONA,,,,anime,,,AnimeAV1,https://animeav1.com/media/beastars-final-season-part-2
animeav1-baki-dou,Baki-dou,ONA,,,,anime,,,AnimeAV1,https://animeav1.com/media/baki-dou
animeav1-boku-no-hero-academia-final-season,Boku no Hero Academia: Final Season,TV,,,,anime,,,AnimeAV1,https://animeav1.com/media/boku-no-hero-academia-final-season
animeav1-bukiyou-na-senpai,Bukiyou na Senpai.,TV,,,,anime,,,AnimeAV1,https://animeav1.com/media/bukiyou-na-senpai
animeav1-bulletbullet,Bullet/Bullet,ONA,,,,anime,,,AnimeAV1,https://animeav1.com/media/bulletbullet
animeav1-bad-girl,Bad Girl,TV,,,,anime,,,AnimeAV1,https://animeav1.com/media/bad-girl
animeav1-busamen-gachi-fighter,Busamen Gachi Fighter,TV,,,,anime,,,AnimeAV1,https://animeav1.com/media/busamen-gachi-fighter
animeav1-busu-ni-hanataba-wo,Busu ni Hanataba wo.,TV,,,,anime,,,AnimeAV1,https://animeav1.com/media/busu-ni-hanataba-wo
animeav1-bye-bye-earth-2nd-season,"Bye Bye, Earth 2nd Season",TV,,,,anime,,,AnimeAV1,https://animeav1.com/media/bye-bye-earth-2nd-season
animeav1-ballpark-de-tsukamaete,Ballpark de Tsukamaete!,TV,,,,anime,,,AnimeAV1,https://animeav1.com/media/ballpark-de-tsukamaete
animeav1-babanbabanban-vampire,Babanbabanban Vampire,TV,,,,anime,,,AnimeAV1,https://animeav1.com/media/babanbabanban-vampire
animeav1-botsuraku-yotei-no-kizoku-dakedo,"Botsuraku Yotei no Kizoku dakedo, Hima Datta kara Mahou wo Kiwametemita",TV,,,,anime,,,AnimeAV1,https://animeav1.com/media/botsuraku-yotei-no-kizoku-dakedo
animeav1-bang-dream-ave-mujica,BanG Dream! Ave Mujica,TV,,,,anime,,,AnimeAV1,https://animeav1.com/media/bang-dream-ave-mujica
animeav1-beastars-final-season,Beastars Final Season,ONA,,,,anime,,,AnimeAV1,https://animeav1.com/media/beastars-final-season
animeav1-blue-lock-vs-u-20-japan,Blue Lock vs. U-20 Japan,TV,,,,anime,,,AnimeAV1,https://animeav1.com/media/blue-lock-vs-u-20-japan
animeav1-bleach-sennen-kessen-hen-soukoku-tan,Bleach: Sennen Kessen-hen - Soukoku-tan,TV,,,,anime,,,AnimeAV1,https://animeav1.com/media/bleach-sennen-kessen-hen-soukoku-tan
animeav1-boku-no-hero-academia-the-movie-4-youre-next,Boku no Hero Academia the Movie 4: You're Next,MOVIE,,,,anime,,,AnimeAV1,https://animeav1.com/media/boku-no-hero-academia-the-movie-4-youre-next
animeav1-bye-bye-earth,"Bye Bye, Earth",TV,,,,anime,,,AnimeAV1,https://animeav1.com/media/bye-bye-earth
animeav1-boku-no-tsuma-wa-kanjou-ga-nai,Boku no Tsuma wa Kanjou ga Nai,TV,,,,anime,,,AnimeAV1,https://animeav1.com/media/boku-no-tsuma-wa-kanjou-ga-nai
animeav1-boku-no-hero-academia-7th-season,Boku no Hero Academia 7th Season,TV,,,,anime,,,AnimeAV1,https://animeav1.com/media/boku-no-hero-academia-7th-season
animeav1-blue-lock-episode-nagi,Blue Lock: Episode Nagi,Movie,,,,anime,,,AnimeAV1,https://animeav1.com/media/blue-lock-episode-nagi
animeav1-boukyaku-battery-tv,Boukyaku Battery (TV),TV,,,,anime,,,AnimeAV1,https://animeav1.com/media/boukyaku-battery-tv
animeav1-blue-archive-the-animation,Blue Archive the Animation,TV,,,,anime,,,AnimeAV1,https://animeav1.com/media/blue-archive-the-animation
animeav1-boku-no-hero-academia-memories,Boku no Hero Academia: Memories,ESPECIAL,,,,anime,,,AnimeAV1,https://animeav1.com/media/boku-no-hero-academia-memories
animeav1-bartender-kami-no-glass,Bartender: Kami no Glass,TV,,,,anime,,,AnimeAV1,https://animeav1.com/media/bartender-kami-no-glass
animeav1-bucchigiri,Bucchigiri?!,TV,,,,anime,,,AnimeAV1,https://animeav1.com/media/bucchigiri
animeav1-burn-the-witch-08,Burn the Witch #0.8,ESPECIAL,,,,anime,,,AnimeAV1,https://animeav1.com/media/burn-the-witch-08
animeav1-boku-no-kokoro-no-yabai-yatsu-twi-yaba,Boku no Kokoro no Yabai Yatsu: Twi-Yaba,ONA,,,,anime,,,AnimeAV1,https://animeav1.com/media/boku-no-kokoro-no-yabai-yatsu-twi-yaba
animeav1-boku-no-hero-academia-ua-heroes-battle,Boku no Hero Academia: UA Heroes Battle,Movie,,,,anime,,,AnimeAV1,https://animeav1.com/media/boku-no-hero-academia-ua-heroes-battle
animeav1-bokura-no-ame-iro-protocol,Bokura no Ame-iro Protocol,TV,,,,anime,,,AnimeAV1,https://animeav1.com/media/bokura-no-ame-iro-protocol
animeav1-buta-no-liver-wa-kanetsu-shiro,Buta no Liver wa Kanetsu Shiro,TV,,,,anime,,,AnimeAV1,https://animeav1.com/media/buta-no-liver-wa-kanetsu-shiro
animeav1-boushoku-no-berserk,Boushoku no Berserk,TV,,,,anime,,,AnimeAV1,https://animeav1.com/media/boushoku-no-berserk
animeav1-bullbuster,Bullbuster,TV,,,,anime,,,AnimeAV1,https://animeav1.com/media/bullbuster
animeav1-boukensha-ni-naritai-to-miyako-ni-deteitta-musume-ga-s-rank-ni-natteta,Boukensha ni Naritai to Miyako ni Deteitta Musume ga S-Rank ni Natteta,TV,,,,anime,,,AnimeAV1,https://animeav1.com/media/boukensha-ni-naritai-to-miyako-ni-deteitta-musume-ga-s-rank-ni-natteta
animeav1-bastard-ankoku-no-hakaishin-jigoku-no-chinkonka-hen,Bastard!! Ankoku no Hakaishin: Jigoku no Chinkonka-hen,ONA,,,,anime,,,AnimeAV1,https://animeav1.com/media/bastard-ankoku-no-hakaishin-jigoku-no-chinkonka-hen
animeav1-bungou-stray-dogs-5th-season,Bungou Stray Dogs 5th Season,TV,,,,anime,,,AnimeAV1,https://animeav1.com/media/bungou-stray-dogs-5th-season
animeav1-bleach-sennen-kessen-hen-ketsubetsu-tan,Bleach: Sennen Kessen-hen - Ketsubetsu-tan,TV,,,,anime,,,AnimeAV1,https://animeav1.com/media/bleach-sennen-kessen-hen-ketsubetsu-tan
animeav1-bang-dream-its-mygo,BanG Dream! It's MyGO!!!!!,TV,,,,anime,,,AnimeAV1,https://animeav1.com/media/bang-dream-its-mygo
animeav1-black-clover-mahou-tei-no-ken,Black Clover: Mahou Tei no Ken,Movie,,,,anime,,,AnimeAV1,https://animeav1.com/media/black-clover-mahou-tei-no-ken
animeav1-bishoujo-senshi-sailor-moon-cosmos-movie,Bishoujo Senshi Sailor Moon Cosmos Movie,MOVIE,,,,anime,,,AnimeAV1,https://animeav1.com/media/bishoujo-senshi-sailor-moon-cosmos-movie
animeav1-biao-ren,Biao Ren,ONA,,,,anime,,,AnimeAV1,https://animeav1.com/media/biao-ren
animeav1-birdie-wing-golf-girls-story-season-2,Birdie Wing: Golf Girls' Story Season 2,TV,,,,anime,,,AnimeAV1,https://animeav1.com/media/birdie-wing-golf-girls-story-season-2
animeav1-boku-no-kokoro-no-yabai-yatsu,Boku no Kokoro no Yabai Yatsu,TV,,,,anime,,,AnimeAV1,https://animeav1.com/media/boku-no-kokoro-no-yabai-yatsu
animeav1-buddy-daddies-intermission-cherry-pick,Buddy Daddies Intermission: Cherry-Pick,ESPECIAL,,,,anime,,,AnimeAV1,https://animeav1.com/media/buddy-daddies-intermission-cherry-pick
animeav1-benriya-saitou-san-isekai-ni-iku,"Benriya Saitou-san, Isekai ni Iku",TV,,,,fantasy,,,AnimeAV1,https://animeav1.com/media/benriya-saitou-san-isekai-ni-iku
animeav1-buddy-daddies,Buddy Daddies,TV,,,,anime,,,AnimeAV1,https://animeav1.com/media/buddy-daddies
animeav1-bungou-stray-dogs-4th-season,Bungou Stray Dogs 4th Season,TV,,,,anime,,,AnimeAV1,https://animeav1.com/media/bungou-stray-dogs-4th-season
animeav1-bleach-sennen-kessen-hen,Bleach: Sennen Kessen-hen,TV,,,,anime,,,AnimeAV1,https://animeav1.com/media/bleach-sennen-kessen-hen
animeav1-blue-lock,Blue Lock,TV,,,,anime,,,AnimeAV1,https://animeav1.com/media/blue-lock
animeav1-bocchi-the-rock,Bocchi the Rock!,TV,,,,anime,,,AnimeAV1,https://animeav1.com/media/bocchi-the-rock
animeav1-boku-ga-aishita-subete-no-kimi-e,Boku ga Aishita Subete no Kimi e,Movie,,,,anime,,,AnimeAV1,https://animeav1.com/media/boku-ga-aishita-subete-no-kimi-e
animeav1-berserk-ougon-jidai-hen-memorial-edition,Berserk: Ougon Jidai-hen - Memorial Edition,TV,,,,anime,,,AnimeAV1,https://animeav1.com/media/berserk-ougon-jidai-hen-memorial-edition
animeav1-boku-no-hero-academia-6th-season,Boku no Hero Academia 6th Season,TV,,,,anime,,,AnimeAV1,https://animeav1.com/media/boku-no-hero-academia-6th-season
animeav1-bastard-ankoku-no-hakaishin-part-2-ona,Bastard!! Ankoku no Hakaishin Part 2 (ONA),ONA,,,,anime,,,AnimeAV1,https://animeav1.com/media/bastard-ankoku-no-hakaishin-part-2-ona
animeav1-bakuten-movie,Bakuten!! Movie,MOVIE,,,,anime,,,AnimeAV1,https://animeav1.com/media/bakuten-movie
animeav1-bastard-ankoku-no-hakaishin-ona,Bastard!! Ankoku no Hakaishin (ONA),ONA,,,,anime,,,AnimeAV1,https://animeav1.com/media/bastard-ankoku-no-hakaishin-ona
animeav1-boku-no-hero-academia-ona,Boku no Hero Academia (ONA),ONA,,,,anime,,,AnimeAV1,https://animeav1.com/media/boku-no-hero-academia-ona
animeav1-bubble,Bubble,ONA,,,,anime,,,AnimeAV1,https://animeav1.com/media/bubble
animeav1-birdie-wing-golf-girls-story,Birdie Wing: Golf Girls' Story,TV,,,,anime,,,AnimeAV1,https://animeav1.com/media/birdie-wing-golf-girls-story
animeav1-build-divide-code-white,Build Divide: Code White,TV,,,,anime,,,AnimeAV1,https://animeav1.com/media/build-divide-code-white
animeav1-blackrock-shooter-dawn-fall,Black★★Rock Shooter: Dawn Fall,TV,,,,anime,,,AnimeAV1,https://animeav1.com/media/blackrock-shooter-dawn-fall
animeav1-baraou-no-souretsu,Baraou no Souretsu,TV,,,,anime,,,AnimeAV1,https://animeav1.com/media/baraou-no-souretsu
animeav1-bang-dream-movie-poppin-dream,BanG Dream! Movie: Poppin' Dream!,MOVIE,,,,anime,,,AnimeAV1,https://animeav1.com/media/bang-dream-movie-poppin-dream
animeav1-build-divide-code-black,Build Divide: Code Black,TV,,,,anime,,,AnimeAV1,https://animeav1.com/media/build-divide-code-black
animeav1-bang-dream-garupapico-fever,BanG Dream! Garupa☆Pico Fever!,ONA,,,,anime,,,AnimeAV1,https://animeav1.com/media/bang-dream-garupapico-fever
animeav1-blue-period,Blue Period,TV,,,,anime,,,AnimeAV1,https://animeav1.com/media/blue-period
animeav1-bang-dream-film-live-2nd-stage,BanG Dream! Film Live 2nd Stage,Movie,,,,anime,,,AnimeAV1,https://animeav1.com/media/bang-dream-film-live-2nd-stage
animeav1-boku-no-hero-academia-the-movie-3-world-heroes-mission,Boku no Hero Academia the Movie 3: World Heroes' Mission,MOVIE,,,,anime,,,AnimeAV1,https://animeav1.com/media/boku-no-hero-academia-the-movie-3-world-heroes-mission
animeav1-bokutachi-no-remake,Bokutachi no Remake,TV,,,,anime,,,AnimeAV1,https://animeav1.com/media/bokutachi-no-remake
animeav1-bishounen-tanteidan,Bishounen Tanteidan,TV,,,,anime,,,AnimeAV1,https://animeav1.com/media/bishounen-tanteidan
animeav1-battle-athletess-daiundoukai-restart,Battle Athletess Daiundoukai ReSTART!,TV,,,,anime,,,AnimeAV1,https://animeav1.com/media/battle-athletess-daiundoukai-restart
animeav1-bakuten,Bakuten!!,TV,,,,anime,,,AnimeAV1,https://animeav1.com/media/bakuten
animeav1-boku-no-hero-academia-5th-season,Boku no Hero Academia 5th Season,TV,,,,anime,,,AnimeAV1,https://animeav1.com/media/boku-no-hero-academia-5th-season
animeav1-b-the-beginning-succession,B: The Beginning Succession,ONA,,,,anime,,,AnimeAV1,https://animeav1.com/media/b-the-beginning-succession
animeav1-bishoujo-senshi-sailor-moon-eternal-movie-2,Bishoujo Senshi Sailor Moon Eternal Movie 2,MOVIE,,,,anime,,,AnimeAV1,https://animeav1.com/media/bishoujo-senshi-sailor-moon-eternal-movie-2
animeav1-bishoujo-senshi-sailor-moon-eternal-movie-1,Bishoujo Senshi Sailor Moon Eternal Movie 1,MOVIE,,,,anime,,,AnimeAV1,https://animeav1.com/media/bishoujo-senshi-sailor-moon-eternal-movie-1
animeav1-beastars-2nd-season,Beastars 2nd Season,TV,,,,anime,,,AnimeAV1,https://animeav1.com/media/beastars-2nd-season
animeav1-bem-movie-become-human,Bem Movie: Become Human,MOVIE,,,,anime,,,AnimeAV1,https://animeav1.com/media/bem-movie-become-human
animeav1-burn-the-witch,Burn the Witch,ONA,,,,anime,,,AnimeAV1,https://animeav1.com/media/burn-the-witch
animeav1-boku-no-hero-academia-ikinokore-kesshi-no-survival-kunren,Boku no Hero Academia: Ikinokore! Kesshi no Survival Kunren,ONA,,,,anime,,,AnimeAV1,https://animeav1.com/media/boku-no-hero-academia-ikinokore-kesshi-no-survival-kunren
animeav1-baki-dai-raitaisai-hen,Baki: Dai Raitaisai-hen,ONA,,,,anime,,,AnimeAV1,https://animeav1.com/media/baki-dai-raitaisai-hen
animeav1-bang-dream-garupapico-oomori,BanG Dream! Garupa☆Pico: Oomori,ONA,,,,anime,,,AnimeAV1,https://animeav1.com/media/bang-dream-garupapico-oomori
animeav1-bna,BNA,TV,,,,anime,,,AnimeAV1,https://animeav1.com/media/bna
animeav1-bokutachi-wa-benkyou-ga-dekinai-chapel-no-kane-wa-x-wo-shukufuku-suru,Bokutachi wa Benkyou ga Dekinai! Chapel no Kane wa [X] wo Shukufuku Suru,OVA,,,,anime,,,AnimeAV1,https://animeav1.com/media/bokutachi-wa-benkyou-ga-dekinai-chapel-no-kane-wa-x-wo-shukufuku-suru
animeav1-bang-dream-3rd-season,BanG Dream! 3rd Season,TV,,,,anime,,,AnimeAV1,https://animeav1.com/media/bang-dream-3rd-season
animeav1-boku-no-tonari-ni-ankoku-hakaishin-ga-imasu,Boku no Tonari ni Ankoku Hakaishin ga Imasu.,TV,,,,anime,,,AnimeAV1,https://animeav1.com/media/boku-no-tonari-ni-ankoku-hakaishin-ga-imasu
animeav1-boku-no-hero-academia-the-movie-2-heroesrising,Boku no Hero Academia the Movie 2: Heroes:Rising,MOVIE,,,,anime,,,AnimeAV1,https://animeav1.com/media/boku-no-hero-academia-the-movie-2-heroesrising
animeav1-bokutachi-wa-benkyou-ga-dekinai-nagisa-ni-usemono-arite-senjin-wa-enzen-to-x-suru,Bokutachi wa Benkyou ga Dekinai: Nagisa ni Usemono Arite Senjin wa Enzen to [X] Suru,OVA,,,,anime,,,AnimeAV1,https://animeav1.com/media/bokutachi-wa-benkyou-ga-dekinai-nagisa-ni-usemono-arite-senjin-wa-enzen-to-x-suru
animeav1-boku-no-hero-academia-4th-season,Boku no Hero Academia 4th Season,TV,,,,anime,,,AnimeAV1,https://animeav1.com/media/boku-no-hero-academia-4th-season
animeav1-beastars,Beastars,TV,,,,anime,,,AnimeAV1,https://animeav1.com/media/beastars
animeav1-babylon,Babylon,TV,,,,anime,,,AnimeAV1,https://animeav1.com/media/babylon
animeav1-bokutachi-wa-benkyou-ga-dekinai-s2,Bokutachi wa Benkyou ga Dekinai!,TV,,,,anime,,,AnimeAV1,https://animeav1.com/media/bokutachi-wa-benkyou-ga-dekinai-s2
animeav1-black-fox,Black Fox,Movie,,,,anime,,,AnimeAV1,https://animeav1.com/media/black-fox
animeav1-bem,Bem,TV,,,,anime,,,AnimeAV1,https://animeav1.com/media/bem
animeav1-bungou-stray-dogs-3rd-season,Bungou Stray Dogs 3rd Season,TV,,,,anime,,,AnimeAV1,https://animeav1.com/media/bungou-stray-dogs-3rd-season
animeav1-bokutachi-wa-benkyou-ga-dekinai-s1,Bokutachi wa Benkyou ga Dekinai,TV,,,,anime,,,AnimeAV1,https://animeav1.com/media/bokutachi-wa-benkyou-ga-dekinai-s1
animeav1-bakumatsu-crisis,Bakumatsu Crisis,TV,,,,anime,,,AnimeAV1,https://animeav1.com/media/bakumatsu-crisis
animeav1-boogiepop-wa-warawanai-2019,Boogiepop wa Warawanai (2019),TV,,2019,,anime,,,AnimeAV1,https://animeav1.com/media/boogiepop-wa-warawanai-2019
animeav1-bang-dream-2nd-season,BanG Dream! 2nd Season,TV,,,,anime,,,AnimeAV1,https://animeav1.com/media/bang-dream-2nd-season
animeav1-beelzebub-jou-no-okinimesu-mama,Beelzebub-jou no Okinimesu mama.,TV,,,,anime,,,AnimeAV1,https://animeav1.com/media/beelzebub-jou-no-okinimesu-mama
animeav1-beatless-final-stage,Beatless Final Stage,TV,,,,anime,,,AnimeAV1,https://animeav1.com/media/beatless-final-stage
animeav1-bakugan-battle-brawlers-mechtanium-surge,Bakugan Battle Brawlers: Mechtanium Surge,ONA,,,,anime,,,AnimeAV1,https://animeav1.com/media/bakugan-battle-brawlers-mechtanium-surge
animeav1-boku-no-hero-academia-the-movie-1-futari-no-hero,Boku no Hero Academia the Movie 1: Futari no Hero,MOVIE,,,,anime,,,AnimeAV1,https://animeav1.com/media/boku-no-hero-academia-the-movie-1-futari-no-hero
animeav1-banana-fish,Banana Fish,TV,,,,anime,,,AnimeAV1,https://animeav1.com/media/banana-fish
animeav1-bang-dream-garupapico,BanG Dream! Garupa☆Pico,ONA,,,,anime,,,AnimeAV1,https://animeav1.com/media/bang-dream-garupapico
animeav1-back-street-girls-gokudolls,Back Street Girls: Gokudolls,TV,,,,anime,,,AnimeAV1,https://animeav1.com/media/back-street-girls-gokudolls
animeav1-baki,Baki,ONA,,,,anime,,,AnimeAV1,https://animeav1.com/media/baki
animeav1-butlers-chitose-momotose-monogatari,Butlers: Chitose Momotose Monogatari,TV,,,,anime,,,AnimeAV1,https://animeav1.com/media/butlers-chitose-momotose-monogatari
animeav1-binan-koukou-chikyuu-bouei-bu-happy-kiss,Binan Koukou Chikyuu Bouei-bu Happy Kiss!,TV,,,,anime,,,AnimeAV1,https://animeav1.com/media/binan-koukou-chikyuu-bouei-bu-happy-kiss
animeav1-boku-no-hero-academia-3rd-season,Boku no Hero Academia 3rd Season,TV,,,,anime,,,AnimeAV1,https://animeav1.com/media/boku-no-hero-academia-3rd-season
animeav1-bungou-stray-dogs-dead-apple,Bungou Stray Dogs: Dead Apple,Movie,,,,anime,,,AnimeAV1,https://animeav1.com/media/bungou-stray-dogs-dead-apple
animeav1-b-the-beginning,B: The Beginning,ONA,,,,anime,,,AnimeAV1,https://animeav1.com/media/b-the-beginning
animeav1-beatless,Beatless,TV,,,,anime,,,AnimeAV1,https://animeav1.com/media/beatless
animeav1-basilisk-ouka-ninpouchou,Basilisk: Ouka Ninpouchou,TV,,,,anime,,,AnimeAV1,https://animeav1.com/media/basilisk-ouka-ninpouchou
animeav1-boku-no-kanojo-ga-majimesugiru-sho-bitch-na-ken,Boku no Kanojo ga Majimesugiru Sho-bitch na Ken,TV,,,,anime,,,AnimeAV1,https://animeav1.com/media/boku-no-kanojo-ga-majimesugiru-sho-bitch-na-ken
animeav1-blend-s,Blend S,TV,,,,anime,,,AnimeAV1,https://animeav1.com/media/blend-s
animeav1-black-clover,Black Clover,TV,,,,anime,,,AnimeAV1,https://animeav1.com/media/black-clover
animeav1-binan-koukou-chikyuu-bouei-bu-love-love-love,Binan Koukou Chikyuu Bouei-bu LOVE! LOVE! LOVE!,OVA,,,,anime,,,AnimeAV1,https://animeav1.com/media/binan-koukou-chikyuu-bouei-bu-love-love-love
animeav1-bungou-stray-dogs-hitori-ayumu,Bungou Stray Dogs: Hitori Ayumu,OVA,,,,anime,,,AnimeAV1,https://animeav1.com/media/bungou-stray-dogs-hitori-ayumu
animeav1-ballroom-e-youkoso,Ballroom e Youkoso,TV,,,,anime,,,AnimeAV1,https://animeav1.com/media/ballroom-e-youkoso
animeav1-battle-girl-high-school,Battle Girl High School,TV,,,,comedy,,,AnimeAV1,https://animeav1.com/media/battle-girl-high-school
animeav1-berserk-2nd-season,Berserk 2nd Season,TV,,,,anime,,,AnimeAV1,https://animeav1.com/media/berserk-2nd-season
animeav1-boruto-naruto-next-generations,Boruto: Naruto Next Generations,TV,,,,anime,,,AnimeAV1,https://animeav1.com/media/boruto-naruto-next-generations
animeav1-busou-shoujo-machiavellianism,Busou Shoujo Machiavellianism,TV,,,,romance,,,AnimeAV1,https://animeav1.com/media/busou-shoujo-machiavellianism
animeav1-boku-no-hero-academia-2nd-season,Boku no Hero Academia 2nd Season,TV,,,,anime,,,AnimeAV1,https://animeav1.com/media/boku-no-hero-academia-2nd-season
animeav1-bang-dream,BanG Dream!,TV,,,,anime,,,AnimeAV1,https://animeav1.com/media/bang-dream
animeav1-bikini-warriors-ova,Bikini Warriors OVA,OVA,,,,anime,,,AnimeAV1,https://animeav1.com/media/bikini-warriors-ova
animeav1-bernard-jou-iwaku,Bernard-jou Iwaku.,TV,,,,anime,,,AnimeAV1,https://animeav1.com/media/bernard-jou-iwaku
animeav1-bungou-stray-dogs-2nd-season,Bungou Stray Dogs 2nd Season,TV,,,,anime,,,AnimeAV1,https://animeav1.com/media/bungou-stray-dogs-2nd-season
animeav1-brave-witches,Brave Witches,TV,,,,anime,,,AnimeAV1,https://animeav1.com/media/brave-witches
animeav1-bishoujo-yuugi-unit-crane-game-girls-galaxy,Bishoujo Yuugi Unit Crane Game Girls Galaxy,TV,,,,anime,,,AnimeAV1,https://animeav1.com/media/bishoujo-yuugi-unit-crane-game-girls-galaxy
animeav1-bloodivores,Bloodivores,TV,,,,anime,,,AnimeAV1,https://animeav1.com/media/bloodivores
animeav1-bubuki-buranki-hoshi-no-kyojin,Bubuki Buranki: Hoshi no Kyojin,TV,,,,anime,,,AnimeAV1,https://animeav1.com/media/bubuki-buranki-hoshi-no-kyojin
animeav1-battery,Battery,TV,,,,anime,,,AnimeAV1,https://animeav1.com/media/battery
animeav1-binan-koukou-chikyuu-bouei-bu-love-love,Binan Koukou Chikyuu Bouei-bu LOVE! LOVE!,TV,,,,anime,,,AnimeAV1,https://animeav1.com/media/binan-koukou-chikyuu-bouei-bu-love-love
animeav1-boruto-naruto-the-movie-naruto-ga-hokage-ni-natta-hi,Boruto: Naruto the Movie - Naruto ga Hokage ni Natta Hi,MOVIE,,,,anime,,,AnimeAV1,https://animeav1.com/media/boruto-naruto-the-movie-naruto-ga-hokage-ni-natta-hi
animeav1-berserk,Berserk (2016),TV,,2016,,anime,,,AnimeAV1,https://animeav1.com/media/berserk
animeav1-big-order-tv,Big Order (TV),TV,,,,anime,,,AnimeAV1,https://animeav1.com/media/big-order-tv
animeav1-bungou-stray-dogs,Bungou Stray Dogs,TV,,,,anime,,,AnimeAV1,https://animeav1.com/media/bungou-stray-dogs
animeav1-bishoujo-yuugi-unit-crane-game-girls,Bishoujo Yuugi Unit Crane Game Girls,TV,,,,anime,,,AnimeAV1,https://animeav1.com/media/bishoujo-yuugi-unit-crane-game-girls
animeav1-bakuon,Bakuon!!,TV,,,,anime,,,AnimeAV1,https://animeav1.com/media/bakuon
animeav1-beyblade-burst,Beyblade Burst,TV,,,,anime,,,AnimeAV1,https://animeav1.com/media/beyblade-burst
animeav1-boku-no-hero-academia,Boku no Hero Academia,TV,,,,anime,,,AnimeAV1,https://animeav1.com/media/boku-no-hero-academia
animeav1-brotherhood-final-fantasy-xv,Brotherhood: Final Fantasy XV,ONA,,,,fantasy,,,AnimeAV1,https://animeav1.com/media/brotherhood-final-fantasy-xv
animeav1-bubuki-buranki,Bubuki Buranki,TV,,,,anime,,,AnimeAV1,https://animeav1.com/media/bubuki-buranki
animeav1-boku-dake-ga-inai-machi,Boku dake ga Inai Machi,TV,,,,anime,,,AnimeAV1,https://animeav1.com/media/boku-dake-ga-inai-machi
animeav1-bikini-warriors-special,Bikini Warriors Special,SPECIAL,,,,anime,,,AnimeAV1,https://animeav1.com/media/bikini-warriors-special
animeav1-big-order,Big Order,OVA,,,,anime,,,AnimeAV1,https://animeav1.com/media/big-order
animeav1-boruto-naruto-the-movie,Boruto: Naruto the Movie,MOVIE,,,,anime,,,AnimeAV1,https://animeav1.com/media/boruto-naruto-the-movie
animeav1-bakemono-no-ko,Bakemono no Ko,Movie,,,,anime,,,AnimeAV1,https://animeav1.com/media/bakemono-no-ko
animeav1-bikini-warriors,Bikini Warriors,TV,,,,anime,,,AnimeAV1,https://animeav1.com/media/bikini-warriors
animeav1-baby-steps-2nd-season,Baby Steps 2nd Season,TV,,,,anime,,,AnimeAV1,https://animeav1.com/media/baby-steps-2nd-season
animeav1-bokura-wa-minna-kawai-sou-hajimete-no,Bokura wa Minna Kawai-sou: Hajimete no,TV,,,,anime,,,AnimeAV1,https://animeav1.com/media/bokura-wa-minna-kawai-sou-hajimete-no
animeav1-binan-koukou-chikyuu-bouei-bu-love,Binan Koukou Chikyuu Bouei-bu LOVE!,TV,,,,anime,,,AnimeAV1,https://animeav1.com/media/binan-koukou-chikyuu-bouei-bu-love
animeav1-bonjourkoiaji-patisserie,Bonjour♪Koiaji Pâtisserie,ONA,,,,anime,,,AnimeAV1,https://animeav1.com/media/bonjourkoiaji-patisserie
animeav1-buddy-complex-kanketsu-hen-ano-sora-ni-kaeru-mirai-de,Buddy Complex: Kanketsu-hen - Ano Sora ni Kaeru Mirai de,ESPECIAL,,,,anime,,,AnimeAV1,https://animeav1.com/media/buddy-complex-kanketsu-hen-ano-sora-ni-kaeru-mirai-de
animeav1-barakamon,Barakamon,TV,,,,anime,,,AnimeAV1,https://animeav1.com/media/barakamon
animeav1-bishoujo-senshi-sailor-moon-crystal,Bishoujo Senshi Sailor Moon Crystal,ONA,,,,anime,,,AnimeAV1,https://animeav1.com/media/bishoujo-senshi-sailor-moon-crystal
animeav1-mijikamon,Barakamon: Mijikamon,ONA,,,,anime,,,AnimeAV1,https://animeav1.com/media/mijikamon
animeav1-black-bullet,Black Bullet,TV,,,,anime,,,AnimeAV1,https://animeav1.com/media/black-bullet
animeav1-baby-steps,Baby Steps,TV,,,,anime,,,AnimeAV1,https://animeav1.com/media/baby-steps
animeav1-break-blade,Break Blade,TV,,,,anime,,,AnimeAV1,https://animeav1.com/media/break-blade
animeav1-blade-soul,Blade & Soul,TV,,,,anime,,,AnimeAV1,https://animeav1.com/media/blade-soul
animeav1-bokura-wa-minna-kawai-sou,Bokura wa Minna Kawai-sou,TV,,,,anime,,,AnimeAV1,https://animeav1.com/media/bokura-wa-minna-kawai-sou
animeav1-buddy-complex,Buddy Complex,TV,,,,anime,,,AnimeAV1,https://animeav1.com/media/buddy-complex
animeav1-bayonetta-bloody-fate,Bayonetta: Bloody Fate,Movie,,,,anime,,,AnimeAV1,https://animeav1.com/media/bayonetta-bloody-fate
animeav1-blood-lad,Blood Lad,TV,,,,anime,,,AnimeAV1,https://animeav1.com/media/blood-lad
animeav1-brothers-conflict,Brothers Conflict,TV,,,,anime,,,AnimeAV1,https://animeav1.com/media/brothers-conflict
animeav1-berserk-ougon-jidai-hen-iii-kourin,Berserk: Ougon Jidai-hen III - Kourin,Movie,,,,anime,,,AnimeAV1,https://animeav1.com/media/berserk-ougon-jidai-hen-iii-kourin
animeav1-boku-wa-tomodachi-ga-sukunai-next,Boku wa Tomodachi ga Sukunai Next,TV,,,,anime,,,AnimeAV1,https://animeav1.com/media/boku-wa-tomodachi-ga-sukunai-next
animeav1-boku-no-imouto-wa-osaka-okan,"Boku no Imouto wa ""Osaka Okan""",TV,,,,anime,,,AnimeAV1,https://animeav1.com/media/boku-no-imouto-wa-osaka-okan
animeav1-bakuman-3rd-season,Bakuman. 3rd Season,TV,,,,anime,,,AnimeAV1,https://animeav1.com/media/bakuman-3rd-season
animeav1-busou-shinki,Busou Shinki,TV,,,,anime,,,AnimeAV1,https://animeav1.com/media/busou-shinki
animeav1-btooom,Btooom!,TV,,,,anime,,,AnimeAV1,https://animeav1.com/media/btooom
animeav1-binbougami-ga,Binbougami ga!,TV,,,,anime,,,AnimeAV1,https://animeav1.com/media/binbougami-ga
animeav1-berserk-ougon-jidai-hen-ii-doldrey-kouryaku,Berserk: Ougon Jidai-hen II - Doldrey Kouryaku,Movie,,,,anime,,,AnimeAV1,https://animeav1.com/media/berserk-ougon-jidai-hen-ii-doldrey-kouryaku
animeav1-blood-c-the-last-dark,Blood-C: The Last Dark,Movie,,,,anime,,,AnimeAV1,https://animeav1.com/media/blood-c-the-last-dark
animeav1-berserk-ougon-jidai-hen-i-haou-no-tamago,Berserk: Ougon Jidai-hen I - Haou no Tamago,Movie,,,,anime,,,AnimeAV1,https://animeav1.com/media/berserk-ougon-jidai-hen-i-haou-no-tamago
animeav1-blackrock-shooter-tv,Black★Rock Shooter (TV),TV,,,,anime,,,AnimeAV1,https://animeav1.com/media/blackrock-shooter-tv
animeav1-brave-10,Brave 10,TV,,,,anime,,,AnimeAV1,https://animeav1.com/media/brave-10
animeav1-ben-to,Ben-To,TV,,,,anime,,,AnimeAV1,https://animeav1.com/media/ben-to
animeav1-boku-wa-tomodachi-ga-sukunai,Boku wa Tomodachi ga Sukunai,TV,,,,anime,,,AnimeAV1,https://animeav1.com/media/boku-wa-tomodachi-ga-sukunai
animeav1-bakuman-2nd-season,Bakuman. 2nd Season,TV,,,,anime,,,AnimeAV1,https://animeav1.com/media/bakuman-2nd-season
animeav1-busou-shinki-moon-angel,Busou Shinki Moon Angel,ONA,,,,anime,,,AnimeAV1,https://animeav1.com/media/busou-shinki-moon-angel
animeav1-baby-princess-3d-paradise-0-love,Baby Princess 3D Paradise 0 [Love],OVA,,,,anime,,,AnimeAV1,https://animeav1.com/media/baby-princess-3d-paradise-0-love
animeav1-blood-c,Blood-C,TV,,,,anime,,,AnimeAV1,https://animeav1.com/media/blood-c
animeav1-baka-to-test-to-shoukanjuu-ni,Baka to Test to Shoukanjuu Ni!,TV,,,,anime,,,AnimeAV1,https://animeav1.com/media/baka-to-test-to-shoukanjuu-ni
animeav1-bakugan-battle-brawlers-gundalian-invaders,Bakugan Battle Brawlers: Gundalian Invaders,TV,,,,anime,,,AnimeAV1,https://animeav1.com/media/bakugan-battle-brawlers-gundalian-invaders
animeav1-break-blade-movie-6-doukoku-no-toride,Break Blade Movie 6: Doukoku no Toride,MOVIE,,,,anime,,,AnimeAV1,https://animeav1.com/media/break-blade-movie-6-doukoku-no-toride
animeav1-break-blade-movie-5-shisen-no-hate,Break Blade Movie 5: Shisen no Hate,MOVIE,,,,anime,,,AnimeAV1,https://animeav1.com/media/break-blade-movie-5-shisen-no-hate
animeav1-beelzebub,Beelzebub,TV,,,,anime,,,AnimeAV1,https://animeav1.com/media/beelzebub
animeav1-bleach-movie-4-jigoku-hen,Bleach Movie 4: Jigoku-hen,MOVIE,,,,anime,,,AnimeAV1,https://animeav1.com/media/bleach-movie-4-jigoku-hen
animeav1-break-blade-movie-4-sanka-no-chi,Break Blade Movie 4: Sanka no Chi,MOVIE,,,,anime,,,AnimeAV1,https://animeav1.com/media/break-blade-movie-4-sanka-no-chi
animeav1-bakuman,Bakuman.,TV,,,,anime,,,AnimeAV1,https://animeav1.com/media/bakuman
animeav1-break-blade-movie-3-kyoujin-no-ato,Break Blade Movie 3: Kyoujin no Ato,MOVIE,,,,anime,,,AnimeAV1,https://animeav1.com/media/break-blade-movie-3-kyoujin-no-ato
animeav1-blackrock-shooter-ova,Black★Rock Shooter (OVA),OVA,,,,anime,,,AnimeAV1,https://animeav1.com/media/blackrock-shooter-ova
animeav1-black-lagoon-robertas-blood-trail,Black Lagoon: Roberta's Blood Trail,OVA,,,,anime,,,AnimeAV1,https://animeav1.com/media/black-lagoon-robertas-blood-trail
animeav1-break-blade-movie-2-ketsubetsu-no-michi,Break Blade Movie 2: Ketsubetsu no Michi,MOVIE,,,,anime,,,AnimeAV1,https://animeav1.com/media/break-blade-movie-2-ketsubetsu-no-michi
animeav1-break-blade-movie-1-kakusei-no-toki,Break Blade Movie 1: Kakusei no Toki,MOVIE,,,,anime,,,AnimeAV1,https://animeav1.com/media/break-blade-movie-1-kakusei-no-toki
animeav1-b-gata-h-kei,B-gata H-kei,TV,,,,anime,,,AnimeAV1,https://animeav1.com/media/b-gata-h-kei
animeav1-bakugan-battle-brawlers-new-vestroia,Bakugan Battle Brawlers: New Vestroia,TV,,,,anime,,,AnimeAV1,https://animeav1.com/media/bakugan-battle-brawlers-new-vestroia
animeav1-baka-to-test-to-shoukanjuu,Baka to Test to Shoukanjuu,TV,,,,anime,,,AnimeAV1,https://animeav1.com/media/baka-to-test-to-shoukanjuu
animeav1-black-lagoon-omake,Black Lagoon Omake,TV,,,,anime,,,AnimeAV1,https://animeav1.com/media/black-lagoon-omake
animeav1-bakemonogatari,Bakemonogatari,TV,,,,anime,,,AnimeAV1,https://animeav1.com/media/bakemonogatari
animeav1-basquash,Basquash!,TV,,,,anime,,,AnimeAV1,https://animeav1.com/media/basquash
animeav1-bleach-movie-3-fade-to-black-kimi-no-na-wo-yobu,Bleach Movie 3: Fade to Black - Kimi no Na wo Yobu,MOVIE,,,,anime,,,AnimeAV1,https://animeav1.com/media/bleach-movie-3-fade-to-black-kimi-no-na-wo-yobu
animeav1-bounen-no-xamdou,Bounen no Xamdou,ONA,,,,anime,,,AnimeAV1,https://animeav1.com/media/bounen-no-xamdou
animeav1-blue-dragon-tenkai-no-shichi-ryuu,Blue Dragon: Tenkai no Shichi Ryuu,TV,,,,anime,,,AnimeAV1,https://animeav1.com/media/blue-dragon-tenkai-no-shichi-ryuu
animeav1-bus-gamer,Bus Gamer,TV,,,,anime,,,AnimeAV1,https://animeav1.com/media/bus-gamer
animeav1-bleach-movie-2-the-diamonddust-rebellion-mou-hitotsu-no-hyourinmaru,Bleach Movie 2: The DiamondDust Rebellion - Mou Hitotsu no Hyourinmaru,MOVIE,,,,anime,,,AnimeAV1,https://animeav1.com/media/bleach-movie-2-the-diamonddust-rebellion-mou-hitotsu-no-hyourinmaru
animeav1-blue-drop-tenshi-tachi-no-gikyoku,Blue Drop: Tenshi-tachi no Gikyoku,TV,,,,anime,,,AnimeAV1,https://animeav1.com/media/blue-drop-tenshi-tachi-no-gikyoku
animeav1-bamboo-blade,Bamboo Blade,TV,,,,anime,,,AnimeAV1,https://animeav1.com/media/bamboo-blade
animeav1-bokusatsu-tenshi-dokuro-chan-2,Bokusatsu Tenshi Dokuro-chan 2,OVA,,,,anime,,,AnimeAV1,https://animeav1.com/media/bokusatsu-tenshi-dokuro-chan-2
animeav1-baccano,Baccano!,TV,,,,anime,,,AnimeAV1,https://animeav1.com/media/baccano
animeav1-bokura-no,Bokura no,TV,,,,anime,,,AnimeAV1,https://animeav1.com/media/bokura-no
animeav1-blue-dragon,Blue Dragon,TV,,,,anime,,,AnimeAV1,https://animeav1.com/media/blue-dragon
animeav1-bakugan-battle-brawlers,Bakugan Battle Brawlers,TV,,,,anime,,,AnimeAV1,https://animeav1.com/media/bakugan-battle-brawlers
animeav1-byousoku-5-centimeter,Byousoku 5 Centimeter,Movie,,,,anime,,,AnimeAV1,https://animeav1.com/media/byousoku-5-centimeter
animeav1-busou-renkin-mahiro-no-busou-renkin-kouza,Busou Renkin: Mahiro no Busou Renkin Kouza,TV,,,,anime,,,AnimeAV1,https://animeav1.com/media/busou-renkin-mahiro-no-busou-renkin-kouza
animeav1-bleach-movie-1-memories-of-nobody,Bleach Movie 1: Memories of Nobody,MOVIE,,,,anime,,,AnimeAV1,https://animeav1.com/media/bleach-movie-1-memories-of-nobody
animeav1-bartender,Bartender,TV,,,,anime,,,AnimeAV1,https://animeav1.com/media/bartender
animeav1-busou-renkin,Busou Renkin,TV,,,,anime,,,AnimeAV1,https://animeav1.com/media/busou-renkin
animeav1-black-lagoon-the-second-barrage,Black Lagoon: The Second Barrage,TV,,,,anime,,,AnimeAV1,https://animeav1.com/media/black-lagoon-the-second-barrage
animeav1-black-blood-brothers,Black Blood Brothers,TV,,,,anime,,,AnimeAV1,https://animeav1.com/media/black-blood-brothers
animeav1-brave-story,Brave Story,Movie,,,,anime,,,AnimeAV1,https://animeav1.com/media/brave-story
animeav1-bokura-ga-ita,Bokura ga Ita,TV,,,,anime,,,AnimeAV1,https://animeav1.com/media/bokura-ga-ita
animeav1-black-lagoon,Black Lagoon,TV,,,,anime,,,AnimeAV1,https://animeav1.com/media/black-lagoon
animeav1-binchou-tan,Binchou-tan,TV,,,,anime,,,AnimeAV1,https://animeav1.com/media/binchou-tan
animeav1-blood,Blood+,TV,,,,anime,,,AnimeAV1,https://animeav1.com/media/blood
animeav1-black-cat,Black Cat,TV,,,,anime,,,AnimeAV1,https://animeav1.com/media/black-cat
animeav1-bouken-ou-beet-excellion,Bouken Ou Beet Excellion,TV,,,,anime,,,AnimeAV1,https://animeav1.com/media/bouken-ou-beet-excellion
animeav1-boku-wa-imouto-ni-koi-wo-suru,Boku wa Imouto ni Koi wo Suru,OVA,,,,anime,,,AnimeAV1,https://animeav1.com/media/boku-wa-imouto-ni-koi-wo-suru
animeav1-basilisk-kouga-ninpou-chou,Basilisk: Kouga Ninpou Chou,TV,,,,anime,,,AnimeAV1,https://animeav1.com/media/basilisk-kouga-ninpou-chou
animeav1-bokusatsu-tenshi-dokuro-chan,Bokusatsu Tenshi Dokuro-chan,OVA,,,,anime,,,AnimeAV1,https://animeav1.com/media/bokusatsu-tenshi-dokuro-chan
animeav1-beck,Beck,TV,,,,anime,,,AnimeAV1,https://animeav1.com/media/beck
animeav1-bleach,Bleach,TV,,,,anime,,,AnimeAV1,https://animeav1.com/media/bleach
animeav1-bouken-ou-beet,Bouken Ou Beet,TV,,,,anime,,,AnimeAV1,https://animeav1.com/media/bouken-ou-beet
animeav1-bakuretsu-tenshi,Burst Angel,TV,,,,anime,,,AnimeAV1,https://animeav1.com/media/bakuretsu-tenshi
animeav1-burn-up-scramble,Burn Up Scramble,TV,,,,anime,,,AnimeAV1,https://animeav1.com/media/burn-up-scramble
animeav1-bobobo-bo-bo-bobo,Bobobo-bo Bo-bobo,TV,,,,anime,,,AnimeAV1,https://animeav1.com/media/bobobo-bo-bo-bobo
animeav1-blue-gender-the-warrior,Blue Gender: The Warrior,Movie,,,,anime,,,AnimeAV1,https://animeav1.com/media/blue-gender-the-warrior
animeav1-bakuten-shoot-beyblade-the-movie-gekitou-takao-vs-daichi,Beyblade The Movie: Fierce Battle,MOVIE,,,,anime,,,AnimeAV1,https://animeav1.com/media/bakuten-shoot-beyblade-the-movie-gekitou-takao-vs-daichi
animeav1-bakuten-shoot-beyblade-2002,Beyblade V-Force,TV,,,,anime,,,AnimeAV1,https://animeav1.com/media/bakuten-shoot-beyblade-2002
animeav1-bakuten-shoot-beyblade,Beyblade,TV,,,,anime,,,AnimeAV1,https://animeav1.com/media/bakuten-shoot-beyblade
animeav1-blood-the-last-vampire,Blood: The Last Vampire,Movie,,,,anime,,,AnimeAV1,https://animeav1.com/media/blood-the-last-vampire
animeav1-black-jack-sora-kara-kita-kodomo,Black Jack: Sora kara Kita Kodomo,OVA,,,,anime,,,AnimeAV1,https://animeav1.com/media/black-jack-sora-kara-kita-kodomo
animeav1-boogiepop-wa-warawanai,Boogiepop wa Warawanai,TV,,,,anime,,,AnimeAV1,https://animeav1.com/media/boogiepop-wa-warawanai
animeav1-blue-gender,Blue Gender,TV,,,,anime,,,AnimeAV1,https://animeav1.com/media/blue-gender
animeav1-betterman,Betterman,TV,,,,anime,,,AnimeAV1,https://animeav1.com/media/betterman
animeav1-bubblegum-crisis-tokyo-2040,Bubblegum Crisis Tokyo 2040,TV,,,,anime,,,AnimeAV1,https://animeav1.com/media/bubblegum-crisis-tokyo-2040
animeav1-burn-up-excess,Burn Up Excess,TV,,,,anime,,,AnimeAV1,https://animeav1.com/media/burn-up-excess
animeav1-battle-athletess-daiundoukai-tv,Battle Athletess Daiundoukai (TV),TV,,,,anime,,,AnimeAV1,https://animeav1.com/media/battle-athletess-daiundoukai-tv
animeav1-bt-x-neo,B'T X Neo,OVA,,,,anime,,,AnimeAV1,https://animeav1.com/media/bt-x-neo
animeav1-black-jack-the-movie,Black Jack the Movie,MOVIE,,,,anime,,,AnimeAV1,https://animeav1.com/media/black-jack-the-movie
animeav1-blue-seed-2,Blue Seed 2,OVA,,,,anime,,,AnimeAV1,https://animeav1.com/media/blue-seed-2
animeav1-burn-up-w,Burn Up! W,OVA,,,,anime,,,AnimeAV1,https://animeav1.com/media/burn-up-w
animeav1-bt-x,B'T X,TV,,,,anime,,,AnimeAV1,https://animeav1.com/media/bt-x
animeav1-bio-hunter,Bio Hunter,OVA,,,,anime,,,AnimeAV1,https://animeav1.com/media/bio-hunter
animeav1-bakuretsu-hunters,Bakuretsu Hunters,TV,,,,anime,,,AnimeAV1,https://animeav1.com/media/bakuretsu-hunters
animeav1-blue-seed,Blue Seed,TV,,,,anime,,,AnimeAV1,https://animeav1.com/media/blue-seed
animeav1-black-jack,Black Jack,OVA,,,,anime,,,AnimeAV1,https://animeav1.com/media/black-jack
animeav1-boku-no-chikyuu-wo-mamotte,Boku no Chikyuu wo Mamotte,OVA,,,,anime,,,AnimeAV1,https://animeav1.com/media/boku-no-chikyuu-wo-mamotte
animeav1-bastard-ankoku-no-hakaishin,Bastard!! Ankoku no Hakaishin,OVA,,,,anime,,,AnimeAV1,https://animeav1.com/media/bastard-ankoku-no-hakaishin
animeav1-bubblegum-crash,Bubblegum Crash,OVA,,,,anime,,,AnimeAV1,https://animeav1.com/media/bubblegum-crash
animeav1-burn-up,Burn Up!,OVA,,,,anime,,,AnimeAV1,https://animeav1.com/media/burn-up
animeav1-bubblegum-crisis,Bubblegum Crisis,OVA,,,,anime,,,AnimeAV1,https://animeav1.com/media/bubblegum-crisis
animeav1-clevatess-ii-majuu-no-ou-to-itsuwari-no-yuusha-denshou,Clevatess II: Majuu no Ou to Itsuwari no Yuusha Denshou,TV,,,,anime,,,AnimeAV1,https://animeav1.com/media/clevatess-ii-majuu-no-ou-to-itsuwari-no-yuusha-denshou
animeav1-class-de-2-banme-ni-kawaii-onnanoko-to-tomodachi-ni-natta,Class de 2-banme ni Kawaii Onnanoko to Tomodachi ni Natta,TV,,,,anime,,,AnimeAV1,https://animeav1.com/media/class-de-2-banme-ni-kawaii-onnanoko-to-tomodachi-ni-natta
animeav1-chou-kaguya-hime,Chou Kaguya-hime!,ONA,,,,anime,,,AnimeAV1,https://animeav1.com/media/chou-kaguya-hime
animeav1-champignon-no-majo,Champignon no Majo,TV,,,,anime,,,AnimeAV1,https://animeav1.com/media/champignon-no-majo
animeav1-cengjing-you-yongshi,Cengjing You Yongshi,ONA,,,,anime,,,AnimeAV1,https://animeav1.com/media/cengjing-you-yongshi
animeav1-chanto-suenai-kyuuketsuki-chan,Chanto Suenai Kyuuketsuki-chan,TV,,,,anime,,,AnimeAV1,https://animeav1.com/media/chanto-suenai-kyuuketsuki-chan
animeav1-chitose-kun-wa-ramune-bin-no-naka,Chitose-kun wa Ramune Bin no Naka,TV,,,,anime,,,AnimeAV1,https://animeav1.com/media/chitose-kun-wa-ramune-bin-no-naka
animeav1-chichi-wa-eiyuu-haha-wa-seirei-musume-no-watashi-wa-tenseisha,"Chichi wa Eiyuu, Haha wa Seirei, Musume no Watashi wa Tenseisha.",TV,,,,anime,,,AnimeAV1,https://animeav1.com/media/chichi-wa-eiyuu-haha-wa-seirei-musume-no-watashi-wa-tenseisha
animeav1-catseye,Cat's♥Eye,ONA,,,,anime,,,AnimeAV1,https://animeav1.com/media/catseye
animeav1-chainsaw-man-movie-reze-hen,Chainsaw Man Movie: Reze-hen,MOVIE,,,,anime,,,AnimeAV1,https://animeav1.com/media/chainsaw-man-movie-reze-hen
animeav1-city-the-animation,City The Animation,TV,,,,anime,,,AnimeAV1,https://animeav1.com/media/city-the-animation
animeav1-clevatess-majuu-no-ou-to-akago-to-shikabane-no-yuusha,Clevatess: Majuu no Ou to Akago to Shikabane no Yuusha,TV,,,,anime,,,AnimeAV1,https://animeav1.com/media/clevatess-majuu-no-ou-to-akago-to-shikabane-no-yuusha
animeav1-chotto-dake-ai-ga-omoi-dark-elf-ga-isekai-kara-oikaketekita,Chotto dake Ai ga Omoi Dark Elf ga Isekai kara Oikaketekita,TV,,,,fantasy,,,AnimeAV1,https://animeav1.com/media/chotto-dake-ai-ga-omoi-dark-elf-ga-isekai-kara-oikaketekita
animeav1-classicstars,Classic★Stars,TV,,,,anime,,,AnimeAV1,https://animeav1.com/media/classicstars
animeav1-cocoon-aru-natsu-no-shoujo-tachi-yori,Cocoon: Aru Natsu no Shoujo-tachi yori,ESPECIAL,,,,romance,,,AnimeAV1,https://animeav1.com/media/cocoon-aru-natsu-no-shoujo-tachi-yori
animeav1-chao-neng-lifang-chaofan-pian,Chao Neng Lifang: Chaofan Pian,ONA,,,,anime,,,AnimeAV1,https://animeav1.com/media/chao-neng-lifang-chaofan-pian
animeav1-kurakon,Class no Daikirai na Joshi to Kekkon suru Koto ni Natta.,TV,,,,anime,,,AnimeAV1,https://animeav1.com/media/kurakon
animeav1-chi-chikyuu-no-undou-ni-tsuite,Chi. Chikyuu no Undou ni Tsuite,TV,,,,anime,,,AnimeAV1,https://animeav1.com/media/chi-chikyuu-no-undou-ni-tsuite
animeav1-cardfight-vanguard-divinez-season-2,Cardfight!! Vanguard: Divinez Season 2,TV,,,,anime,,,AnimeAV1,https://animeav1.com/media/cardfight-vanguard-divinez-season-2
animeav1-code-geass-dakkan-no-roze,Code Geass: Dakkan no Rozé,ONA,,,,anime,,,AnimeAV1,https://animeav1.com/media/code-geass-dakkan-no-roze
animeav1-cardfight-vanguard-divinez,Cardfight!! Vanguard: Divinez,TV,,,,anime,,,AnimeAV1,https://animeav1.com/media/cardfight-vanguard-divinez
animeav1-chiyu-mahou-no-machigatta-tsukaikata,Chiyu Mahou no Machigatta Tsukaikata,TV,,,,anime,,,AnimeAV1,https://animeav1.com/media/chiyu-mahou-no-machigatta-tsukaikata
animeav1-captain-tsubasa-season-2-junior-youth-hen,Captain Tsubasa Season 2: Junior Youth-hen,TV,,,,anime,,,AnimeAV1,https://animeav1.com/media/captain-tsubasa-season-2-junior-youth-hen
animeav1-cardfight-vanguard-willdress-season-2,Cardfight!! Vanguard: will+Dress Season 2,TV,,,,anime,,,AnimeAV1,https://animeav1.com/media/cardfight-vanguard-willdress-season-2
animeav1-chainsaw-man,Chainsaw Man,TV,,,,anime,,,AnimeAV1,https://animeav1.com/media/chainsaw-man
animeav1-c-danchi,C Danchi,TV,,,,anime,,,AnimeAV1,https://animeav1.com/media/c-danchi
animeav1-cyberpunk-edgerunners,Cyberpunk: Edgerunners,ONA,,,,anime,,,AnimeAV1,https://animeav1.com/media/cyberpunk-edgerunners
animeav1-cue,Cue!,TV,,,,anime,,,AnimeAV1,https://animeav1.com/media/cue
animeav1-cider-no-you-ni-kotoba-ga-wakiagaru,Cider no You ni Kotoba ga Wakiagaru,Movie,,,,anime,,,AnimeAV1,https://animeav1.com/media/cider-no-you-ni-kotoba-ga-wakiagaru
animeav1-cheat-kusushi-no-slow-life-isekai-ni-tsukurou-drugstore,Cheat Kusushi no Slow Life: Isekai ni Tsukurou Drugstore,TV,,,,fantasy,,,AnimeAV1,https://animeav1.com/media/cheat-kusushi-no-slow-life-isekai-ni-tsukurou-drugstore
animeav1-cestvs-the-roman-fighter,Cestvs: The Roman Fighter,TV,,,,anime,,,AnimeAV1,https://animeav1.com/media/cestvs-the-roman-fighter
animeav1-chihayafuru-3-ima-hitotabi-no,Chihayafuru 3: Ima Hitotabi no,ESPECIAL,,,,anime,,,AnimeAV1,https://animeav1.com/media/chihayafuru-3-ima-hitotabi-no
animeav1-chihayafuru-3,Chihayafuru 3,TV,,,,anime,,,AnimeAV1,https://animeav1.com/media/chihayafuru-3
animeav1-choujin-koukousei-tachi-wa-isekai-demo-yoyuu-de-ikinuku-you-desu,Choujin Koukousei-tachi wa Isekai demo Yoyuu de Ikinuku you desu!,TV,,,,fantasy,,,AnimeAV1,https://animeav1.com/media/choujin-koukousei-tachi-wa-isekai-demo-yoyuu-de-ikinuku-you-desu
animeav1-cop-craft,Cop Craft,TV,,,,anime,,,AnimeAV1,https://animeav1.com/media/cop-craft
animeav1-cencoroll-connect,Cencoroll Connect,Movie,,,,anime,,,AnimeAV1,https://animeav1.com/media/cencoroll-connect
animeav1-carole-tuesday,Carole & Tuesday,TV,,,,anime,,,AnimeAV1,https://animeav1.com/media/carole-tuesday
animeav1-choukadou-girl,Chou Kadou Girl ⅙: Amazing Stranger,TV,,,,anime,,,AnimeAV1,https://animeav1.com/media/choukadou-girl
animeav1-code-geass-fukkatsu-no-lelouch,Code Geass: Fukkatsu no Lelouch,Movie,,,,anime,,,AnimeAV1,https://animeav1.com/media/code-geass-fukkatsu-no-lelouch
animeav1-city-hunter-movie-shinjuku-private-eyes,City Hunter Movie: Shinjuku Private Eyes,MOVIE,,,,anime,,,AnimeAV1,https://animeav1.com/media/city-hunter-movie-shinjuku-private-eyes
animeav1-chio-chan-no-tsuugakuro,Chio-chan no Tsuugakuro,TV,,,,anime,,,AnimeAV1,https://animeav1.com/media/chio-chan-no-tsuugakuro
animeav1-code-geass-hangyaku-no-lelouch-iii-oudou,Code Geass: Hangyaku no Lelouch III - Oudou,Movie,,,,anime,,,AnimeAV1,https://animeav1.com/media/code-geass-hangyaku-no-lelouch-iii-oudou
animeav1-caligula,Caligula,TV,,,,anime,,,AnimeAV1,https://animeav1.com/media/caligula
animeav1-cutie-honey-universe,Cutie Honey Universe,TV,,,,anime,,,AnimeAV1,https://animeav1.com/media/cutie-honey-universe
animeav1-comic-girls,Comic Girls,TV,,,,anime,,,AnimeAV1,https://animeav1.com/media/comic-girls
animeav1-captain-tsubasa-2018,Captain Tsubasa (2018),TV,,2018,,anime,,,AnimeAV1,https://animeav1.com/media/captain-tsubasa-2018
animeav1-code-geass-hangyaku-no-lelouch-ii-handou,Code Geass: Hangyaku no Lelouch II - Handou,Movie,,,,anime,,,AnimeAV1,https://animeav1.com/media/code-geass-hangyaku-no-lelouch-ii-handou
animeav1-cardcaptor-sakura-clear-card-hen,Cardcaptor Sakura: Clear Card-hen,TV,,,,anime,,,AnimeAV1,https://animeav1.com/media/cardcaptor-sakura-clear-card-hen
animeav1-chuunibyou-demo-koi-ga-shitai-movie-take-on-me,Chuunibyou demo Koi ga Shitai! Movie: Take On Me,MOVIE,,,,anime,,,AnimeAV1,https://animeav1.com/media/chuunibyou-demo-koi-ga-shitai-movie-take-on-me
animeav1-citrus,Citrus,TV,,,,anime,,,AnimeAV1,https://animeav1.com/media/citrus
animeav1-code-geass-hangyaku-no-lelouch-i-koudou,Code Geass: Hangyaku no Lelouch I - Koudou,Movie,,,,anime,,,AnimeAV1,https://animeav1.com/media/code-geass-hangyaku-no-lelouch-i-koudou
animeav1-classicaloid-2nd-season,ClassicaLoid 2nd Season,TV,,,,anime,,,AnimeAV1,https://animeav1.com/media/classicaloid-2nd-season
animeav1-coderealize-sousei-no-himegimi,Code:Realize - Sousei no Himegimi,TV,,,,anime,,,AnimeAV1,https://animeav1.com/media/coderealize-sousei-no-himegimi
animeav1-cinderella-girls-gekijou-kayou-cinderella-theater-2nd-season,Cinderella Girls Gekijou: Kayou Cinderella Theater 2nd Season,ONA,,,,anime,,,AnimeAV1,https://animeav1.com/media/cinderella-girls-gekijou-kayou-cinderella-theater-2nd-season
animeav1-cinderella-girls-gekijou-2nd-season,Cinderella Girls Gekijou 2nd Season,TV,,,,anime,,,AnimeAV1,https://animeav1.com/media/cinderella-girls-gekijou-2nd-season
animeav1-cardcaptor-sakura-clear-card-hen-prologue-sakura-to-futatsu-no-kuma,Cardcaptor Sakura: Clear Card-hen Prologue - Sakura to Futatsu no Kuma,OVA,,,,anime,,,AnimeAV1,https://animeav1.com/media/cardcaptor-sakura-clear-card-hen-prologue-sakura-to-futatsu-no-kuma
animeav1-centaur-no-nayami,Centaur no Nayami,TV,,,,anime,,,AnimeAV1,https://animeav1.com/media/centaur-no-nayami
animeav1-castlevania,Castlevania,TV,,,,anime,,,AnimeAV1,https://animeav1.com/media/Castlevania
animeav1-clockwork-planet,Clockwork Planet,TV,,,,anime,,,AnimeAV1,https://animeav1.com/media/clockwork-planet
animeav1-cinderella-girls-gekijou-kayou-cinderella-theater,Cinderella Girls Gekijou: Kayou Cinderella Theater,ONA,,,,anime,,,AnimeAV1,https://animeav1.com/media/cinderella-girls-gekijou-kayou-cinderella-theater
animeav1-cinderella-girls-gekijou,Cinderella Girls Gekijou,TV,,,,anime,,,AnimeAV1,https://animeav1.com/media/cinderella-girls-gekijou
animeav1-chaoschild,ChäoS;Child,TV,,,,anime,,,AnimeAV1,https://animeav1.com/media/chaoschild
animeav1-chiruran-nibun-no-ichi,Chiruran: Nibun no Ichi,TV,,,,anime,,,AnimeAV1,https://animeav1.com/media/chiruran-nibun-no-ichi
animeav1-chain-chronicle-haecceitas-no-hikari,Chain Chronicle: Haecceitas no Hikari,TV,,,,anime,,,AnimeAV1,https://animeav1.com/media/chain-chronicle-haecceitas-no-hikari
animeav1-choboraunyopomi-gekijou-dai-san-maku-ai-mai-mii-surgical-friends,Choboraunyopomi Gekijou Dai San Maku Ai Mai Mii: Surgical Friends,TV,,,,anime,,,AnimeAV1,https://animeav1.com/media/choboraunyopomi-gekijou-dai-san-maku-ai-mai-mii-surgical-friends
animeav1-chain-chronicle-haecceitas-no-hikari-part-1,Chain Chronicle: Haecceitas no Hikari Part 1,Movie,,,,anime,,,AnimeAV1,https://animeav1.com/media/chain-chronicle-haecceitas-no-hikari-part-1
animeav1-classicaloid,ClassicaLoid,TV,,,,anime,,,AnimeAV1,https://animeav1.com/media/classicaloid
animeav1-cheating-craft,Cheating Craft,TV,,,,anime,,,AnimeAV1,https://animeav1.com/media/cheating-craft
animeav1-concrete-revolutio-choujin-gensou-the-last-song,Concrete Revolutio: Choujin Gensou - The Last Song,TV,,,,anime,,,AnimeAV1,https://animeav1.com/media/concrete-revolutio-choujin-gensou-the-last-song
animeav1-cyborg-009-vs-devilman,Cyborg 009 VS Devilman,OVA,,,,anime,,,AnimeAV1,https://animeav1.com/media/cyborg-009-vs-devilman
animeav1-comet-lucifer,Comet Lucifer,TV,,,,anime,,,AnimeAV1,https://animeav1.com/media/comet-lucifer
animeav1-concrete-revolutio-choujin-gensou,Concrete Revolutio: Choujin Gensou,TV,,,,anime,,,AnimeAV1,https://animeav1.com/media/concrete-revolutio-choujin-gensou
animeav1-charlotte,Charlotte,TV,,,,anime,,,AnimeAV1,https://animeav1.com/media/charlotte
animeav1-classroomcrisis,Classroom☆Crisis,TV,,,,anime,,,AnimeAV1,https://animeav1.com/media/classroomcrisis
animeav1-chaos-dragon-sekiryuu-seneki,Chaos Dragon: Sekiryuu Seneki,TV,,,,anime,,,AnimeAV1,https://animeav1.com/media/chaos-dragon-sekiryuu-seneki
animeav1-cross-ange-tenshi-to-ryuu-no-rondo,Cross Ange: Tenshi to Ryuu no Rondo,TV,,,,anime,,,AnimeAV1,https://animeav1.com/media/cross-ange-tenshi-to-ryuu-no-rondo
animeav1-chain-chronicle-short-animation,Chain Chronicle: Short Animation,OVA,,,,anime,,,AnimeAV1,https://animeav1.com/media/chain-chronicle-short-animation
animeav1-choboraunyopomi-gekijou-dai-ni-maku-ai-mai-mii-mousou-catastrophe,Choboraunyopomi Gekijou Dai Ni Maku Ai Mai Mii: Mousou Catastrophe,TV,,,,anime,,,AnimeAV1,https://animeav1.com/media/choboraunyopomi-gekijou-dai-ni-maku-ai-mai-mii-mousou-catastrophe
animeav1-captain-earth,Captain Earth,TV,,,,anime,,,AnimeAV1,https://animeav1.com/media/captain-earth
animeav1-chuunibyou-demo-koi-ga-shitai-ren-specials,Chuunibyou demo Koi ga Shitai! Ren Specials,TV,,,,anime,,,AnimeAV1,https://animeav1.com/media/chuunibyou-demo-koi-ga-shitai-ren-specials
animeav1-chuunibyou-demo-koi-ga-shitai-ren,Chuunibyou demo Koi ga Shitai! Ren,TV,,,,anime,,,AnimeAV1,https://animeav1.com/media/chuunibyou-demo-koi-ga-shitai-ren
animeav1-chuunibyou-demo-koi-ga-shitai-ren-lite,Chuunibyou demo Koi ga Shitai! Ren Lite,ONA,,,,anime,,,AnimeAV1,https://animeav1.com/media/chuunibyou-demo-koi-ga-shitai-ren-lite
animeav1-coppelion,Coppelion,TV,,,,anime,,,AnimeAV1,https://animeav1.com/media/coppelion
animeav1-chihayafuru-2-waga-miyo-ni-furu-nagame-shima-ni,Chihayafuru 2: Waga Miyo ni Furu Nagame Shima ni,OVA,,,,anime,,,AnimeAV1,https://animeav1.com/media/chihayafuru-2-waga-miyo-ni-furu-nagame-shima-ni
animeav1-captain-herlock,Captain Harlock (2013),Movie,,2013,,anime,,,AnimeAV1,https://animeav1.com/media/captain-herlock
animeav1-corpse-party-tortured-souls-bougyakusareta-tamashii-no-jukyou,Corpse Party: Tortured Souls - Bougyakusareta Tamashii no Jukyou,OVA,,,,anime,,,AnimeAV1,https://animeav1.com/media/corpse-party-tortured-souls-bougyakusareta-tamashii-no-jukyou
animeav1-choujigen-game-neptune-the-animation,Choujigen Game Neptune The Animation,TV,,,,anime,,,AnimeAV1,https://animeav1.com/media/choujigen-game-neptune-the-animation
animeav1-chuunibyou-demo-koi-ga-shitai-kirameki-no-slapstick-noel,Chuunibyou demo Koi ga Shitai! Kirameki no... Slapstick Noel,TV,,,,anime,,,AnimeAV1,https://animeav1.com/media/chuunibyou-demo-koi-ga-shitai-kirameki-no-slapstick-noel
animeav1-cyclops-shoujo-saipuu,Cyclops Shoujo Saipuu,ONA,,,,romance,,,AnimeAV1,https://animeav1.com/media/cyclops-shoujo-saipuu
animeav1-chihayafuru-2,Chihayafuru 2,TV,,,,anime,,,AnimeAV1,https://animeav1.com/media/chihayafuru-2
animeav1-cuticle-tantei-inaba,Cuticle Detective Inada,TV,,,,anime,,,AnimeAV1,https://animeav1.com/media/cuticle-tantei-inaba
animeav1-choboraunyopomi-gekijou-ai-mai-mii,Choboraunyopomi Gekijou Ai Mai Mii,TV,,,,anime,,,AnimeAV1,https://animeav1.com/media/choboraunyopomi-gekijou-ai-mai-mii
animeav1-chuunibyou-demo-koi-ga-shitai-depth-of-field-ai-to-nikushimi-gekijou,Chuunibyou demo Koi ga Shitai! Depth of Field: Ai to Nikushimi Gekijou,TV,,,,anime,,,AnimeAV1,https://animeav1.com/media/chuunibyou-demo-koi-ga-shitai-depth-of-field-ai-to-nikushimi-gekijou
animeav1-codebreaker,Code:Breaker,TV,,,,anime,,,AnimeAV1,https://animeav1.com/media/codebreaker
animeav1-chuunibyou-demo-koi-ga-shitai,Chuunibyou demo Koi ga Shitai!,TV,,,,anime,,,AnimeAV1,https://animeav1.com/media/chuunibyou-demo-koi-ga-shitai
animeav1-chuunibyou-demo-koi-ga-shitai-lite,Chuunibyou demo Koi ga Shitai! Lite,ONA,,,,anime,,,AnimeAV1,https://animeav1.com/media/chuunibyou-demo-koi-ga-shitai-lite
animeav1-corpse-party-missing-footage,Corpse Party: Missing Footage,OVA,,,,anime,,,AnimeAV1,https://animeav1.com/media/corpse-party-missing-footage
animeav1-code-geass-boukoku-no-akito,Code Geass: Boukoku no Akito,Movie,,,,anime,,,AnimeAV1,https://animeav1.com/media/code-geass-boukoku-no-akito
animeav1-carnival-phantasm-hibichika-special,Carnival Phantasm: HibiChika Special,SPECIAL,,,,anime,,,AnimeAV1,https://animeav1.com/media/carnival-phantasm-hibichika-special
animeav1-campione-matsurowanu-kamigami-to-kamigoroshi-no-maou,Campione!,TV,,,,anime,,,AnimeAV1,https://animeav1.com/media/campione-matsurowanu-kamigami-to-kamigoroshi-no-maou
animeav1-chouyaku-hyakuninisshu-uta-koi,Chouyaku Hyakuninisshu: Uta Koi.,TV,,,,anime,,,AnimeAV1,https://animeav1.com/media/chouyaku-hyakuninisshu-uta-koi
animeav1-chitose-get-you,Chitose Get You!!,TV,,,,anime,,,AnimeAV1,https://animeav1.com/media/chitose-get-you
animeav1-chihayafuru,Chihayafuru,TV,,,,anime,,,AnimeAV1,https://animeav1.com/media/chihayafuru
animeav1-carnival-phantasm,Carnival Phantasm,OVA,,,,anime,,,AnimeAV1,https://animeav1.com/media/carnival-phantasm
animeav1-coquelicot-zaka-kara,Coquelicot-zaka kara,Movie,,,,anime,,,AnimeAV1,https://animeav1.com/media/coquelicot-zaka-kara
animeav1-c-the-money-of-soul-and-possibility-control,C: The Money of Soul and Possibility Control,TV,,,,anime,,,AnimeAV1,https://animeav1.com/media/c-the-money-of-soul-and-possibility-control
animeav1-colorful-movie,Colorful (Movie),MOVIE,,,,anime,,,AnimeAV1,https://animeav1.com/media/colorful-movie
animeav1-chis-sweet-home-chi-to-kocchi-deau,"Chi's Sweet Home: Chi to Kocchi, Deau.",OVA,,,,anime,,,AnimeAV1,https://animeav1.com/media/chis-sweet-home-chi-to-kocchi-deau
animeav1-chuu-bra,Chuu Bra!!,TV,,,,anime,,,AnimeAV1,https://animeav1.com/media/chuu-bra
animeav1-cencoroll,Cencoroll,Movie,,,,anime,,,AnimeAV1,https://animeav1.com/media/cencoroll
animeav1-canaan,Canaan,TV,,,,anime,,,AnimeAV1,https://animeav1.com/media/canaan
animeav1-candy-boy-episode-ex02-shiawase-kyouyuu-riron,Candy Boy Episode: EX02 - Shiawase Kyouyuu Riron,TV,,,,anime,,,AnimeAV1,https://animeav1.com/media/candy-boy-episode-ex02-shiawase-kyouyuu-riron
animeav1-cross-game,Cross Game,TV,,,,anime,,,AnimeAV1,https://animeav1.com/media/cross-game
animeav1-chis-sweet-home-atarashii-ouchi,Chi's Sweet Home 2 : Atarashii Ouchi,TV,,,,anime,,,AnimeAV1,https://animeav1.com/media/chis-sweet-home-atarashii-ouchi
animeav1-chaoshead,ChäoS;HEAd,TV,,,,anime,,,AnimeAV1,https://animeav1.com/media/chaoshead
animeav1-clannad-after-story,Clannad: After Story,TV,,,,anime,,,AnimeAV1,https://animeav1.com/media/clannad-after-story
animeav1-casshern-sins,Casshern Sins,TV,,,,anime,,,AnimeAV1,https://animeav1.com/media/casshern-sins
animeav1-candy-boy-episode-ex01-mirai-yohouzu,Candy Boy Episode: EX01 - Mirai Yohouzu,OVA,,,,anime,,,AnimeAV1,https://animeav1.com/media/candy-boy-episode-ex01-mirai-yohouzu
animeav1-candy-boy-nonchalant-talk-of-the-certain-twin-sisters-in-daily-life,Candy Boy,ONA,,,,anime,,,AnimeAV1,https://animeav1.com/media/candy-boy-nonchalant-talk-of-the-certain-twin-sisters-in-daily-life
animeav1-code-geass-hangyaku-no-lelouch-r2,Code Geass: Hangyaku no Lelouch R2,TV,,,,anime,,,AnimeAV1,https://animeav1.com/media/code-geass-hangyaku-no-lelouch-r2
animeav1-chis-sweet-home,Chi's Sweet Home,TV,,,,anime,,,AnimeAV1,https://animeav1.com/media/chis-sweet-home
animeav1-candyboy-side-story-for-archive,Candy☆Boy: Side Story For Archive,ONA,,,,anime,,,AnimeAV1,https://animeav1.com/media/candyboy-side-story-for-archive
animeav1-clannad,Clannad,TV,,,,anime,,,AnimeAV1,https://animeav1.com/media/clannad
animeav1-clannad-movie,Clannad Movie,MOVIE,,,,anime,,,AnimeAV1,https://animeav1.com/media/clannad-movie
animeav1-code-e,Code-E,TV,,,,anime,,,AnimeAV1,https://animeav1.com/media/code-e
animeav1-claymore,Claymore,TV,,,,anime,,,AnimeAV1,https://animeav1.com/media/claymore
animeav1-code-geass-hangyaku-no-lelouch,Code Geass: Hangyaku no Lelouch,TV,,,,anime,,,AnimeAV1,https://animeav1.com/media/code-geass-hangyaku-no-lelouch
animeav1-chocotto-sister,Chocotto Sister,TV,,,,anime,,,AnimeAV1,https://animeav1.com/media/chocotto-sister
animeav1-canvas-2-nijiiro-no-sketch,Canvas 2: Nijiiro no Sketch,TV,,,,anime,,,AnimeAV1,https://animeav1.com/media/canvas-2-nijiiro-no-sketch
animeav1-comic-party-revolution,Comic Party Revolution,TV,,,,anime,,,AnimeAV1,https://animeav1.com/media/comic-party-revolution
animeav1-cossette-no-shouzou,Cossette no Shouzou,OVA,,,,anime,,,AnimeAV1,https://animeav1.com/media/cossette-no-shouzou
animeav1-chrno-crusade,Chrono Crusade,TV,,,,anime,,,AnimeAV1,https://animeav1.com/media/chrno-crusade
animeav1-cinderella-boy,Cinderella Boy,TV,,,,anime,,,AnimeAV1,https://animeav1.com/media/cinderella-boy
animeav1-comic-party-specials,Comic Party Specials,TV,,,,anime,,,AnimeAV1,https://animeav1.com/media/comic-party-specials
animeav1-chou-robot-seimeitai-transformers-micron-densetsu,Chou Robot Seimeitai Transformers Micron Densetsu,TV,,,,anime,,,AnimeAV1,https://animeav1.com/media/chou-robot-seimeitai-transformers-micron-densetsu
animeav1-chobits,Chobits,TV,,,,anime,,,AnimeAV1,https://animeav1.com/media/chobits
animeav1-canvas-sepia-iro-no-motif,Canvas: Sepia-iro no Motif,OVA,,,,anime,,,AnimeAV1,https://animeav1.com/media/canvas-sepia-iro-no-motif
animeav1-captain-tsubasa-road-to-2002,Captain Tsubasa: Road to 2002,TV,,,,anime,,,AnimeAV1,https://animeav1.com/media/captain-tsubasa-road-to-2002
animeav1-chicchana-yukitsukai-sugar,Chicchana Yukitsukai Sugar,TV,,,,anime,,,AnimeAV1,https://animeav1.com/media/chicchana-yukitsukai-sugar
animeav1-cowboy-bebop-tengoku-no-tobira,Cowboy Bebop: Tengoku no Tobira,Movie,,,,anime,,,AnimeAV1,https://animeav1.com/media/cowboy-bebop-tengoku-no-tobira
animeav1-cosmo-warrior-zero,Cosmo Warrior Zero,TV,,,,anime,,,AnimeAV1,https://animeav1.com/media/cosmo-warrior-zero
animeav1-comic-party,Comic Party,TV,,,,anime,,,AnimeAV1,https://animeav1.com/media/comic-party
animeav1-cardcaptor-sakura-movie-2-fuuin-sareta-card,Cardcaptor Sakura Movie 2: Fuuin Sareta Card,MOVIE,,,,anime,,,AnimeAV1,https://animeav1.com/media/cardcaptor-sakura-movie-2-fuuin-sareta-card
animeav1-colorful,Colorful,TV,,,,anime,,,AnimeAV1,https://animeav1.com/media/colorful
animeav1-cardcaptor-sakura-movie-1,Cardcaptor Sakura Movie 1,MOVIE,,,,anime,,,AnimeAV1,https://animeav1.com/media/cardcaptor-sakura-movie-1
animeav1-clover,Clover,TV,,,,anime,,,AnimeAV1,https://animeav1.com/media/clover
animeav1-city-hunter-kinkyuu-namachuukei-kyouakuhan-saeba-ryou-no-saigo,City Hunter: Kinkyuu Namachuukei!? Kyouakuhan Saeba Ryou no Saigo,ESPECIAL,,,,anime,,,AnimeAV1,https://animeav1.com/media/city-hunter-kinkyuu-namachuukei-kyouakuhan-saeba-ryou-no-saigo
animeav1-corrector-yui,Corrector Yui,TV,,,,anime,,,AnimeAV1,https://animeav1.com/media/corrector-yui
animeav1-cowboy-bebop,Cowboy Bebop,TV,,,,anime,,,AnimeAV1,https://animeav1.com/media/cowboy-bebop
animeav1-city-hunter-goodbye-my-sweetheart,City Hunter: Goodbye My Sweetheart,ESPECIAL,,,,anime,,,AnimeAV1,https://animeav1.com/media/city-hunter-goodbye-my-sweetheart
animeav1-city-hunter-the-secret-service,City Hunter: The Secret Service,ESPECIAL,,,,anime,,,AnimeAV1,https://animeav1.com/media/city-hunter-the-secret-service
animeav1-captain-tsubasa-j,Captain Tsubasa J,TV,,,,anime,,,AnimeAV1,https://animeav1.com/media/captain-tsubasa-j
animeav1-city-hunter-91,City Hunter '91,TV,,,,anime,,,AnimeAV1,https://animeav1.com/media/city-hunter-91
animeav1-city-hunter-bay-city-wars,City Hunter: Bay City Wars,Movie,,,,anime,,,AnimeAV1,https://animeav1.com/media/city-hunter-bay-city-wars
animeav1-city-hunter-hyakuman-dollar-no-inbou,City Hunter: Hyakuman Dollar no Inbou,Movie,,,,anime,,,AnimeAV1,https://animeav1.com/media/city-hunter-hyakuman-dollar-no-inbou
animeav1-city-hunter-3,City Hunter 3,TV,,,,anime,,,AnimeAV1,https://animeav1.com/media/city-hunter-3
animeav1-shin-captain-tsubasa,Captain Tsubasa (Super Campeones) OVAS,OVA,,,,anime,,,AnimeAV1,https://animeav1.com/media/shin-captain-tsubasa
animeav1-city-hunter-ai-to-shukumei-no-magnum,City Hunter: Ai to Shukumei no Magnum,Movie,,,,anime,,,AnimeAV1,https://animeav1.com/media/city-hunter-ai-to-shukumei-no-magnum
animeav1-choujin-densetsu-urotsukidouji-movie,Choujin Densetsu Urotsukidouji Movie,MOVIE,,,,anime,,,AnimeAV1,https://animeav1.com/media/choujin-densetsu-urotsukidouji-movie
animeav1-city-hunter-2,City Hunter 2,TV,,,,anime,,,AnimeAV1,https://animeav1.com/media/city-hunter-2
animeav1-city-hunter,City Hunter,TV,,,,anime,,,AnimeAV1,https://animeav1.com/media/city-hunter
animeav1-captain-tsubasa,Captain Tsubasa (Super Campeones),TV,,,,anime,,,AnimeAV1,https://animeav1.com/media/captain-tsubasa
animeav1-chirin-no-suzu,Chirin no Suzu,Movie,,,,anime,,,AnimeAV1,https://animeav1.com/media/chirin-no-suzu
animeav1-candy-candy,Candy Candy,TV,,,,anime,,,AnimeAV1,https://animeav1.com/media/candy-candy
animeav1-cutie-honey,Cutie Honey,TV,,,,anime,,,AnimeAV1,https://animeav1.com/media/cutie-honey
animeav1-devil-may-cry-2026,Devil May Cry 2026,TV,,2026,,anime,,,AnimeAV1,https://animeav1.com/media/devil-may-cry-2026
animeav1-dandelion,Dandelion,ONA,,,,anime,,,AnimeAV1,https://animeav1.com/media/dandelion
animeav1-diamond-no-ace-act-ii-second-season,Diamond no Ace: Act II Second Season,TV,,,,anime,,,AnimeAV1,https://animeav1.com/media/diamond-no-ace-act-ii-second-season
animeav1-dr-stone-science-future-part-3,Dr. Stone: Science Future Part 3,TV,,,,anime,,,AnimeAV1,https://animeav1.com/media/dr-stone-science-future-part-3
animeav1-dorohedoro-season-2,Dorohedoro Season 2,ONA,,,,anime,,,AnimeAV1,https://animeav1.com/media/dorohedoro-season-2
animeav1-dead-account,Dead Account,TV,,,,anime,,,AnimeAV1,https://animeav1.com/media/dead-account
animeav1-dark-moon-tsuki-no-saidan,Dark Moon: Tsuki no Saidan,TV,,,,anime,,,AnimeAV1,https://animeav1.com/media/dark-moon-tsuki-no-saidan
animeav1-douse-koishite-shimaunda-2nd-season,"Douse, Koishite Shimaunda. 2nd Season",TV,,,,anime,,,AnimeAV1,https://animeav1.com/media/douse-koishite-shimaunda-2nd-season
animeav1-darwin-jihen,Darwin Jihen,TV,,,,anime,,,AnimeAV1,https://animeav1.com/media/darwin-jihen
animeav1-disney-twisted-wonderland-the-animation-episode-of-heartslabyul,Disney Twisted-Wonderland The Animation: Episode of Heartslabyul,ONA,,,,anime,,,AnimeAV1,https://animeav1.com/media/disney-twisted-wonderland-the-animation-episode-of-heartslabyul
animeav1-debu-to-love-to-ayamachi-to,Debu to Love to Ayamachi to!,TV,,,,anime,,,AnimeAV1,https://animeav1.com/media/debu-to-love-to-ayamachi-to
animeav1-digimon-beatbreak,Digimon Beatbreak,TV,,,,anime,,,AnimeAV1,https://animeav1.com/media/digimon-beatbreak
animeav1-dr-stone-science-future-part-2,Dr. Stone: Science Future Part 2,TV,,,,anime,,,AnimeAV1,https://animeav1.com/media/dr-stone-science-future-part-2
animeav1-dekin-no-mogura,Dekin no Mogura,TV,,,,anime,,,AnimeAV1,https://animeav1.com/media/dekin-no-mogura
animeav1-dandadan-2nd-season,Dandadan 2nd Season,TV,,,,anime,,,AnimeAV1,https://animeav1.com/media/dandadan-2nd-season
animeav1-danjo-no-yuujou-wa-seiritsu-suru-iya-shinai,"Danjo no Yuujou wa Seiritsu suru? (Iya, Shinai!!)",TV,,,,anime,,,AnimeAV1,https://animeav1.com/media/danjo-no-yuujou-wa-seiritsu-suru-iya-shinai
animeav1-devil-may-cry-2025,Devil May Cry 2025,TV,,2025,,anime,,,AnimeAV1,https://animeav1.com/media/devil-may-cry-2025
animeav1-douse-koishite-shimaunda,"Douse, Koishite Shimaunda.",TV,,,,anime,,,AnimeAV1,https://animeav1.com/media/douse-koishite-shimaunda
animeav1-dr-stone-science-future,Dr. Stone: Science Future,TV,,,,anime,,,AnimeAV1,https://animeav1.com/media/dr-stone-science-future
animeav1-dragon-ball-daima,Dragon Ball Daima,TV,,,,anime,,,AnimeAV1,https://animeav1.com/media/dragon-ball-daima
animeav1-danmachi-v,Dungeon ni Deai wo Motomeru no wa Machigatteiru Darou ka V: Houjou no Megami-hen,TV,,,,anime,,,AnimeAV1,https://animeav1.com/media/danmachi-v
animeav1-dandadan,Dandadan,TV,,,,anime,,,AnimeAV1,https://animeav1.com/media/dandadan
animeav1-delicos-nursery,Delico's Nursery,TV,,,,anime,,,AnimeAV1,https://animeav1.com/media/delicos-nursery
animeav1-dungeon-no-naka-no-hito,Dungeon no Naka no Hito,TV,,,,anime,,,AnimeAV1,https://animeav1.com/media/dungeon-no-naka-no-hito
animeav1-dead-dead-demons-dededede-destruction-ona,Dead Dead Demons Dededede Destruction,ONA,,,,anime,,,AnimeAV1,https://animeav1.com/media/dead-dead-demons-dededede-destruction-ona
animeav1-date-a-live-v,Date A Live V,TV,,,,anime,,,AnimeAV1,https://animeav1.com/media/date-a-live-v
animeav1-dekisokonai-to-yobareta-motoeiyuu-wa-jikka-kara-tsuihou-sareta-node-sukikatte-ni-ikiru-koto-ni-shita,Dekisokonai to Yobareta Motoeiyuu wa Jikka kara Tsuihou sareta node Sukikatte ni Ikiru Koto ni Shita,TV,,,,anime,,,AnimeAV1,https://animeav1.com/media/dekisokonai-to-yobareta-motoeiyuu-wa-jikka-kara-tsuihou-sareta-node-sukikatte-ni-ikiru-koto-ni-shita
animeav1-dosanko-gal-wa-namara-menkoi,Dosanko Gal wa Namara Menkoi,TV,,,,anime,,,AnimeAV1,https://animeav1.com/media/dosanko-gal-wa-namara-menkoi
animeav1-dungeon-meshi,Dungeon Meshi,TV,,,,anime,,,AnimeAV1,https://animeav1.com/media/dungeon-meshi
animeav1-dead-mount-death-play-part-2,Dead Mount Death Play Part 2,TV,,,,anime,,,AnimeAV1,https://animeav1.com/media/dead-mount-death-play-part-2
animeav1-dekoboko-majo-no-oyako-jijou,Dekoboko Majo no Oyako Jijou,TV,,,,anime,,,AnimeAV1,https://animeav1.com/media/dekoboko-majo-no-oyako-jijou
animeav1-dark-gathering,Dark Gathering,TV,,,,anime,,,AnimeAV1,https://animeav1.com/media/dark-gathering
animeav1-dekiru-neko-wa-kyou-mo-yuuutsu,Dekiru Neko wa Kyou mo Yuuutsu,TV,,,,anime,,,AnimeAV1,https://animeav1.com/media/dekiru-neko-wa-kyou-mo-yuuutsu
animeav1-dead-mount-death-play,Dead Mount Death Play,TV,,,,anime,,,AnimeAV1,https://animeav1.com/media/dead-mount-death-play
animeav1-dr-stone-new-world,Dr. Stone: New World,TV,,,,anime,,,AnimeAV1,https://animeav1.com/media/dr-stone-new-world
animeav1-d4dj-all-mix,D4DJ All Mix,TV,,,,anime,,,AnimeAV1,https://animeav1.com/media/d4dj-all-mix
animeav1-do-it-yourself,Do It Yourself!!,TV,,,,anime,,,AnimeAV1,https://animeav1.com/media/do-it-yourself
animeav1-d4dj-double-mix,D4DJ Double Mix,ESPECIAL,,,,anime,,,AnimeAV1,https://animeav1.com/media/d4dj-double-mix
animeav1-danmachi-iv,Dungeon ni Deai wo Motomeru no wa Machigatteiru Darou ka IV: Shin Shou - Meikyuu-hen,TV,,,,anime,,,AnimeAV1,https://animeav1.com/media/danmachi-iv
animeav1-dr-stone-ryuusui,Dr. Stone: Ryuusui,ESPECIAL,,,,anime,,,AnimeAV1,https://animeav1.com/media/dr-stone-ryuusui
animeav1-dragon-ball-super-super-hero,Dragon Ball Super: Super Hero,Movie,,,,anime,,,AnimeAV1,https://animeav1.com/media/dragon-ball-super-super-hero
animeav1-dance-dance-danseur,Dance Dance Danseur,TV,,,,anime,,,AnimeAV1,https://animeav1.com/media/dance-dance-danseur
animeav1-date-a-live-iv,Date A Live IV,TV,,,,anime,,,AnimeAV1,https://animeav1.com/media/date-a-live-iv
animeav1-deaimon,Deaimon,TV,,,,anime,,,AnimeAV1,https://animeav1.com/media/deaimon
animeav1-delicious-partyprecure,Delicious Party♡Precure,TV,,,,anime,,,AnimeAV1,https://animeav1.com/media/delicious-partyprecure
animeav1-dolls-frontline,Dolls' Frontline,TV,,,,anime,,,AnimeAV1,https://animeav1.com/media/dolls-frontline
animeav1-dakaretai-otoko-1-i-ni-odosarete-imasu-movie-spain-hen,Dakaretai Otoko 1-i ni Odosarete Imasu. Movie: Spain-hen,MOVIE,,,,anime,,,AnimeAV1,https://animeav1.com/media/dakaretai-otoko-1-i-ni-odosarete-imasu-movie-spain-hen
animeav1-digimon-ghost-game,Digimon Ghost Game,TV,,,,anime,,,AnimeAV1,https://animeav1.com/media/digimon-ghost-game
animeav1-deatte-5-byou-de-battle,Deatte 5-byou de Battle,TV,,,,anime,,,AnimeAV1,https://animeav1.com/media/deatte-5-byou-de-battle
animeav1-dcide-traumerei-the-animation,D_Cide Traumerei the Animation,TV,,,,anime,,,AnimeAV1,https://animeav1.com/media/dcide-traumerei-the-animation
animeav1-dungeon-ni-deai-wo-motomeru-no-wa-machigatteiru-darou-ka-iii-ova,Dungeon ni Deai wo Motomeru no wa Machigatteiru Darou ka III OVA,OVA,,,,anime,,,AnimeAV1,https://animeav1.com/media/dungeon-ni-deai-wo-motomeru-no-wa-machigatteiru-darou-ka-iii-ova
animeav1-dragon-ie-wo-kau,"Dragon, Ie wo Kau.",TV,,,,anime,,,AnimeAV1,https://animeav1.com/media/dragon-ie-wo-kau
animeav1-dr-stone-stone-wars,Dr. Stone: Stone Wars,TV,,,,anime,,,AnimeAV1,https://animeav1.com/media/dr-stone-stone-wars
animeav1-date-a-bullet-nightmare-or-queen,Date A Bullet: Nightmare or Queen,Movie,,,,anime,,,AnimeAV1,https://animeav1.com/media/date-a-bullet-nightmare-or-queen
animeav1-dokyuu-hentai-hxeros-ova,Dokyuu Hentai HxEros OVA,OVA,,,,anime,,,AnimeAV1,https://animeav1.com/media/dokyuu-hentai-hxeros-ova
animeav1-d4dj-first-mix,D4DJ First Mix,TV,,,,anime,,,AnimeAV1,https://animeav1.com/media/d4dj-first-mix
animeav1-dogeza-de-tanondemita,Dogeza de Tanondemita,TV,,,,anime,,,AnimeAV1,https://animeav1.com/media/dogeza-de-tanondemita
animeav1-dragon-quest-dai-no-daibouken-2020,Dragon Quest: Dai no Daibouken (2020),TV,,2020,,anime,,,AnimeAV1,https://animeav1.com/media/dragon-quest-dai-no-daibouken-2020
animeav1-danmachi-iii,Dungeon ni Deai wo Motomeru no wa Machigatteiru Darou ka III,TV,,,,anime,,,AnimeAV1,https://animeav1.com/media/danmachi-iii
animeav1-dokyuu-hentai-hxeros-hxeros-report,Dokyuu Hentai HxEros: HxEros Report,ESPECIAL,,,,anime,,,AnimeAV1,https://animeav1.com/media/dokyuu-hentai-hxeros-hxeros-report
animeav1-date-a-bullet-dead-or-bullet,Date A Bullet: Dead or Bullet,Movie,,,,anime,,,AnimeAV1,https://animeav1.com/media/date-a-bullet-dead-or-bullet
animeav1-deca-dence,Deca-Dence,TV,,,,anime,,,AnimeAV1,https://animeav1.com/media/deca-dence
animeav1-dokyuu-hentai-hxeros,Dokyuu Hentai HxEros,TV,,,,anime,,,AnimeAV1,https://animeav1.com/media/dokyuu-hentai-hxeros
animeav1-dorohedoro-ma-no-omake,Dorohedoro: Ma no Omake,TV,,,,anime,,,AnimeAV1,https://animeav1.com/media/dorohedoro-ma-no-omake
animeav1-digimon-adventure-2020,Digimon Adventure: (2020),TV,,2020,,action,,,AnimeAV1,https://animeav1.com/media/digimon-adventure-2020
animeav1-digimon-adventure-last-evolution-kizuna,Digimon Adventure: Last Evolution Kizuna,Movie,,,,action,,,AnimeAV1,https://animeav1.com/media/digimon-adventure-last-evolution-kizuna
animeav1-dungeon-ni-deai-wo-motomeru-no-wa-machigatteiru-darou-ka-ii-ova,Dungeon ni Deai wo Motomeru no wa Machigatteiru Darou ka II OVA,OVA,,,,anime,,,AnimeAV1,https://animeav1.com/media/dungeon-ni-deai-wo-motomeru-no-wa-machigatteiru-darou-ka-ii-ova
animeav1-dorohedoro,Dorohedoro,TV,,,,anime,,,AnimeAV1,https://animeav1.com/media/dorohedoro
animeav1-kuutei-dragons,Drifting Dragons,TV,,,,anime,,,AnimeAV1,https://animeav1.com/media/kuutei-dragons
animeav1-darwins-game,Darwin's Game,TV,,,,anime,,,AnimeAV1,https://animeav1.com/media/darwins-game
animeav1-danmachi-ii,Dungeon ni Deai wo Motomeru no wa Machigatteiru Darou ka II,TV,,,,anime,,,AnimeAV1,https://animeav1.com/media/danmachi-ii
animeav1-dr-stone,Dr. Stone,TV,,,,anime,,,AnimeAV1,https://animeav1.com/media/dr-stone
animeav1-dumbbell-nan-kilo-moteru,Dumbbell Nan Kilo Moteru?,TV,,,,anime,,,AnimeAV1,https://animeav1.com/media/dumbbell-nan-kilo-moteru
animeav1-meitantei-conan-movie-23-konjou-no-fist,Detective Conan Película 23: El puño de Zafiro Azul,Movie,,,,anime,,,AnimeAV1,https://animeav1.com/media/meitantei-conan-movie-23-konjou-no-fist
animeav1-diamond-no-ace-act-ii,Diamond no Ace: Act II,TV,,,,anime,,,AnimeAV1,https://animeav1.com/media/diamond-no-ace-act-ii
animeav1-dungeon-ni-deai-wo-motomeru-no-wa-machigatteiru-darou-ka-movie-orion-no-ya,Dungeon ni Deai wo Motomeru no wa Machigatteiru Darou ka Movie: Orion no Ya,MOVIE,,,,anime,,,AnimeAV1,https://animeav1.com/media/dungeon-ni-deai-wo-motomeru-no-wa-machigatteiru-darou-ka-movie-orion-no-ya
animeav1-double-decker-doug-kirill-extra,Double Decker! Doug & Kirill: Extra,TV,,,,anime,,,AnimeAV1,https://animeav1.com/media/double-decker-doug-kirill-extra
animeav1-domestic-na-kanojo,Domestic na Kanojo,TV,,,,anime,,,AnimeAV1,https://animeav1.com/media/domestic-na-kanojo
animeav1-date-a-live-iii,Date A Live III,TV,,,,anime,,,AnimeAV1,https://animeav1.com/media/date-a-live-iii
animeav1-doukyonin-wa-hiza-tokidoki-atama-no-ue,"Doukyonin wa Hiza, Tokidoki, Atama no Ue.",TV,,,,anime,,,AnimeAV1,https://animeav1.com/media/doukyonin-wa-hiza-tokidoki-atama-no-ue
animeav1-dororo,Dororo,TV,,,,anime,,,AnimeAV1,https://animeav1.com/media/dororo
animeav1-dragon-ball-super-broly,Dragon Ball Super: Broly,Movie,,,,anime,,,AnimeAV1,https://animeav1.com/media/dragon-ball-super-broly
animeav1-dakaretai-otoko-1-i-ni-odosarete-imasu,Dakaretai Otoko 1-i ni Odosarete Imasu.,TV,,,,anime,,,AnimeAV1,https://animeav1.com/media/dakaretai-otoko-1-i-ni-odosarete-imasu
animeav1-double-decker-doug-kirill,Double Decker! Doug & Kirill,TV,,,,anime,,,AnimeAV1,https://animeav1.com/media/double-decker-doug-kirill
animeav1-meitantei-conan-movie-22-zero-no-shikkounin,Detective Conan Película 22: Zero the Enforcer,Movie,,,,anime,,,AnimeAV1,https://animeav1.com/media/meitantei-conan-movie-22-zero-no-shikkounin
animeav1-dorei-ku-the-animation,Dorei-ku The Animation,TV,,,,anime,,,AnimeAV1,https://animeav1.com/media/dorei-ku-the-animation
animeav1-devils-line,Devils Line,TV,,,,anime,,,AnimeAV1,https://animeav1.com/media/devils-line
animeav1-darling-in-the-franxx,Darling in the FranXX,TV,,,,anime,,,AnimeAV1,https://animeav1.com/media/darling-in-the-franxx
animeav1-dagashi-kashi-2,Dagashi Kashi 2,TV,,,,anime,,,AnimeAV1,https://animeav1.com/media/dagashi-kashi-2
animeav1-death-march-kara-hajimaru-isekai-kyousoukyoku,Death March kara Hajimaru Isekai Kyousoukyoku,TV,,,,fantasy,,,AnimeAV1,https://animeav1.com/media/death-march-kara-hajimaru-isekai-kyousoukyoku
animeav1-dame-x-prince-anime-caravan,Dame x Prince Anime Caravan,TV,,,,anime,,,AnimeAV1,https://animeav1.com/media/dame-x-prince-anime-caravan
animeav1-devilman-crybaby,Devilman: Crybaby,ONA,,,,anime,,,AnimeAV1,https://animeav1.com/media/devilman-crybaby
animeav1-dies-irae,Dies Irae,TV,,,,anime,,,AnimeAV1,https://animeav1.com/media/dies-irae
animeav1-dream-festival-r,Dream Festival! R,ONA,,,,anime,,,AnimeAV1,https://animeav1.com/media/dream-festival-r
animeav1-dive,Dive!!,TV,,,,anime,,,AnimeAV1,https://animeav1.com/media/dive
animeav1-danmachi-sword-oratoria,Dungeon ni Deai wo Motomeru no wa Machigatteiru Darou ka Gaiden: Sword Oratoria,TV,,,,anime,,,AnimeAV1,https://animeav1.com/media/danmachi-sword-oratoria
animeav1-demi-chan-wa-kataritai,Demi-chan wa Kataritai,TV,,,,anime,,,AnimeAV1,https://animeav1.com/media/demi-chan-wa-kataritai
animeav1-dungeon-ni-deai-wo-motomeru-no-wa-machigatteiru-darou-ka-ova,Dungeon ni Deai wo Motomeru no wa Machigatteiru Darou ka OVA,OVA,,,,anime,,,AnimeAV1,https://animeav1.com/media/dungeon-ni-deai-wo-motomeru-no-wa-machigatteiru-darou-ka-ova
animeav1-drifters,Drifters,TV,,,,anime,,,AnimeAV1,https://animeav1.com/media/drifters
animeav1-digimon-universe-appli-monsters,Digimon Universe: Appli Monsters,TV,,,,anime,,,AnimeAV1,https://animeav1.com/media/digimon-universe-appli-monsters
animeav1-danganronpa-3-the-end-of-kibougamine-gakuen-kibou-hen,Danganronpa 3: The End of Kibougamine Gakuen - Kibou-hen,ESPECIAL,,,,anime,,,AnimeAV1,https://animeav1.com/media/danganronpa-3-the-end-of-kibougamine-gakuen-kibou-hen
animeav1-danganronpa-3-the-end-of-kibougamine-gakuen-zetsubou-hen,Danganronpa 3: The End of Kibougamine Gakuen - Zetsubou-hen,TV,,,,anime,,,AnimeAV1,https://animeav1.com/media/danganronpa-3-the-end-of-kibougamine-gakuen-zetsubou-hen
animeav1-danganronpa-3-the-end-of-kibougamine-gakuen-mirai-hen,Danganronpa 3: The End of Kibougamine Gakuen - Mirai-hen,TV,,,,anime,,,AnimeAV1,https://animeav1.com/media/danganronpa-3-the-end-of-kibougamine-gakuen-mirai-hen
animeav1-dgray-man-hallow,D.Gray-man Hallow,TV,,,,anime,,,AnimeAV1,https://animeav1.com/media/dgray-man-hallow
animeav1-days,Days (TV),TV,,,,anime,,,AnimeAV1,https://animeav1.com/media/days
animeav1-drifters-special-edition,Drifters: Special Edition,SPECIAL,,,,anime,,,AnimeAV1,https://animeav1.com/media/drifters-special-edition
animeav1-dimension-w-w-no-tobira-online-rose-no-onayami-soudanshitsu,Dimension W: W no Tobira Online - Rose no Onayami Soudanshitsu,TV,,,,anime,,,AnimeAV1,https://animeav1.com/media/dimension-w-w-no-tobira-online-rose-no-onayami-soudanshitsu
animeav1-doukyuusei,Doukyuusei,Movie,,,,anime,,,AnimeAV1,https://animeav1.com/media/doukyuusei
animeav1-dimension-w,Dimension W,TV,,,,anime,,,AnimeAV1,https://animeav1.com/media/dimension-w
animeav1-durararax2-ketsu,Durarara!!x2 Ketsu,TV,,,,anime,,,AnimeAV1,https://animeav1.com/media/durararax2-ketsu
animeav1-divine-gate,Divine Gate,TV,,,,anime,,,AnimeAV1,https://animeav1.com/media/divine-gate
animeav1-dagashi-kashi,Dagashi Kashi,TV,,,,anime,,,AnimeAV1,https://animeav1.com/media/dagashi-kashi
animeav1-digimon-adventure-tri,Digimon Adventure tri.,Movie,,,,action,,,AnimeAV1,https://animeav1.com/media/digimon-adventure-tri
animeav1-diabolik-lovers-moreblood,"Diabolik Lovers More,Blood",TV,,,,anime,,,AnimeAV1,https://animeav1.com/media/diabolik-lovers-moreblood
animeav1-date-a-live-movie-mayuri-judgment,Date A Live Movie: Mayuri Judgment,MOVIE,,,,anime,,,AnimeAV1,https://animeav1.com/media/date-a-live-movie-mayuri-judgment
animeav1-danchigai,Danchigai,TV,,,,anime,,,AnimeAV1,https://animeav1.com/media/danchigai
animeav1-dragon-ball-super,Dragon Ball Super,TV,,,,anime,,,AnimeAV1,https://animeav1.com/media/dragon-ball-super
animeav1-durararax2-ten,Durarara!!x2 Ten,TV,,,,anime,,,AnimeAV1,https://animeav1.com/media/durararax2-ten
animeav1-dragon-ball-z-movie-15-fukkatsu-no-f,"Dragon Ball Z Película 15: La Resurrección de ""F""",Movie,,,,anime,,,AnimeAV1,https://animeav1.com/media/dragon-ball-z-movie-15-fukkatsu-no-f
animeav1-diamond-no-ace-second-season,Diamond no Ace: Second Season,TV,,,,anime,,,AnimeAV1,https://animeav1.com/media/diamond-no-ace-second-season
animeav1-denpa-kyoushi,Denpa Kyoushi,TV,,,,anime,,,AnimeAV1,https://animeav1.com/media/denpa-kyoushi
animeav1-danmachi,Dungeon ni Deai wo Motomeru no wa Machigatteiru Darou ka,TV,,,,anime,,,AnimeAV1,https://animeav1.com/media/danmachi
animeav1-danna-ga-nani-wo-itteiru-ka-wakaranai-ken-2-sure-me,Danna ga Nani wo Itteiru ka Wakaranai Ken 2 Sure-me,TV,,,,anime,,,AnimeAV1,https://animeav1.com/media/danna-ga-nani-wo-itteiru-ka-wakaranai-ken-2-sure-me
animeav1-dog-days,Dog Days 3,TV,,,,anime,,,AnimeAV1,https://animeav1.com/media/dog-days
animeav1-death-parade,Death Parade,TV,,,,anime,,,AnimeAV1,https://animeav1.com/media/death-parade
animeav1-durararax2-shou,Durarara!!x2 Shou,TV,,,,anime,,,AnimeAV1,https://animeav1.com/media/durararax2-shou
animeav1-date-a-live-ii-kurumi-star-festival,Date A Live II: Kurumi Star Festival,OVA,,,,anime,,,AnimeAV1,https://animeav1.com/media/date-a-live-ii-kurumi-star-festival
animeav1-daitoshokan-no-hitsujikai,Daitoshokan no Hitsujikai,TV,,,,anime,,,AnimeAV1,https://animeav1.com/media/daitoshokan-no-hitsujikai
animeav1-donten-ni-warau,Donten ni Warau,TV,,,,anime,,,AnimeAV1,https://animeav1.com/media/donten-ni-warau
animeav1-danna-ga-nani-wo-itteiru-ka-wakaranai-ken,Danna ga Nani wo Itteiru ka Wakaranai Ken,TV,,,,anime,,,AnimeAV1,https://animeav1.com/media/danna-ga-nani-wo-itteiru-ka-wakaranai-ken
animeav1-denki-gai-no-honya-san,Denki-gai no Honya-san,TV,,,,anime,,,AnimeAV1,https://animeav1.com/media/denki-gai-no-honya-san
animeav1-dramatical-murder,DRAMAtical Murder,TV,,,,anime,,,AnimeAV1,https://animeav1.com/media/dramatical-murder
animeav1-date-a-live-ii,Date A Live II,TV,,,,anime,,,AnimeAV1,https://animeav1.com/media/date-a-live-ii
animeav1-d-frag,D-Frag!,TV,,,,anime,,,AnimeAV1,https://animeav1.com/media/d-frag
animeav1-date-a-live-date-to-date,Date A Live: Date to Date,OVA,,,,anime,,,AnimeAV1,https://animeav1.com/media/date-a-live-date-to-date
animeav1-dokidoki-precure-movie-mana-kekkon-mirai-ni-tsunagu-kibou-no-dress,Dokidoki! Precure Movie: Mana Kekkon!!? Mirai ni Tsunagu Kibou no Dress,MOVIE,,,,anime,,,AnimeAV1,https://animeav1.com/media/dokidoki-precure-movie-mana-kekkon-mirai-ni-tsunagu-kibou-no-dress
animeav1-diamond-no-ace,Diamond no Ace,TV,,,,anime,,,AnimeAV1,https://animeav1.com/media/diamond-no-ace
animeav1-diabolik-lovers,Diabolik Lovers,TV,,,,anime,,,AnimeAV1,https://animeav1.com/media/diabolik-lovers
animeav1-danganronpa-kibou-no-gakuen-to-zetsubou-no-koukousei-the-animation,Danganronpa: The Animation,TV,,,,anime,,,AnimeAV1,https://animeav1.com/media/danganronpa-kibou-no-gakuen-to-zetsubou-no-koukousei-the-animation
animeav1-date-a-live,Date A Live,TV,,,,anime,,,AnimeAV1,https://animeav1.com/media/date-a-live
animeav1-devil-survivor-2-the-animation,Devil Survivor 2 The Animation,TV,,,,anime,,,AnimeAV1,https://animeav1.com/media/devil-survivor-2-the-animation
animeav1-dansai-bunri-no-crime-edge,Dansai Bunri no Crime Edge,TV,,,,anime,,,AnimeAV1,https://animeav1.com/media/dansai-bunri-no-crime-edge
animeav1-dd-hokuto-no-ken-2013,DD Hokuto no Ken (2013),TV,,2013,,anime,,,AnimeAV1,https://animeav1.com/media/dd-hokuto-no-ken-2013
animeav1-dragon-ball-z-movie-14-kami-to-kami,Dragon Ball Z Película 14: Battle of Gods,Movie,,,,anime,,,AnimeAV1,https://animeav1.com/media/dragon-ball-z-movie-14-kami-to-kami
animeav1-dakara-boku-wa-h-ga-dekinai-mie-sugi-mizugi-contest,"Dakara Boku wa, H ga Dekinai Ova",OVA,,,,anime,,,AnimeAV1,https://animeav1.com/media/dakara-boku-wa-h-ga-dekinai-mie-sugi-mizugi-contest
animeav1-death-billiards,Death Billiards,Movie,,,,anime,,,AnimeAV1,https://animeav1.com/media/death-billiards
animeav1-dareka-no-manazashi,Dareka no Manazashi,Movie,,,,anime,,,AnimeAV1,https://animeav1.com/media/dareka-no-manazashi
animeav1-dokidoki-precure,Dokidoki! Precure,TV,,,,anime,,,AnimeAV1,https://animeav1.com/media/dokidoki-precure
animeav1-dciii-da-capo-iii,Da Capo III,TV,,,,anime,,,AnimeAV1,https://animeav1.com/media/dciii-da-capo-iii
animeav1-dantalian-no-shoka-ibarahime,Dantalian no Shoka: Ibarahime,OVA,,,,anime,,,AnimeAV1,https://animeav1.com/media/dantalian-no-shoka-ibarahime
animeav1-dog-days-2,Dog Days 2,TV,,,,anime,,,AnimeAV1,https://animeav1.com/media/dog-days-2
animeav1-dakara-boku-wa-h-ga-dekinai,"Dakara Boku wa, H ga Dekinai",TV,,,,anime,,,AnimeAV1,https://animeav1.com/media/dakara-boku-wa-h-ga-dekinai
animeav1-danshi-koukousei-no-nichijou-specials,Danshi Koukousei no Nichijou Specials,TV,,,,anime,,,AnimeAV1,https://animeav1.com/media/danshi-koukousei-no-nichijou-specials
animeav1-danshi-koukousei-no-nichijou,Danshi Koukousei no Nichijou,TV,,,,anime,,,AnimeAV1,https://animeav1.com/media/danshi-koukousei-no-nichijou
animeav1-dragon-ball-episode-of-bardock,Dragon Ball: Episode of Bardock,TV,,,,anime,,,AnimeAV1,https://animeav1.com/media/dragon-ball-episode-of-bardock
animeav1-deadman-wonderland-akai-knife-tsukai,Deadman Wonderland: Akai Knife Tsukai,OVA,,,,anime,,,AnimeAV1,https://animeav1.com/media/deadman-wonderland-akai-knife-tsukai
animeav1-digimon-xros-wars-toki-wo-kakeru-shounen-hunter-tachi,Digimon Xros Wars: Toki wo Kakeru Shounen Hunter-tachi,TV,,,,action,,,AnimeAV1,https://animeav1.com/media/digimon-xros-wars-toki-wo-kakeru-shounen-hunter-tachi
animeav1-dantalian-no-shoka,Dantalian no Shoka,TV,,,,anime,,,AnimeAV1,https://animeav1.com/media/dantalian-no-shoka
animeav1-deadman-wonderland,Deadman Wonderland,TV,,,,anime,,,AnimeAV1,https://animeav1.com/media/deadman-wonderland
animeav1-denpa-onna-to-seishun-otoko,Denpa Onna to Seishun Otoko,TV,,,,anime,,,AnimeAV1,https://animeav1.com/media/denpa-onna-to-seishun-otoko
animeav1-dog-days-1,Dog Days,TV,,,,anime,,,AnimeAV1,https://animeav1.com/media/dog-days-1
animeav1-dd-hokuto-no-ken,DD Hokuto no Ken,TV,,,,anime,,,AnimeAV1,https://animeav1.com/media/dd-hokuto-no-ken
animeav1-dragon-crisis,Dragon Crisis!,TV,,,,anime,,,AnimeAV1,https://animeav1.com/media/dragon-crisis
animeav1-digimon-xros-wars,Digimon Xros Wars,TV,,,,anime,,,AnimeAV1,https://animeav1.com/media/digimon-xros-wars
animeav1-densetsu-no-yuusha-no-densetsu,Densetsu no Yuusha no Densetsu,TV,,,,anime,,,AnimeAV1,https://animeav1.com/media/densetsu-no-yuusha-no-densetsu
animeav1-darker-than-black-kuro-no-keiyakusha-gaiden,Darker than Black: Kuro no Keiyakusha Gaiden,TV,,,,anime,,,AnimeAV1,https://animeav1.com/media/darker-than-black-kuro-no-keiyakusha-gaiden
animeav1-durarara,Durarara!!,TV,,,,anime,,,AnimeAV1,https://animeav1.com/media/durarara
animeav1-dance-in-the-vampire-bund,Dance in the Vampire Bund,TV,,,,anime,,,AnimeAV1,https://animeav1.com/media/dance-in-the-vampire-bund
animeav1-darker-than-black-ryuusei-no-gemini,Darker than Black: Ryuusei no Gemini,TV,,,,anime,,,AnimeAV1,https://animeav1.com/media/darker-than-black-ryuusei-no-gemini
animeav1-druaga-no-tou-the-sword-of-uruk,Druaga no Tou: The Sword of Uruk,TV,,,,anime,,,AnimeAV1,https://animeav1.com/media/druaga-no-tou-the-sword-of-uruk
animeav1-dcif-da-capo-if,Da Capo if,OVA,,,,anime,,,AnimeAV1,https://animeav1.com/media/dcif-da-capo-if
animeav1-detroit-metal-city,Detroit Metal City,OVA,,,,anime,,,AnimeAV1,https://animeav1.com/media/detroit-metal-city
animeav1-dcii-ss-da-capo-ii-second-season,Da Capo II Second Season,TV,,,,anime,,,AnimeAV1,https://animeav1.com/media/dcii-ss-da-capo-ii-second-season
animeav1-druaga-no-tou-the-aegis-of-uruk,Druaga no Tou: The Aegis of Uruk,TV,,,,anime,,,AnimeAV1,https://animeav1.com/media/druaga-no-tou-the-aegis-of-uruk
animeav1-dragonaut-the-resonance,Dragonaut: The Resonance,TV,,,,anime,,,AnimeAV1,https://animeav1.com/media/dragonaut-the-resonance
animeav1-dcii-da-capo-ii,Da Capo II,TV,,,,anime,,,AnimeAV1,https://animeav1.com/media/dcii-da-capo-ii
animeav1-death-note-rewrite,Death Note: Rewrite,ESPECIAL,,,,anime,,,AnimeAV1,https://animeav1.com/media/death-note-rewrite
animeav1-devil-may-cry,Devil May Cry,TV,,,,anime,,,AnimeAV1,https://animeav1.com/media/devil-may-cry
animeav1-dennou-coil,Dennou Coil,TV,,,,anime,,,AnimeAV1,https://animeav1.com/media/dennou-coil
animeav1-darker-than-black-kuro-no-keiyakusha,Darker than Black: Kuro no Keiyakusha,TV,,,,anime,,,AnimeAV1,https://animeav1.com/media/darker-than-black-kuro-no-keiyakusha
animeav1-doubutsu-no-mori,Doubutsu no Mori,Movie,,,,anime,,,AnimeAV1,https://animeav1.com/media/doubutsu-no-mori
animeav1-death-note,Death Note,TV,,,,anime,,,AnimeAV1,https://animeav1.com/media/death-note
animeav1-dgray-man,D.Gray-man,TV,,,,anime,,,AnimeAV1,https://animeav1.com/media/dgray-man
animeav1-demashita-powerpuff-girls-z,Demashita! Powerpuff Girls Z,TV,,,,anime,,,AnimeAV1,https://animeav1.com/media/demashita-powerpuff-girls-z
animeav1-digimon-savers,Digimon Savers,TV,,,,anime,,,AnimeAV1,https://animeav1.com/media/digimon-savers
animeav1-dcss-da-capo-second-season,Da Capo Second Season,TV,,,,anime,,,AnimeAV1,https://animeav1.com/media/dcss-da-capo-second-season
animeav1-dears,DearS,TV,,,,anime,,,AnimeAV1,https://animeav1.com/media/dears
animeav1-dead-leaves,Dead Leaves,Movie,,,,anime,,,AnimeAV1,https://animeav1.com/media/dead-leaves
animeav1-dc-da-capo,Da Capo,TV,,,,anime,,,AnimeAV1,https://animeav1.com/media/dc-da-capo
animeav1-dear-boys,Dear Boys,TV,,,,anime,,,AnimeAV1,https://animeav1.com/media/dear-boys
animeav1-dnangel,D.N.Angel,TV,,,,anime,,,AnimeAV1,https://animeav1.com/media/dnangel
animeav1-maou-dante,Demon Lord Dante,TV,,,,anime,,,AnimeAV1,https://animeav1.com/media/maou-dante
animeav1-digimon-frontier,Digimon Frontier,TV,,,,anime,,,AnimeAV1,https://animeav1.com/media/digimon-frontier
animeav1-di-gi-charat-hoshi-no-tabi,Di Gi Charat: Hoshi no Tabi,Movie,,,,anime,,,AnimeAV1,https://animeav1.com/media/di-gi-charat-hoshi-no-tabi
animeav1-di-gi-charat-natsuyasumi-special,Di Gi Charat Natsuyasumi Special,SPECIAL,,,,anime,,,AnimeAV1,https://animeav1.com/media/di-gi-charat-natsuyasumi-special
animeav1-digimon-tamers,Digimon Tamers,TV,,,,anime,,,AnimeAV1,https://animeav1.com/media/digimon-tamers
animeav1-di-gi-charat-christmas-special,Di Gi Charat Christmas Special,SPECIAL,,,,anime,,,AnimeAV1,https://animeav1.com/media/di-gi-charat-christmas-special
animeav1-dotto-koni-chan,Dotto Koni-chan,TV,,,,anime,,,AnimeAV1,https://animeav1.com/media/dotto-koni-chan
animeav1-di-gi-charat-summer-special-2000,Di Gi Charat Summer Special 2000,SPECIAL,,,,anime,,,AnimeAV1,https://animeav1.com/media/di-gi-charat-summer-special-2000
animeav1-digimon-adventure-02-movies,Digimon Adventure 02 Movies,Movie,,,,action,,,AnimeAV1,https://animeav1.com/media/digimon-adventure-02-movies
animeav1-digimon-adventure-02,Digimon Adventure 02,TV,,,,action,,,AnimeAV1,https://animeav1.com/media/digimon-adventure-02
animeav1-daa-daa-daa,Daa! Daa! Daa! UFO Baby,TV,,,,anime,,,AnimeAV1,https://animeav1.com/media/daa-daa-daa
animeav1-digimon-adventure-bokura-no-war-game,Digimon Adventure: Bokura no War Game!,Movie,,,,action,,,AnimeAV1,https://animeav1.com/media/digimon-adventure-bokura-no-war-game
animeav1-di-gi-charat,Di Gi Charat,TV,,,,anime,,,AnimeAV1,https://animeav1.com/media/di-gi-charat
animeav1-digimon-adventure,Digimon Adventure,TV,,,,action,,,AnimeAV1,https://animeav1.com/media/digimon-adventure
animeav1-dna-sights-9999,DNA Sights 999.9,OVA,,,,anime,,,AnimeAV1,https://animeav1.com/media/dna-sights-9999
animeav1-meitantei-conan-movie-02-14-banme-no-target,Detective Conan Película 2: La Decimocuarta Víctima,Movie,,,,anime,,,AnimeAV1,https://animeav1.com/media/meitantei-conan-movie-02-14-banme-no-target
animeav1-meitantei-conan-movie-01-tokei-jikake-no-matenrou,Detective Conan la Película 1: El Rascacielos del Tiempo,Movie,,,,anime,,,AnimeAV1,https://animeav1.com/media/meitantei-conan-movie-01-tokei-jikake-no-matenrou
animeav1-dragon-ball-gt-gokuu-gaiden-yuuki-no-akashi-wa-suushinchuu,Dragon Ball GT: 100 Años Después,ESPECIAL,,,,anime,,,AnimeAV1,https://animeav1.com/media/dragon-ball-gt-gokuu-gaiden-yuuki-no-akashi-wa-suushinchuu
animeav1-dragon-ball-movie-4-saikyou-e-no-michi,Dragon Ball Movie 4: Saikyou e no Michi,MOVIE,,,,anime,,,AnimeAV1,https://animeav1.com/media/dragon-ball-movie-4-saikyou-e-no-michi
animeav1-dragon-ball-gt,Dragon Ball GT,TV,,,,anime,,,AnimeAV1,https://animeav1.com/media/dragon-ball-gt
animeav1-dragon-ball-z-movie-13-ryuuken-bakuhatsu-gokuu-ga-yaraneba-dare-ga-yaru,Dragon Ball Z Pelicula 13: El ataque del dragón,Movie,,,,anime,,,AnimeAV1,https://animeav1.com/media/dragon-ball-z-movie-13-ryuuken-bakuhatsu-gokuu-ga-yaraneba-dare-ga-yaru
animeav1-dirty-pair-flash-2,Dirty Pair Flash 2,OVA,,,,anime,,,AnimeAV1,https://animeav1.com/media/dirty-pair-flash-2
animeav1-dragon-ball-z-movie-12-fukkatsu-no-fusion-gokuu-to-vegeta,Dragon Ball Z Pelicula 12: La fusión de Goku y Vegeta,Movie,,,,anime,,,AnimeAV1,https://animeav1.com/media/dragon-ball-z-movie-12-fukkatsu-no-fusion-gokuu-to-vegeta
animeav1-dna,DNA2,TV,,,,anime,,,AnimeAV1,https://animeav1.com/media/dna
animeav1-dragon-ball-z-movie-11-super-senshi-gekiha-katsu-no-wa-ore-da,Dragon Ball Z Pelicula 11: El combate final,Movie,,,,anime,,,AnimeAV1,https://animeav1.com/media/dragon-ball-z-movie-11-super-senshi-gekiha-katsu-no-wa-ore-da
animeav1-dragon-ball-z-movie-10-kiken-na-futari-super-senshi-wa-nemurenai,Dragon Ball Z Pelicula 10: El regreso del Guerrero Legendario,Movie,,,,anime,,,AnimeAV1,https://animeav1.com/media/dragon-ball-z-movie-10-kiken-na-futari-super-senshi-wa-nemurenai
animeav1-dirty-pair-flash,Dirty Pair Flash,OVA,,,,anime,,,AnimeAV1,https://animeav1.com/media/dirty-pair-flash
animeav1-dragon-ball-z-movie-09-ginga-girigiri-bucchigiri-no-sugoi-yatsu,Dragon Ball Z Pelicula 09: La Galaxia corre peligro,Movie,,,,anime,,,AnimeAV1,https://animeav1.com/media/dragon-ball-z-movie-09-ginga-girigiri-bucchigiri-no-sugoi-yatsu
animeav1-dragon-half,Dragon Half,OVA,,,,anime,,,AnimeAV1,https://animeav1.com/media/dragon-half
animeav1-dragon-ball-z-movie-08-moetsukiro-nessen-ressen-chougekisen,Dragon Ball Z Pelicula 08: El poder invencible,Movie,,,,anime,,,AnimeAV1,https://animeav1.com/media/dragon-ball-z-movie-08-moetsukiro-nessen-ressen-chougekisen
animeav1-dragon-ball-z-special-2-zetsubou-e-no-hankou-nokosareta-chousenshi-gohan-to-trunks,Dragon Ball Z Especial: Los guerreros de futuro,ESPECIAL,,,,anime,,,AnimeAV1,https://animeav1.com/media/dragon-ball-z-special-2-zetsubou-e-no-hankou-nokosareta-chousenshi-gohan-to-trunks
animeav1-dragon-ball-z-movie-07-kyokugen-battle-sandai-super-saiyajin,Dragon Ball Z Pelicula 07: La pelea de los tres Saiyajin,Movie,,,,anime,,,AnimeAV1,https://animeav1.com/media/dragon-ball-z-movie-07-kyokugen-battle-sandai-super-saiyajin
animeav1-dragon-ball-z-movie-06-gekitotsu-100-oku-power-no-senshi-tachi,Dragon Ball Z Pelicula 06: El regreso de Cooler,Movie,,,,anime,,,AnimeAV1,https://animeav1.com/media/dragon-ball-z-movie-06-gekitotsu-100-oku-power-no-senshi-tachi
animeav1-detonator-orgun,Detonator Orgun,OVA,,,,anime,,,AnimeAV1,https://animeav1.com/media/detonator-orgun
animeav1-dragon-ball-z-movie-05-tobikkiri-no-saikyou-tai-saikyou,Dragon Ball Z Pelicula 05: Los rivales mas poderosos,Movie,,,,anime,,,AnimeAV1,https://animeav1.com/media/dragon-ball-z-movie-05-tobikkiri-no-saikyou-tai-saikyou
animeav1-dragon-ball-z-movie-04-super-saiyajin-da-son-gokuu,Dragon Ball Z Pelicula 04: Goku es un Super Saiyajin,Movie,,,,anime,,,AnimeAV1,https://animeav1.com/media/dragon-ball-z-movie-04-super-saiyajin-da-son-gokuu
animeav1-dragon-ball-z-special-1-tatta-hitori-no-saishuu-kessen,Dragon Ball Z Especial: Freezer contra el padre de Goku,ESPECIAL,,,,anime,,,AnimeAV1,https://animeav1.com/media/dragon-ball-z-special-1-tatta-hitori-no-saishuu-kessen
animeav1-dragon-ball-z-movie-03-chikyuu-marugoto-choukessen,Dragon Ball Z Pelicula 03: La batalla más grande del mundo esta por comenzar,Movie,,,,anime,,,AnimeAV1,https://animeav1.com/media/dragon-ball-z-movie-03-chikyuu-marugoto-choukessen
animeav1-dragon-ball-z-movie-02-kono-yo-de-ichiban-tsuyoi-yatsu,Dragon Ball Z Pelicula 02: El hombre más fuerte de este mundo,Movie,,,,anime,,,AnimeAV1,https://animeav1.com/media/dragon-ball-z-movie-02-kono-yo-de-ichiban-tsuyoi-yatsu
animeav1-devilman-youchou-sirene-hen,Devilman: Youchou Sirene-hen,OVA,,,,anime,,,AnimeAV1,https://animeav1.com/media/devilman-youchou-sirene-hen
animeav1-dirty-pair-bouryaku-no-005-bin,Dirty Pair: Bouryaku no 005-bin,OVA,,,,anime,,,AnimeAV1,https://animeav1.com/media/dirty-pair-bouryaku-no-005-bin
animeav1-dragon-ball-z-movie-01-ora-no-gohan-wo-kaese,Dragon Ball Z Pelicula 01: Devuelveme a mi Gohan,Movie,,,,anime,,,AnimeAV1,https://animeav1.com/media/dragon-ball-z-movie-01-ora-no-gohan-wo-kaese
animeav1-dragon-ball-z,Dragon Ball Z,TV,,,,anime,,,AnimeAV1,https://animeav1.com/media/dragon-ball-z
animeav1-dragon-ball-movie-3-makafushigi-daibouken,Dragon Ball Movie 3: Makafushigi Daibouken,MOVIE,,,,anime,,,AnimeAV1,https://animeav1.com/media/dragon-ball-movie-3-makafushigi-daibouken
animeav1-dominion,Dominion,OVA,,,,anime,,,AnimeAV1,https://animeav1.com/media/dominion
animeav1-dirty-pair-ova,Dirty Pair OVA,OVA,,,,anime,,,AnimeAV1,https://animeav1.com/media/dirty-pair-ova
animeav1-devilman-tanjou-hen,Devilman: Tanjou-hen,OVA,,,,anime,,,AnimeAV1,https://animeav1.com/media/devilman-tanjou-hen
animeav1-dragon-ball-movie-2-majinjou-no-nemurihime,Dragon Ball Movie 2: Majinjou no Nemurihime,MOVIE,,,,anime,,,AnimeAV1,https://animeav1.com/media/dragon-ball-movie-2-majinjou-no-nemurihime
animeav1-dirty-pair-the-movie,Dirty Pair: The Movie,MOVIE,,,,anime,,,AnimeAV1,https://animeav1.com/media/dirty-pair-the-movie
animeav1-dirty-pair-lovely-angels-yori-ai-wo-komete,Dirty Pair: Lovely Angels yori Ai wo Komete,OVA,,,,anime,,,AnimeAV1,https://animeav1.com/media/dirty-pair-lovely-angels-yori-ai-wo-komete
animeav1-dragon-ball-movie-1-shen-long-no-densetsu,Dragon Ball Movie 1: Shen Long no Densetsu,MOVIE,,,,anime,,,AnimeAV1,https://animeav1.com/media/dragon-ball-movie-1-shen-long-no-densetsu
animeav1-dragon-ball,Dragon Ball,TV,,,,anime,,,AnimeAV1,https://animeav1.com/media/dragon-ball
animeav1-dirty-pair-no-ooshoubu-nolandia-no-nazo,Dirty Pair no Ooshoubu: Nolandia no Nazo,OVA,,,,anime,,,AnimeAV1,https://animeav1.com/media/dirty-pair-no-ooshoubu-nolandia-no-nazo
animeav1-dirty-pair,Dirty Pair,TV,,,,anime,,,AnimeAV1,https://animeav1.com/media/dirty-pair
animeav1-densetsu-kyojin-ideon-hatsudou-hen,Densetsu Kyojin Ideon: Hatsudou-hen,Movie,,2019,,anime,,,AnimeAV1,https://animeav1.com/media/densetsu-kyojin-ideon-hatsudou-hen
animeav1-densetsu-kyojin-ideon-sesshoku-hen,Densetsu Kyojin Ideon: Sesshoku-hen,Movie,,2018,,anime,,,AnimeAV1,https://animeav1.com/media/densetsu-kyojin-ideon-sesshoku-hen
animeav1-dash-kappei,Dash! Kappei,TV,,,,anime,,,AnimeAV1,https://animeav1.com/media/dash-kappei
animeav1-densetsu-kyojin-ideon,Densetsu Kyojin Ideon,TV,,2017,,anime,,,AnimeAV1,https://animeav1.com/media/densetsu-kyojin-ideon
animeav1-devilman,Devilman,TV,,,,anime,,,AnimeAV1,https://animeav1.com/media/devilman
animeav1-enen-no-shouboutai-san-no-shou-part-2,Enen no Shouboutai: San no Shou Part 2,TV,,,,anime,,,AnimeAV1,https://animeav1.com/media/enen-no-shouboutai-san-no-shou-part-2
animeav1-eris-no-seihai,Eris no Seihai,TV,,,,anime,,,AnimeAV1,https://animeav1.com/media/eris-no-seihai
animeav1-egao-no-taenai-shokuba-desu,Egao no Taenai Shokuba desu.,TV,,,,anime,,,AnimeAV1,https://animeav1.com/media/egao-no-taenai-shokuba-desu
animeav1-enen-no-shouboutai-san-no-shou,Enen no Shouboutai: San no Shou,TV,,,,anime,,,AnimeAV1,https://animeav1.com/media/enen-no-shouboutai-san-no-shou
animeav1-elf-san-wa-yaserarenai,Elf-san wa Yaserarenai.,TV,,,,anime,,,AnimeAV1,https://animeav1.com/media/elf-san-wa-yaserarenai
animeav1-eiyuu-kyoushitsu,Eiyuu Kyoushitsu,TV,,,,anime,,,AnimeAV1,https://animeav1.com/media/eiyuu-kyoushitsu
animeav1-edomae-elf,Edomae Elf,TV,,,,anime,,,AnimeAV1,https://animeav1.com/media/edomae-elf
animeav1-edens-zero-2nd-season,Edens Zero 2nd Season,TV,,,,anime,,,AnimeAV1,https://animeav1.com/media/edens-zero-2nd-season
animeav1-eiyuuou-bu-wo-kiwameru-tame-tenseisu-soshite-sekai-saikyou-no-minarai-kishi,"Eiyuuou, Bu wo Kiwameru Tame Tenseisu: Soshite, Sekai Saikyou no Minarai Kishi♀",TV,,,,anime,,,AnimeAV1,https://animeav1.com/media/eiyuuou-bu-wo-kiwameru-tame-tenseisu-soshite-sekai-saikyou-no-minarai-kishi
animeav1-extreme-hearts,Extreme Hearts,TV,,,,anime,,,AnimeAV1,https://animeav1.com/media/extreme-hearts
animeav1-engage-kiss,Engage Kiss,TV,,,,anime,,,AnimeAV1,https://animeav1.com/media/engage-kiss
animeav1-eiga-daisuki-pompo-san,Eiga Daisuki Pompo-san,Movie,,,,anime,,,AnimeAV1,https://animeav1.com/media/eiga-daisuki-pompo-san
animeav1-edens-zero,Edens Zero,TV,,,,anime,,,AnimeAV1,https://animeav1.com/media/edens-zero
animeav1-ex-arm,Ex-Arm,TV,,,,anime,,,AnimeAV1,https://animeav1.com/media/ex-arm
animeav1-enen-no-shouboutai-ni-no-shou,Enen no Shouboutai: Ni no Shou,TV,,,,anime,,,AnimeAV1,https://animeav1.com/media/enen-no-shouboutai-ni-no-shou
animeav1-eizouken-ni-wa-te-wo-dasu-na,Eizouken ni wa Te wo Dasu na!,TV,,,,anime,,,AnimeAV1,https://animeav1.com/media/eizouken-ni-wa-te-wo-dasu-na
animeav1-enen-no-shouboutai,Enen no Shouboutai,TV,,,,anime,,,AnimeAV1,https://animeav1.com/media/enen-no-shouboutai
animeav1-endro,Endro~!,TV,Finished Airing,,,anime,,,AnimeAV1,https://animeav1.com/media/endro
animeav1-egao-no-daika,Egao no Daika,TV,,,,anime,,,AnimeAV1,https://animeav1.com/media/egao-no-daika
animeav1-emiya-san-chi-no-kyou-no-gohan,Emiya-san Chi no Kyou no Gohan,ONA,,,,anime,,,AnimeAV1,https://animeav1.com/media/emiya-san-chi-no-kyou-no-gohan
animeav1-evil-or-live-recap,Evil or Live Recap 9.5,ESPECIAL,,,,anime,,,AnimeAV1,https://animeav1.com/media/evil-or-live-recap
animeav1-evil-or-live,Evil or Live,TV,,,,anime,,,AnimeAV1,https://animeav1.com/media/evil-or-live
animeav1-eromanga-sensei,Eromanga-sensei,TV,,,,anime,,,AnimeAV1,https://animeav1.com/media/eromanga-sensei
animeav1-eureka-seven-ao-one-more-time-lord-dont-slow-me-down,Eureka Seven Astral Ocean : Final Episode,ONA,,,,anime,,,AnimeAV1,https://animeav1.com/media/eureka-seven-ao-one-more-time-lord-dont-slow-me-down
animeav1-endride,Endride,TV,,,,anime,,,AnimeAV1,https://animeav1.com/media/endride
animeav1-etotama,Etotama,TV,,,,anime,,,AnimeAV1,https://animeav1.com/media/etotama
animeav1-escha-logy-no-atelier-tasogare-no-sora-no-renkinjutsushi,Escha & Logy no Atelier: Tasogare no Sora no Renkinjutsushi,TV,,,,anime,,,AnimeAV1,https://animeav1.com/media/escha-logy-no-atelier-tasogare-no-sora-no-renkinjutsushi
animeav1-evangelion-movie-3-q,Evangelion Movie 3: Q,MOVIE,,,,anime,,,AnimeAV1,https://animeav1.com/media/evangelion-movie-3-q
animeav1-eureka-seven-ao-jungfrau-no-hanabana-tachi,Eureka Seven AO: Jungfrau no Hanabana-tachi,OVA,,,,anime,,,AnimeAV1,https://animeav1.com/media/eureka-seven-ao-jungfrau-no-hanabana-tachi
animeav1-ebiten-kouritsu-ebisugawa-koukou-tenmonbu,Ebiten: Kouritsu Ebisugawa Koukou Tenmonbu,ONA,,,,anime,,,AnimeAV1,https://animeav1.com/media/ebiten-kouritsu-ebisugawa-koukou-tenmonbu
animeav1-eureka-seven-ao,Eureka Seven Astral Ocean,TV,,,,anime,,,AnimeAV1,https://animeav1.com/media/eureka-seven-ao
animeav1-eiyuu-densetsu-sora-no-kiseki-the-animation,Eiyuu Densetsu: Sora no Kiseki The Animation,OVA,,,,anime,,,AnimeAV1,https://animeav1.com/media/eiyuu-densetsu-sora-no-kiseki-the-animation
animeav1-tibet-inu-monogatari,El perro tibetano,Movie,,,,anime,,,AnimeAV1,https://animeav1.com/media/tibet-inu-monogatari
animeav1-eve-no-jikan-movie,Eve no Jikan (Movie),MOVIE,,,,anime,,,AnimeAV1,https://animeav1.com/media/eve-no-jikan-movie
animeav1-evangelion-movie-2-ha,Evangelion Movie 2: Ha,MOVIE,,,,anime,,,AnimeAV1,https://animeav1.com/media/evangelion-movie-2-ha
animeav1-koukyoushihen-eureka-seven-pocket-ga-niji-de-ippai,Eureka Seven: Pocket ga Niji de Ippai,Movie,,,,anime,,,AnimeAV1,https://animeav1.com/media/koukyoushihen-eureka-seven-pocket-ga-niji-de-ippai
animeav1-eve-no-jikan,Eve no Jikan,ONA,,,,anime,,,AnimeAV1,https://animeav1.com/media/eve-no-jikan
animeav1-evangelion-movie-1-jo,Evangelion Movie 1: Jo,MOVIE,,,,anime,,,AnimeAV1,https://animeav1.com/media/evangelion-movie-1-jo
animeav1-eikoku-koi-monogatari-emma-molders-hen,Eikoku Koi Monogatari Emma: Molders-hen,TV,,,,anime,,,AnimeAV1,https://animeav1.com/media/eikoku-koi-monogatari-emma-molders-hen
animeav1-eikoku-koi-monogatari-emma-intermission,Eikoku Koi Monogatari Emma: Intermission,ESPECIAL,,,,anime,,,AnimeAV1,https://animeav1.com/media/eikoku-koi-monogatari-emma-intermission
animeav1-el-cazador-de-la-bruja,El Cazador de la Bruja,TV,,,,anime,,,AnimeAV1,https://animeav1.com/media/el-cazador-de-la-bruja
animeav1-ergo-proxy,Ergo Proxy,TV,,,,anime,,,AnimeAV1,https://animeav1.com/media/ergo-proxy
animeav1-elfen-lied-tooriame-nite-arui-wa-shoujo-wa-ikani-shite-sono-shinjou-ni-itatta-ka-regenschauer,Elfen Lied OVA,OVA,,,,romance,,,AnimeAV1,https://animeav1.com/media/elfen-lied-tooriame-nite-arui-wa-shoujo-wa-ikani-shite-sono-shinjou-ni-itatta-ka-regenschauer
animeav1-koukyoushihen-eureka-seven,Eureka Seven,TV,,,,anime,,,AnimeAV1,https://animeav1.com/media/koukyoushihen-eureka-seven
animeav1-eyeshield-21,Eyeshield 21,TV,,,,anime,,,AnimeAV1,https://animeav1.com/media/eyeshield-21
animeav1-erementar-gerad,Elemental Gelade,TV,,,,anime,,,AnimeAV1,https://animeav1.com/media/erementar-gerad
animeav1-eikoku-koi-monogatari-emma,Eikoku Koi Monogatari Emma,TV,,,,anime,,,AnimeAV1,https://animeav1.com/media/eikoku-koi-monogatari-emma
animeav1-elfen-lied,Elfen Lied,TV,,,,anime,,,AnimeAV1,https://animeav1.com/media/elfen-lied
animeav1-eiken-eikenbu-yori-ai-wo-komete,Eiken: Eikenbu yori Ai wo Komete,OVA,,,,anime,,,AnimeAV1,https://animeav1.com/media/eiken-eikenbu-yori-ai-wo-komete
animeav1-es-otherwise,E's Otherwise,TV,,,,anime,,,AnimeAV1,https://animeav1.com/media/es-otherwise
animeav1-escaflowne,Escaflowne The Movie,MOVIE,,,,anime,,,AnimeAV1,https://animeav1.com/media/escaflowne
animeav1-heppoko-jikken-animation-excelsaga,Excel Saga,TV,,,,anime,,,AnimeAV1,https://animeav1.com/media/heppoko-jikken-animation-excelsaga
animeav1-eat-man-98,Eat-Man '98,TV,,,,anime,,,AnimeAV1,https://animeav1.com/media/eat-man-98
animeav1-elf-ban-kakyuusei-anata-dake-wo-mitsumete,Elf-ban Kakyuusei: Anata dake wo Mitsumete...,OVA,,,,anime,,,AnimeAV1,https://animeav1.com/media/elf-ban-kakyuusei-anata-dake-wo-mitsumete
animeav1-eat-man,Eat-Man,TV,,,,anime,,,AnimeAV1,https://animeav1.com/media/eat-man
animeav1-tenkuu-no-escaflowne,Escaflowne,TV,,,,anime,,,AnimeAV1,https://animeav1.com/media/tenkuu-no-escaflowne
animeav1-shinpi-no-sekai-el-hazard-tv,El Hazard: The Wanderers,TV,,,,anime,,,AnimeAV1,https://animeav1.com/media/shinpi-no-sekai-el-hazard-tv
animeav1-shinpi-no-sekai-el-hazard,El Hazard: The Magnificent World,OVA,,,,anime,,,AnimeAV1,https://animeav1.com/media/shinpi-no-sekai-el-hazard
animeav1-fangkai-nage-nuwu,Fangkai Nage Nuwu,ONA,,,,anime,,,AnimeAV1,https://animeav1.com/media/fangkai-nage-nuwu
animeav1-fatestrange-fake,Fate/strange Fake,TV,,,,anime,,,AnimeAV1,https://animeav1.com/media/fatestrange-fake
animeav1-fujimoto-tatsuki-17-26,Fujimoto Tatsuki 17-26,ONA,,,,anime,,,AnimeAV1,https://animeav1.com/media/fujimoto-tatsuki-17-26
animeav1-fumetsu-no-anata-e-season-3,Fumetsu no Anata e Season 3,TV,,,,anime,,,AnimeAV1,https://animeav1.com/media/fumetsu-no-anata-e-season-3
animeav1-futari-solo-camp,Futari Solo Camp,TV,,,,anime,,,AnimeAV1,https://animeav1.com/media/futari-solo-camp
animeav1-food-court-de-mata-ashita,"Food Court de, Mata Ashita.",TV,,,,anime,,,AnimeAV1,https://animeav1.com/media/food-court-de-mata-ashita
animeav1-fermat-no-ryouri,Fermat no Ryouri,TV,,,,anime,,,AnimeAV1,https://animeav1.com/media/fermat-no-ryouri
animeav1-farmagia,Farmagia,TV,,,,anime,,,AnimeAV1,https://animeav1.com/media/farmagia
animeav1-fuguushoku-kanteishi-ga-jitsu-wa-saikyou-datta,"Fuguushoku ""Kanteishi"" ga Jitsu wa Saikyou Datta",TV,,,,anime,,,AnimeAV1,https://animeav1.com/media/fuguushoku-kanteishi-ga-jitsu-wa-saikyou-datta
animeav1-fuuto-tantei-movie-kamen-rider-skull-no-shouzou,Fuuto Tantei Movie: Kamen Rider Skull no Shouzou,MOVIE,,,,anime,,,AnimeAV1,https://animeav1.com/media/fuuto-tantei-movie-kamen-rider-skull-no-shouzou
animeav1-fairy-tail-100-nen-quest-kanwa-lucys-diary,Fairy Tail: 100-nen Quest - Kanwa - Lucy's Diary,ESPECIAL,,,,anime,,,AnimeAV1,https://animeav1.com/media/fairy-tail-100-nen-quest-kanwa-lucys-diary
animeav1-fairy-tail-100-nen-quest,Fairy Tail 4 : 100-nen Quest,TV,,,,anime,,,AnimeAV1,https://animeav1.com/media/fairy-tail-100-nen-quest
animeav1-fate-strange-fake-whispers-of-dawn,Fate/strange Fake: Whispers of Dawn,ESPECIAL,,,,anime,,,AnimeAV1,https://animeav1.com/media/fate-strange-fake-whispers-of-dawn
animeav1-fumetsu-no-anata-e-season-2,Fumetsu no Anata e Season 2,TV,,,,anime,,,AnimeAV1,https://animeav1.com/media/fumetsu-no-anata-e-season-2
animeav1-fuufu-ijou-koibito-miman,"Fuufu Ijou, Koibito Miman.",TV,,,,anime,,,AnimeAV1,https://animeav1.com/media/fuufu-ijou-koibito-miman
animeav1-futoku-no-guild,Futoku no Guild,TV,,,,anime,,,AnimeAV1,https://animeav1.com/media/futoku-no-guild
animeav1-fuuto-tantei,Fuuto Tantei,TV,,,,anime,,,AnimeAV1,https://animeav1.com/media/fuuto-tantei
animeav1-fruits-basket-prelude,Fruits Basket: Prelude,Movie,,,,anime,,,AnimeAV1,https://animeav1.com/media/fruits-basket-prelude
animeav1-fantasy-bishoujo-juniku-ojisan-to,Fantasy Bishoujo Juniku Ojisan to,TV,,,,fantasy,,,AnimeAV1,https://animeav1.com/media/fantasy-bishoujo-juniku-ojisan-to
animeav1-futsal-boys,Futsal Boys!!!!!,TV,,,,anime,,,AnimeAV1,https://animeav1.com/media/futsal-boys
animeav1-fate-kaleid-liner-prisma-illya-movie-licht-namae-no-nai-shoujo,Fate/kaleid liner Prisma☆Illya Movie: Licht - Namae no Nai Shoujo,MOVIE,,,,romance,,,AnimeAV1,https://animeav1.com/media/fate-kaleid-liner-prisma-illya-movie-licht-namae-no-nai-shoujo
animeav1-fate-grand-order-shuukyoku-tokuiten-kani-jikan-shinden-solomon,Fate/Grand Order: Shuukyoku Tokuiten - Kani Jikan Shinden Solomon,Movie,,,,anime,,,AnimeAV1,https://animeav1.com/media/fate-grand-order-shuukyoku-tokuiten-kani-jikan-shinden-solomon
animeav1-fate-grand-order-shinsei-entaku-ryouiki-camelot-2-paladin-agateram,Fate/Grand Order: Shinsei Entaku Ryouiki Camelot 2 - Paladin; Agateram,Movie,,,,anime,,,AnimeAV1,https://animeav1.com/media/fate-grand-order-shinsei-entaku-ryouiki-camelot-2-paladin-agateram
animeav1-fumetsu-no-anata-e,Fumetsu no Anata e,TV,,,,anime,,,AnimeAV1,https://animeav1.com/media/fumetsu-no-anata-e
animeav1-fairy-ranmaru-anata-no-kokoro-otasuke-shimasu,Fairy Ranmaru: Anata no Kokoro Otasuke Shimasu,TV,,,,anime,,,AnimeAV1,https://animeav1.com/media/fairy-ranmaru-anata-no-kokoro-otasuke-shimasu
animeav1-fruits-basket-the-final,Fruits Basket 3 : The Final,TV,,,,anime,,,AnimeAV1,https://animeav1.com/media/fruits-basket-the-final
animeav1-fate-grand-carnival,Fate/Grand Carnival,OVA,,,,anime,,,AnimeAV1,https://animeav1.com/media/fate-grand-carnival
animeav1-fategrand-order-shinsei-entaku-ryouiki-camelot-1-wandering-agateram,Fate/Grand Order: Shinsei Entaku Ryouiki Camelot 1 - Wandering; Agateram,Movie,,,,anime,,,AnimeAV1,https://animeav1.com/media/fategrand-order-shinsei-entaku-ryouiki-camelot-1-wandering-agateram
animeav1-fate-stay-night-movie-heavens-feel-iii-spring-song,Fate/stay night Movie: Heaven's Feel - III. Spring Song,MOVIE,,,,anime,,,AnimeAV1,https://animeav1.com/media/fate-stay-night-movie-heavens-feel-iii-spring-song
animeav1-fugou-keiji-balanceunlimited,Fugou Keiji: Balance:Unlimited,TV,,,,anime,,,AnimeAV1,https://animeav1.com/media/fugou-keiji-balanceunlimited
animeav1-fruits-basket-2nd-season,Fruits Basket 2nd Season,TV,,,,anime,,,AnimeAV1,https://animeav1.com/media/fruits-basket-2nd-season
animeav1-fragtime,Fragtime,Movie,,,,anime,,,AnimeAV1,https://animeav1.com/media/fragtime
animeav1-fairy-gone-part-2,Fairy Gone Part 2,TV,,,,anime,,,AnimeAV1,https://animeav1.com/media/fairy-gone-part-2
animeav1-fategrand-order-zettai-majuu-sensen-babylonia,Fate/Grand Order: Zettai Majuu Sensen Babylonia,TV,,,,anime,,,AnimeAV1,https://animeav1.com/media/fategrand-order-zettai-majuu-sensen-babylonia
animeav1-fategrand-order-zettai-majuu-sensen-babylonia-initium-iter,Fate/Grand Order: Zettai Majuu Sensen Babylonia - Initium Iter,TV,,,,anime,,,AnimeAV1,https://animeav1.com/media/fategrand-order-zettai-majuu-sensen-babylonia-initium-iter
animeav1-fate-kaleid-liner-prisma-illya-prisma-phantasm,Fate/kaleid liner Prisma☆Illya: Prisma☆Phantasm,Movie,,,,anime,,,AnimeAV1,https://animeav1.com/media/fate-kaleid-liner-prisma-illya-prisma-phantasm
animeav1-fairy-gone,Fairy Gone,TV,,,,anime,,,AnimeAV1,https://animeav1.com/media/fairy-gone
animeav1-fruits-basket-1st-season,Fruits Basket (2019),TV,,2019,,anime,,,AnimeAV1,https://animeav1.com/media/fruits-basket-1st-season
animeav1-final-fantasy-xv-episode-ardyn-prologue,Final Fantasy XV: Episode Ardyn - Prologue,ONA,,,,fantasy,,,AnimeAV1,https://animeav1.com/media/final-fantasy-xv-episode-ardyn-prologue
animeav1-fatestay-night-movie-heavens-feel-ii-lost-butterfly,Fate/stay night Movie: Heaven's Feel - II. Lost Butterfly,MOVIE,,,,anime,,,AnimeAV1,https://animeav1.com/media/fatestay-night-movie-heavens-feel-ii-lost-butterfly
animeav1-fukigen-na-mononokean-tsuzuki,Fukigen na Mononokean 2 Tsuzuki,TV,,,,anime,,,AnimeAV1,https://animeav1.com/media/fukigen-na-mononokean-tsuzuki
animeav1-fairy-tail-final-series,Fairy Tail 3 : Final Series,TV,,,,anime,,,AnimeAV1,https://animeav1.com/media/fairy-tail-final-series
animeav1-flcl-progressive,FLCL 2 Progressive,Movie,,,,anime,,,AnimeAV1,https://animeav1.com/media/flcl-progressive
animeav1-flcl-alternative,FLCL 3 Alternative,Movie,,,,anime,,,AnimeAV1,https://animeav1.com/media/flcl-alternative
animeav1-free-dive-to-the-future,Free! Dive to the Future,TV,,,,anime,,,AnimeAV1,https://animeav1.com/media/free-dive-to-the-future
animeav1-full-metal-panic-invisible-victory,Full Metal Panic! Invisible Victory,TV,,,,anime,,,AnimeAV1,https://animeav1.com/media/full-metal-panic-invisible-victory
animeav1-fumikiri-jikan,Fumikiri Jikan,TV,,,,anime,,,AnimeAV1,https://animeav1.com/media/fumikiri-jikan
animeav1-fate-extra-last-encore,Fate/Extra: Last Encore,TV,,,,anime,,,AnimeAV1,https://animeav1.com/media/fate-extra-last-encore
animeav1-fate-grand-order-moonlight-lostroom,Fate/Grand Order: Moonlight/Lostroom,ESPECIAL,,,,anime,,,AnimeAV1,https://animeav1.com/media/fate-grand-order-moonlight-lostroom
animeav1-fate-stay-night-movie-heavens-feel-i-presage-flower,Fate/stay night Movie: Heaven's Feel - I. Presage Flower,MOVIE,,,,anime,,,AnimeAV1,https://animeav1.com/media/fate-stay-night-movie-heavens-feel-i-presage-flower
animeav1-fate-kaleid-liner-prisma-illya-movie-sekka-no-chikai,Fate/kaleid liner Prisma☆Illya Movie: Sekka no Chikai,MOVIE,,,,anime,,,AnimeAV1,https://animeav1.com/media/fate-kaleid-liner-prisma-illya-movie-sekka-no-chikai
animeav1-fateapocrypha,Fate/Apocrypha,TV,,,,anime,,,AnimeAV1,https://animeav1.com/media/fateapocrypha
animeav1-fairy-tail-movie-2-dragon-cry,Fairy Tail Movie 2: Dragon Cry,MOVIE,,,,anime,,,AnimeAV1,https://animeav1.com/media/fairy-tail-movie-2-dragon-cry
animeav1-fukumenkei-noise,Fukumenkei Noise,TV,,,,anime,,,AnimeAV1,https://animeav1.com/media/fukumenkei-noise
animeav1-frame-arms-girl,Frame Arms Girl,TV,,,,anime,,,AnimeAV1,https://animeav1.com/media/frame-arms-girl
animeav1-furusato-meguri-nippon-no-mukashibanashi,Furusato Meguri: Nippon no Mukashibanashi,TV,,,,anime,,,AnimeAV1,https://animeav1.com/media/furusato-meguri-nippon-no-mukashibanashi
animeav1-fuuka,Fuuka,TV,,,,anime,,,AnimeAV1,https://animeav1.com/media/fuuka
animeav1-fate-grand-order-first-order,Fate/Grand Order: First Order,ESPECIAL,,,,anime,,,AnimeAV1,https://animeav1.com/media/fate-grand-order-first-order
animeav1-fune-wo-amu,Fune wo Amu,TV,,,,anime,,,AnimeAV1,https://animeav1.com/media/fune-wo-amu
animeav1-flip-flappers,Flip Flappers,TV,,,,anime,,,AnimeAV1,https://animeav1.com/media/flip-flappers
animeav1-fate-kaleid-liner-prisma-illya-3rei,Fate/kaleid liner Prisma☆Illya 3rei!!,TV,,,,anime,,,AnimeAV1,https://animeav1.com/media/fate-kaleid-liner-prisma-illya-3rei
animeav1-fukigen-na-mononokean,Fukigen na Mononokean,TV,,,,anime,,,AnimeAV1,https://animeav1.com/media/fukigen-na-mononokean
animeav1-flying-witch,Flying Witch,TV,,,,anime,,,AnimeAV1,https://animeav1.com/media/flying-witch
animeav1-futsuu-no-joshikousei-ga-locodol-yattemita-ova,"Futsuu no Joshikousei ga ""Locodol"" Yattemita. OVA",OVA,,,,anime,,,AnimeAV1,https://animeav1.com/media/futsuu-no-joshikousei-ga-locodol-yattemita-ova
animeav1-fushigi-na-somera-chan,Fushigi na Somera-chan,TV,,,,anime,,,AnimeAV1,https://animeav1.com/media/fushigi-na-somera-chan
animeav1-fate-stay-night-unlimited-blade-works-sunny-day,Fate/stay night: Unlimited Blade Works - Sunny Day,TV,,,,anime,,,AnimeAV1,https://animeav1.com/media/fate-stay-night-unlimited-blade-works-sunny-day
animeav1-fate-kaleid-liner-prisma-illya-2wei-hertz,Fate/kaleid liner Prisma☆Illya 2wei Herz!,TV,,,,anime,,,AnimeAV1,https://animeav1.com/media/fate-kaleid-liner-prisma-illya-2wei-hertz
animeav1-fate-stay-night-unlimited-blade-works,Fate/stay night: Unlimited Blade Works,TV,,,,anime,,,AnimeAV1,https://animeav1.com/media/fate-stay-night-unlimited-blade-works
animeav1-futsuu-no-joshikousei-ga-locodol-yattemita-nagarekawa-annai-shitemita,"Futsuu no Joshikousei ga ""Locodol"" Yattemita.: Nagarekawa, Annai Shitemita.",TV,,,,anime,,,AnimeAV1,https://animeav1.com/media/futsuu-no-joshikousei-ga-locodol-yattemita-nagarekawa-annai-shitemita
animeav1-fate-kaleid-liner-prisma-illya-2wei,Fate/kaleid liner Prisma☆Illya 2wei!,TV,,,,anime,,,AnimeAV1,https://animeav1.com/media/fate-kaleid-liner-prisma-illya-2wei
animeav1-futsuu-no-joshikousei-ga-locodol-yattemita,"Futsuu no Joshikousei ga ""Locodol"" Yattemita.",TV,,,,anime,,,AnimeAV1,https://animeav1.com/media/futsuu-no-joshikousei-ga-locodol-yattemita
animeav1-free-eternal-summer,Free! Eternal Summer,TV,,,,anime,,,AnimeAV1,https://animeav1.com/media/free-eternal-summer
animeav1-fuuun-ishin-daishougun,Fuuun Ishin Dai Shougun,TV,,,,anime,,,AnimeAV1,https://animeav1.com/media/fuuun-ishin-daishougun
animeav1-fairy-tail-2014,Fairy Tail 2 : (2014),TV,,2014,,anime,,,AnimeAV1,https://animeav1.com/media/fairy-tail-2014
animeav1-freezing-vibration-specials,Freezing Vibration Specials,TV,,,,anime,,,AnimeAV1,https://animeav1.com/media/freezing-vibration-specials
animeav1-freezing-vibration,Freezing Vibration,TV,,,,anime,,,AnimeAV1,https://animeav1.com/media/freezing-vibration
animeav1-fate-kaleid-liner-prisma-illya,Fate/kaleid liner Prisma☆Illya,TV,,,,anime,,,AnimeAV1,https://animeav1.com/media/fate-kaleid-liner-prisma-illya
animeav1-futari-wa-milky-holmes,Futari wa Milky Holmes,TV,,,,anime,,,AnimeAV1,https://animeav1.com/media/futari-wa-milky-holmes
animeav1-free,Free!,TV,,,,anime,,,AnimeAV1,https://animeav1.com/media/free
animeav1-fuse-teppou-musume-no-torimonochou,Fuse: Teppou Musume no Torimonochou,Movie,,,,anime,,,AnimeAV1,https://animeav1.com/media/fuse-teppou-musume-no-torimonochou
animeav1-fairy-tail-movie-1-houou-no-miko,Fairy Tail Movie 1: Houou no Miko,MOVIE,,,,anime,,,AnimeAV1,https://animeav1.com/media/fairy-tail-movie-1-houou-no-miko
animeav1-fate-zero-2nd-season,Fate/Zero 2nd Season,TV,,,,anime,,,AnimeAV1,https://animeav1.com/media/fate-zero-2nd-season
animeav1-fate-prototype,Fate/Prototype,OVA,,,,anime,,,AnimeAV1,https://animeav1.com/media/fate-prototype
animeav1-fate-zero,Fate/Zero,TV,,,,anime,,,AnimeAV1,https://animeav1.com/media/fate-zero
animeav1-fullmetal-alchemist-the-sacred-star-of-milos,Fullmetal Alchemist: The Sacred Star of Milos,Movie,,,,anime,,,AnimeAV1,https://animeav1.com/media/fullmetal-alchemist-the-sacred-star-of-milos
animeav1-freezing-specials,Freezing Specials,TV,,,,anime,,,AnimeAV1,https://animeav1.com/media/freezing-specials
animeav1-fractale,Fractale,TV,,,,anime,,,AnimeAV1,https://animeav1.com/media/fractale
animeav1-freezing,Freezing,TV,,,,anime,,,AnimeAV1,https://animeav1.com/media/freezing
animeav1-fortune-arterial-akai-yakusoku,Fortune Arterial: Akai Yakusoku,TV,,,,anime,,,AnimeAV1,https://animeav1.com/media/fortune-arterial-akai-yakusoku
animeav1-fate-stay-night-movie-unlimited-blade-works,Fate/stay night Movie: Unlimited Blade Works,MOVIE,,,,anime,,,AnimeAV1,https://animeav1.com/media/fate-stay-night-movie-unlimited-blade-works
animeav1-fresh-precure-movie-omocha-no-kuni-wa-himitsu-ga-ippai,Fresh Precure! Movie: Omocha no Kuni wa Himitsu ga Ippai!?,MOVIE,,,,anime,,,AnimeAV1,https://animeav1.com/media/fresh-precure-movie-omocha-no-kuni-wa-himitsu-ga-ippai
animeav1-fairy-tail,Fairy Tail,TV,,,,anime,,,AnimeAV1,https://animeav1.com/media/fairy-tail
animeav1-fullmetal-alchemist-brotherhood-specials,Fullmetal Alchemist: Brotherhood Specials,TV,,,,anime,,,AnimeAV1,https://animeav1.com/media/fullmetal-alchemist-brotherhood-specials
animeav1-fullmetal-alchemist-brotherhood-4-koma-gekijou,Fullmetal Alchemist: Brotherhood - 4-koma Gekijou,TV,,,,anime,,,AnimeAV1,https://animeav1.com/media/fullmetal-alchemist-brotherhood-4-koma-gekijou
animeav1-fight-ippatsu-juuden-chan,Fight Ippatsu! Juuden-chan!!,TV,,,,anime,,,AnimeAV1,https://animeav1.com/media/fight-ippatsu-juuden-chan
animeav1-fullmetal-alchemist-brotherhood,Fullmetal Alchemist: Brotherhood,TV,,,,anime,,,AnimeAV1,https://animeav1.com/media/fullmetal-alchemist-brotherhood
animeav1-fresh-precure,Fresh Precure!,TV,,,,anime,,,AnimeAV1,https://animeav1.com/media/fresh-precure
animeav1-freedom,Freedom,OVA,,,,anime,,,AnimeAV1,https://animeav1.com/media/freedom
animeav1-flag,Flag,ONA,,,,anime,,,AnimeAV1,https://animeav1.com/media/flag
animeav1-full-metal-panic-the-second-raid-wari-to-hima-na-sentaichou-no-ichinichi,Full Metal Panic! The Second Raid: Wari to Hima na Sentaichou no Ichinichi,TV,,,,anime,,,AnimeAV1,https://animeav1.com/media/full-metal-panic-the-second-raid-wari-to-hima-na-sentaichou-no-ichinichi
animeav1-futari-wa-precure-splashstar,Futari wa Precure: Splash☆Star,TV,,,,anime,,,AnimeAV1,https://animeav1.com/media/futari-wa-precure-splashstar
animeav1-fate-stay-night,Fate/stay night,TV,,,,anime,,,AnimeAV1,https://animeav1.com/media/fate-stay-night
animeav1-futari-wa-precure-max-heart-movie-2-yukizora-no-tomodachi,Futari wa Precure: Max Heart Movie 2 - Yukizora no Tomodachi,MOVIE,,,,anime,,,AnimeAV1,https://animeav1.com/media/futari-wa-precure-max-heart-movie-2-yukizora-no-tomodachi
animeav1-fullmetal-alchemist-the-conqueror-of-shamballa,Fullmetal Alchemist: The Conqueror of Shamballa,Movie,,,,anime,,,AnimeAV1,https://animeav1.com/media/fullmetal-alchemist-the-conqueror-of-shamballa
animeav1-full-metal-panic-the-second-raid,Full Metal Panic! The Second Raid,TV,,,,anime,,,AnimeAV1,https://animeav1.com/media/full-metal-panic-the-second-raid
animeav1-futari-wa-precure-max-heart-movie-1,Futari wa Precure: Max Heart Movie 1,MOVIE,,,,anime,,,AnimeAV1,https://animeav1.com/media/futari-wa-precure-max-heart-movie-1
animeav1-futakoi-alternative,Futakoi Alternative,TV,,,,anime,,,AnimeAV1,https://animeav1.com/media/futakoi-alternative
animeav1-futari-wa-precure-max-heart,Futari wa Precure 2 : Max Heart,TV,,,,anime,,,AnimeAV1,https://animeav1.com/media/futari-wa-precure-max-heart
animeav1-futakoi,Futakoi,TV,,,,anime,,,AnimeAV1,https://animeav1.com/media/futakoi
animeav1-fantastic-children,Fantastic Children,TV,,,,anime,,,AnimeAV1,https://animeav1.com/media/fantastic-children
animeav1-final-approach,Final Approach,TV,,,,anime,,,AnimeAV1,https://animeav1.com/media/final-approach
animeav1-futari-wa-precure,Futari wa Precure,TV,,,,anime,,,AnimeAV1,https://animeav1.com/media/futari-wa-precure
animeav1-fullmetal-alchemist,Fullmetal Alchemist,TV,,,,anime,,,AnimeAV1,https://animeav1.com/media/fullmetal-alchemist
animeav1-full-metal-panic-fumoffu,Full Metal Panic? Fumoffu,TV,,,,anime,,,AnimeAV1,https://animeav1.com/media/full-metal-panic-fumoffu
animeav1-futari-ecchi,Futari Ecchi,OVA,,,,anime,,,AnimeAV1,https://animeav1.com/media/futari-ecchi
animeav1-full-moon-wo-sagashite,Full Moon wo Sagashite,TV,,,,anime,,,AnimeAV1,https://animeav1.com/media/full-moon-wo-sagashite
animeav1-full-metal-panic,Full Metal Panic!,TV,,,,anime,,,AnimeAV1,https://animeav1.com/media/full-metal-panic
animeav1-fruits-basket,Fruits Basket,TV,,,,anime,,,AnimeAV1,https://animeav1.com/media/fruits-basket
animeav1-flcl,FLCL,OVA,,,,anime,,,AnimeAV1,https://animeav1.com/media/flcl
animeav1-fushigi-yuugi-dai-ni-bu,Fushigi Yuugi: Dai Ni Bu,OVA,,,,anime,,,AnimeAV1,https://animeav1.com/media/fushigi-yuugi-dai-ni-bu
animeav1-fushigi-yuugi-ova,Fushigi Yuugi OVA,OVA,,,,anime,,,AnimeAV1,https://animeav1.com/media/fushigi-yuugi-ova
animeav1-fushigi-yuugi,Fushigi Yuugi,TV,,,,anime,,,AnimeAV1,https://animeav1.com/media/fushigi-yuugi
animeav1-fushigi-no-umi-no-nadia-original-movie,Fushigi no Umi no Nadia: Original Movie,MOVIE,,,,anime,,,AnimeAV1,https://animeav1.com/media/fushigi-no-umi-no-nadia-original-movie
animeav1-fushigi-no-umi-no-nadia,Fushigi no Umi no Nadia,TV,,,,anime,,,AnimeAV1,https://animeav1.com/media/fushigi-no-umi-no-nadia
animeav1-five-star-stories,Five Star Stories,Movie,,,,anime,,,AnimeAV1,https://animeav1.com/media/five-star-stories
animeav1-grand-blue-season-3,Grand Blue Season 3,TV,,,,anime,,,AnimeAV1,https://animeav1.com/media/grand-blue-season-3
animeav1-gaikotsu-kishi-sama-tadaima-isekai-e-odekakechuu-ii,"Gaikotsu Kishi-sama, Tadaima Isekai e Odekakechuu II",TV,,,,fantasy,,,AnimeAV1,https://animeav1.com/media/gaikotsu-kishi-sama-tadaima-isekai-e-odekakechuu-ii
animeav1-grow-up-show-himawari-no-circus-dan,Grow Up Show: Himawari no Circus-dan,TV,,,,anime,,,AnimeAV1,https://animeav1.com/media/grow-up-show-himawari-no-circus-dan
animeav1-ghost-concert-missing-songs,Ghost Concert: Missing Songs,TV,,,,anime,,,AnimeAV1,https://animeav1.com/media/ghost-concert-missing-songs
animeav1-ganbare-nakamura-kun,Ganbare! Nakamura-kun!!,TV,,,,anime,,,AnimeAV1,https://animeav1.com/media/ganbare-nakamura-kun
animeav1-golden-kamuy-saishuushou,Golden Kamuy: Saishuushou,TV,,,,anime,,,AnimeAV1,https://animeav1.com/media/golden-kamuy-saishuushou
animeav1-goumon-baito-kun-no-nichijou,Goumon Baito-kun no Nichijou,TV,,,,anime,,,AnimeAV1,https://animeav1.com/media/goumon-baito-kun-no-nichijou
animeav1-gnosia,Gnosia,TV,,,,anime,,,AnimeAV1,https://animeav1.com/media/gnosia
animeav1-girls-band-cry-movie,Girls Band Cry Movie,MOVIE,,,,anime,,,AnimeAV1,https://animeav1.com/media/girls-band-cry-movie
animeav1-given-10th-mix,Given: 10th Mix,OVA,,,,anime,,,AnimeAV1,https://animeav1.com/media/given-10th-mix
animeav1-grand-blue-season-2,Grand Blue Season 2,TV,,,,anime,,,AnimeAV1,https://animeav1.com/media/grand-blue-season-2
animeav1-gachiakuta,Gachiakuta,TV,,,,anime,,,AnimeAV1,https://animeav1.com/media/gachiakuta
animeav1-game-center-shoujo-to-ibunka-kouryuu,Game Center Shoujo to Ibunka Kouryuu,TV,,,,romance,,,AnimeAV1,https://animeav1.com/media/game-center-shoujo-to-ibunka-kouryuu
animeav1-guimi-zhi-zhu-xiaochou-pian,Guimi Zhi Zhu: Xiaochou Pian,ONA,,,,anime,,,AnimeAV1,https://animeav1.com/media/guimi-zhi-zhu-xiaochou-pian
animeav1-gorilla-no-kami-kara-kago-sareta-reijou-wa-ouritsu-kishidan-de-kawaigarareru,Gorilla no Kami kara Kago sareta Reijou wa Ouritsu Kishidan de Kawaigarareru,TV,,,,anime,,,AnimeAV1,https://animeav1.com/media/gorilla-no-kami-kara-kago-sareta-reijou-wa-ouritsu-kishidan-de-kawaigarareru
animeav1-guilty-gear-strive-dual-rulers,Guilty Gear Strive: Dual Rulers,TV,,,,anime,,,AnimeAV1,https://animeav1.com/media/guilty-gear-strive-dual-rulers
animeav1-girumasu,"Guild no Uketsukejou desu ga, Zangyou wa Iya nanode Boss wo Solo Toubatsu Shiyou to Omoimasu",TV,,,,anime,,,AnimeAV1,https://animeav1.com/media/girumasu
animeav1-grisaia-phantom-trigger,Grisaia: Phantom Trigger,TV,,,,anime,,,AnimeAV1,https://animeav1.com/media/grisaia-phantom-trigger
animeav1-goukon-ni-ittara-onna-ga-inakatta-hanashi,Goukon ni Ittara Onna ga Inakatta Hanashi,TV,,,,anime,,,AnimeAV1,https://animeav1.com/media/goukon-ni-ittara-onna-ga-inakatta-hanashi
animeav1-given-movie-3-umi-e,Given Movie 3: Umi e,MOVIE,,,,anime,,,AnimeAV1,https://animeav1.com/media/given-movie-3-umi-e
animeav1-giji-harem,Giji Harem,TV,,,,anime,,,AnimeAV1,https://animeav1.com/media/giji-harem
animeav1-gimai-seikatsu,Gimai Seikatsu,TV,,,,anime,,,AnimeAV1,https://animeav1.com/media/gimai-seikatsu
animeav1-grimm-kumikyoku,Grimm Kumikyoku,ONA,,,,anime,,,AnimeAV1,https://animeav1.com/media/grimm-kumikyoku
animeav1-girls-band-cry,Girls Band Cry,TV,,,,anime,,,AnimeAV1,https://animeav1.com/media/girls-band-cry
animeav1-great-pretender-razbliuto,Great Pretender: Razbliuto,ONA,,,,anime,,,AnimeAV1,https://animeav1.com/media/great-pretender-razbliuto
animeav1-given-movie-2-hiiragi-mix,Given Movie 2: Hiiragi Mix,MOVIE,,,,anime,,,AnimeAV1,https://animeav1.com/media/given-movie-2-hiiragi-mix
animeav1-gekkan-mousou-kagaku,Gekkan Mousou Kagaku,TV,,,,anime,,,AnimeAV1,https://animeav1.com/media/gekkan-mousou-kagaku
animeav1-gekai-elise,Gekai Elise,TV,,,,anime,,,AnimeAV1,https://animeav1.com/media/gekai-elise
animeav1-good-night-world,Good Night World,ONA,,,,anime,,,AnimeAV1,https://animeav1.com/media/good-night-world
animeav1-goblin-slayer-ii,Goblin Slayer II,TV,,,,anime,,,AnimeAV1,https://animeav1.com/media/goblin-slayer-ii
animeav1-genjitsu-no-yohane-sunshine-in-the-mirror,Genjitsu no Yohane: Sunshine in the Mirror,TV,,,,anime,,,AnimeAV1,https://animeav1.com/media/genjitsu-no-yohane-sunshine-in-the-mirror
animeav1-gridman-universe,Gridman Universe,Movie,,,,anime,,,AnimeAV1,https://animeav1.com/media/gridman-universe
animeav1-golden-kamuy-4th-season,Golden Kamuy 4th Season,TV,,,,anime,,,AnimeAV1,https://animeav1.com/media/golden-kamuy-4th-season
animeav1-ginga-eiyuu-densetsu-die-neue-these-sakubou,Ginga Eiyuu Densetsu: Die Neue These - Sakubou,Movie,,,,anime,,,AnimeAV1,https://animeav1.com/media/ginga-eiyuu-densetsu-die-neue-these-sakubou
animeav1-koukaku-kidoutai-sac2045-season-2,Ghost in the Shell: SAC_2045 Season 2,ONA,,,,anime,,,AnimeAV1,https://animeav1.com/media/koukaku-kidoutai-sac2045-season-2
animeav1-gaikotsu-kishi-sama-tadaima-isekai-e-odekakechuu,"Gaikotsu Kishi-sama, Tadaima Isekai e Odekakechuu",TV,,,,fantasy,,,AnimeAV1,https://animeav1.com/media/gaikotsu-kishi-sama-tadaima-isekai-e-odekakechuu
animeav1-ginga-eiyuu-densetsu-die-neue-these-gekitotsu,Ginga Eiyuu Densetsu: Die Neue These - Gekitotsu,Movie,,,,anime,,,AnimeAV1,https://animeav1.com/media/ginga-eiyuu-densetsu-die-neue-these-gekitotsu
animeav1-goodbye-don-glees,"Goodbye, Don Glees!",Movie,,,,anime,,,AnimeAV1,https://animeav1.com/media/goodbye-don-glees
animeav1-gensou-sangokushi-tengen-reishinki,Gensou Sangokushi: Tengen Reishinki,TV,,,,anime,,,AnimeAV1,https://animeav1.com/media/gensou-sangokushi-tengen-reishinki
animeav1-genjitsu-shugi-yuusha-no-oukoku-saikenki-part-2,Genjitsu Shugi Yuusha no Oukoku Saikenki Part 2,TV,,,,anime,,,AnimeAV1,https://animeav1.com/media/genjitsu-shugi-yuusha-no-oukoku-saikenki-part-2
animeav1-given-uragawa-no-sonzai,Given: Uragawa no Sonzai,OVA,,,,anime,,,AnimeAV1,https://animeav1.com/media/given-uragawa-no-sonzai
animeav1-gokushufudou-part-2,Gokushufudou Part 2,ONA,,,,anime,,,AnimeAV1,https://animeav1.com/media/gokushufudou-part-2
animeav1-getsuyoubi-no-tawawa-2,Getsuyoubi no Tawawa 2,ONA,,,,anime,,,AnimeAV1,https://animeav1.com/media/getsuyoubi-no-tawawa-2
animeav1-ganbare-douki-chan,Ganbare Douki-chan,ONA,,,,anime,,,AnimeAV1,https://animeav1.com/media/ganbare-douki-chan
animeav1-genjitsu-shugi-yuusha-no-oukoku-saikenki,Genjitsu Shugi Yuusha no Oukoku Saikenki,TV,,,,anime,,,AnimeAV1,https://animeav1.com/media/genjitsu-shugi-yuusha-no-oukoku-saikenki
animeav1-gokushufudou,Gokushufudou,ONA,,,,anime,,,AnimeAV1,https://animeav1.com/media/gokushufudou
animeav1-godzilla-sp,Godzilla: S.P,TV,,,,anime,,,AnimeAV1,https://animeav1.com/media/godzilla-sp
animeav1-gintama-the-final,Gintama: The Final,Movie,,,,anime,,,AnimeAV1,https://animeav1.com/media/gintama-the-final
animeav1-5-toubun-no-hanayome-s2,Gotoubun no Hanayome 2nd Season,TV,,,,anime,,,AnimeAV1,https://animeav1.com/media/5-toubun-no-hanayome-s2
animeav1-gekidol-actidol-project,Gekidol,TV,,,,anime,,,AnimeAV1,https://animeav1.com/media/gekidol-actidol-project
animeav1-grisaia-phantom-trigger-the-animation-stargazer,Grisaia: Phantom Trigger The Animation - Stargazer,Movie,,,,anime,,,AnimeAV1,https://animeav1.com/media/grisaia-phantom-trigger-the-animation-stargazer
animeav1-gochuumon-wa-usagi-desu-ka-bloom,Gochuumon wa Usagi desu ka? Bloom,TV,,,,anime,,,AnimeAV1,https://animeav1.com/media/gochuumon-wa-usagi-desu-ka-bloom
animeav1-golden-kamuy-3rd-season,Golden Kamuy 3rd Season,TV,,,,anime,,,AnimeAV1,https://animeav1.com/media/golden-kamuy-3rd-season
animeav1-given-movie-1,Given Movie 1,MOVIE,,,,anime,,,AnimeAV1,https://animeav1.com/media/given-movie-1
animeav1-gibiate,Gibiate,TV,,,,anime,,,AnimeAV1,https://animeav1.com/media/gibiate
animeav1-great-pretender,Great Pretender,TV,,,,anime,,,AnimeAV1,https://animeav1.com/media/great-pretender
animeav1-koukaku-kidoutai-sac2045,Ghost in the Shell: SAC_2045,ONA,,,,anime,,,AnimeAV1,https://animeav1.com/media/koukaku-kidoutai-sac2045
animeav1-gundam-build-divers-rerise-2nd-season,Gundam Build Divers Re:Rise 2nd Season,ONA,,,,anime,,,AnimeAV1,https://animeav1.com/media/gundam-build-divers-rerise-2nd-season
animeav1-gleipnir,Gleipnir,TV,,,,anime,,,AnimeAV1,https://animeav1.com/media/gleipnir
animeav1-granblue-fantasy-the-animation-season-2-extras,Granblue Fantasy The Animation Season 2 Extras,TV,,,,fantasy,,,AnimeAV1,https://animeav1.com/media/granblue-fantasy-the-animation-season-2-extras
animeav1-goblin-slayer-goblins-crown,Goblin Slayer: Goblin's Crown,Movie,,,,anime,,,AnimeAV1,https://animeav1.com/media/goblin-slayer-goblins-crown
animeav1-ginga-eiyuu-densetsu-die-neue-these-seiran-3,Ginga Eiyuu Densetsu: Die Neue These - Seiran 3,Movie,,,,anime,,,AnimeAV1,https://animeav1.com/media/ginga-eiyuu-densetsu-die-neue-these-seiran-3
animeav1-ginga-eiyuu-densetsu-die-neue-these-seiran-2,Ginga Eiyuu Densetsu: Die Neue These - Seiran 2,Movie,,,,anime,,,AnimeAV1,https://animeav1.com/media/ginga-eiyuu-densetsu-die-neue-these-seiran-2
animeav1-gundam-build-divers-rerise,Gundam Build Divers Re:Rise,ONA,,,,anime,,,AnimeAV1,https://animeav1.com/media/gundam-build-divers-rerise
animeav1-granblue-fantasy-the-animation-season-2,Granblue Fantasy The Animation Season 2,TV,,,,fantasy,,,AnimeAV1,https://animeav1.com/media/granblue-fantasy-the-animation-season-2
animeav1-ginga-eiyuu-densetsu-die-neue-these-seiran-1,Ginga Eiyuu Densetsu: Die Neue These - Seiran 1,Movie,,,,anime,,,AnimeAV1,https://animeav1.com/media/ginga-eiyuu-densetsu-die-neue-these-seiran-1
animeav1-gochuumon-wa-usagi-desu-ka-sing-for-you,Gochuumon wa Usagi desu ka?? Sing for You,OVA,,,,anime,,,AnimeAV1,https://animeav1.com/media/gochuumon-wa-usagi-desu-ka-sing-for-you
animeav1-given,Given,TV,,,,anime,,,AnimeAV1,https://animeav1.com/media/given
animeav1-granbelm,Granbelm,TV,,,,anime,,,AnimeAV1,https://animeav1.com/media/granbelm
animeav1-grisaia-phantom-trigger-the-animation,Grisaia: Phantom Trigger The Animation,Movie,,,,anime,,,AnimeAV1,https://animeav1.com/media/grisaia-phantom-trigger-the-animation
animeav1-5-toubun-no-hanayome-s1,Gotoubun no Hanayome,TV,,,,anime,,,AnimeAV1,https://animeav1.com/media/5-toubun-no-hanayome-s1
animeav1-grimms-notes-the-animation,Grimms Notes The Animation,TV,,,,anime,,,AnimeAV1,https://animeav1.com/media/grimms-notes-the-animation
animeav1-girly-air-force,Girly Air Force,TV,,,,anime,,,AnimeAV1,https://animeav1.com/media/girly-air-force
animeav1-godzilla-3-hoshi-wo-kuu-mono,Godzilla 3: Hoshi wo Kuu Mono,Movie,,,,anime,,,AnimeAV1,https://animeav1.com/media/godzilla-3-hoshi-wo-kuu-mono
animeav1-golden-kamuy-2nd-season,Golden Kamuy 2nd Season,TV,,,,anime,,,AnimeAV1,https://animeav1.com/media/golden-kamuy-2nd-season
animeav1-gaikotsu-shotenin-honda-san,Gaikotsu Shotenin Honda-san,TV,,,,anime,,,AnimeAV1,https://animeav1.com/media/gaikotsu-shotenin-honda-san
animeav1-goblin-slayer,Goblin Slayer,TV,,,,anime,,,AnimeAV1,https://animeav1.com/media/goblin-slayer
animeav1-gyakuten-saiban-sono-shinjitsu-igi-ari-season-2,"Gyakuten Saiban: Sono ""Shinjitsu"", Igi Ari! Season 2",TV,,,,anime,,,AnimeAV1,https://animeav1.com/media/gyakuten-saiban-sono-shinjitsu-igi-ari-season-2
animeav1-grand-blue,Grand Blue,TV,,,,anime,,,AnimeAV1,https://animeav1.com/media/grand-blue
animeav1-gintama-season-8,Gintama. Shirogane no Tamashii-hen - Kouhan-sen,TV,,,,anime,,,AnimeAV1,https://animeav1.com/media/gintama-season-8
animeav1-godzilla-2-kessen-kidou-zoushoku-toshi,Godzilla 2: Kessen Kidou Zoushoku Toshi,Movie,,,,anime,,,AnimeAV1,https://animeav1.com/media/godzilla-2-kessen-kidou-zoushoku-toshi
animeav1-golden-kamuy,Golden Kamuy,TV,,,,anime,,,AnimeAV1,https://animeav1.com/media/golden-kamuy
animeav1-ginga-eiyuu-densetsu-die-neue-these-kaikou,Ginga Eiyuu Densetsu: Die Neue These - Kaikou,TV,,,,anime,,,AnimeAV1,https://animeav1.com/media/ginga-eiyuu-densetsu-die-neue-these-kaikou
animeav1-gundam-build-divers,Gundam Build Divers,TV,,,,anime,,,AnimeAV1,https://animeav1.com/media/gundam-build-divers
animeav1-gegege-no-kitarou-2018,Gegege no Kitarou (2018),TV,,2018,,anime,,,AnimeAV1,https://animeav1.com/media/gegege-no-kitarou-2018
animeav1-grancrest-senki-tsuisou,Grancrest Senki: Tsuisou,ESPECIAL,,,,anime,,,AnimeAV1,https://animeav1.com/media/grancrest-senki-tsuisou
animeav1-gundam-build-divers-prologue,Gundam Build Divers Prologue,ONA,,,,anime,,,AnimeAV1,https://animeav1.com/media/gundam-build-divers-prologue
animeav1-gin-no-guardian-ii,Gin no Guardian II,TV,,,,anime,,,AnimeAV1,https://animeav1.com/media/gin-no-guardian-ii
animeav1-gintama-season-7,Gintama. Shirogane no Tamashii-hen,TV,,,,anime,,,AnimeAV1,https://animeav1.com/media/gintama-season-7
animeav1-gakuen-babysitters,Gakuen Babysitters,TV,,,,anime,,,AnimeAV1,https://animeav1.com/media/gakuen-babysitters
animeav1-grancrest-senki,Grancrest Senki,TV,,,,anime,,,AnimeAV1,https://animeav1.com/media/grancrest-senki
animeav1-girls-panzer-saishuushou-part-1,Girls & Panzer: Saishuushou Part 1,Movie,,,,anime,,,AnimeAV1,https://animeav1.com/media/girls-panzer-saishuushou-part-1
animeav1-granblue-fantasy-the-animation-kabocha-no-lantern,Granblue Fantasy The Animation: Kabocha no Lantern,TV,,,,fantasy,,,AnimeAV1,https://animeav1.com/media/granblue-fantasy-the-animation-kabocha-no-lantern
animeav1-godzilla-1-kaijuu-wakusei,Godzilla 1: Kaijuu Wakusei,Movie,,,,anime,,,AnimeAV1,https://animeav1.com/media/godzilla-1-kaijuu-wakusei
animeav1-gochuumon-wa-usagi-desu-ka-dear-my-sister,Gochuumon wa Usagi desu ka?? Dear My Sister,Movie,,,,anime,,,AnimeAV1,https://animeav1.com/media/gochuumon-wa-usagi-desu-ka-dear-my-sister
animeav1-garo-vanishing-line,Garo: Vanishing Line,TV,,,,anime,,,AnimeAV1,https://animeav1.com/media/garo-vanishing-line
animeav1-gintama-season-6,Gintama. Porori-hen,TV,,,,anime,,,AnimeAV1,https://animeav1.com/media/gintama-season-6
animeav1-gamers,Gamers!,TV,,,,anime,,,AnimeAV1,https://animeav1.com/media/gamers
animeav1-granblue-fantasy-the-animation,Granblue Fantasy The Animation,TV,,,,fantasy,,,AnimeAV1,https://animeav1.com/media/granblue-fantasy-the-animation
animeav1-gin-no-guardian,Gin no Guardian,TV,,,,anime,,,AnimeAV1,https://animeav1.com/media/gin-no-guardian
animeav1-gabriel-dropout,Gabriel DropOut,TV,,,,anime,,,AnimeAV1,https://animeav1.com/media/gabriel-dropout
animeav1-gintama-season-5,Gintama.,TV,,,,anime,,,AnimeAV1,https://animeav1.com/media/gintama-season-5
animeav1-ginga-kikoutai-majestic-prince-movie-kakusei-no-idenshi,Ginga Kikoutai Majestic Prince Movie: Kakusei no Idenshi,MOVIE,,,,anime,,,AnimeAV1,https://animeav1.com/media/ginga-kikoutai-majestic-prince-movie-kakusei-no-idenshi
animeav1-gantzo,Gantz:O,Movie,,,,anime,,,AnimeAV1,https://animeav1.com/media/gantzo
animeav1-getsuyoubi-no-tawawa,Getsuyoubi no Tawawa,ONA,,,,anime,,,AnimeAV1,https://animeav1.com/media/getsuyoubi-no-tawawa
animeav1-giarlish-number,Gi(a)rlish Number,TV,,,,anime,,,AnimeAV1,https://animeav1.com/media/giarlish-number
animeav1-gakuen-handsome,Gakuen Handsome,TV,,,,anime,,,AnimeAV1,https://animeav1.com/media/gakuen-handsome
animeav1-girls-panzer-movie-specials,Girls & Panzer Movie Specials,MOVIE,,,,anime,,,AnimeAV1,https://animeav1.com/media/girls-panzer-movie-specials
animeav1-garo-movie-divine-flame,Garo Movie: Divine Flame,MOVIE,,,,anime,,,AnimeAV1,https://animeav1.com/media/garo-movie-divine-flame
animeav1-gyakuten-saiban-sono-shinjitsu-igi-ari,"Gyakuten Saiban: Sono ""Shinjitsu"", Igi Ari!",TV,,,,anime,,,AnimeAV1,https://animeav1.com/media/gyakuten-saiban-sono-shinjitsu-igi-ari
animeav1-gakusen-toshi-asterisk-2nd-season,Gakusen Toshi Asterisk 2nd Season,TV,,,,anime,,,AnimeAV1,https://animeav1.com/media/gakusen-toshi-asterisk-2nd-season
animeav1-gate-jieitai-kanochi-nite-kaku-tatakaeri-part-2,"Gate: Jieitai Kanochi nite, Kaku Tatakaeri Part 2",TV,,,,anime,,,AnimeAV1,https://animeav1.com/media/gate-jieitai-kanochi-nite-kaku-tatakaeri-part-2
animeav1-glass-no-hana-to-kowasu-sekai,Glass no Hana to Kowasu Sekai,Movie,,,,anime,,,AnimeAV1,https://animeav1.com/media/glass-no-hana-to-kowasu-sekai
animeav1-girls-panzer-movie,Girls & Panzer Movie,MOVIE,,,,anime,,,AnimeAV1,https://animeav1.com/media/girls-panzer-movie
animeav1-go-princess-precure-movie-go-go-gouka-3-bondate,Go! Princess Precure Movie: Go! Go!! Gouka 3-bondate!!!,MOVIE,,,,anime,,,AnimeAV1,https://animeav1.com/media/go-princess-precure-movie-go-go-gouka-3-bondate
animeav1-gochuumon-wa-usagi-desu-ka-s2,Gochuumon wa Usagi desu ka??,TV,,,,anime,,,AnimeAV1,https://animeav1.com/media/gochuumon-wa-usagi-desu-ka-s2
animeav1-garo-guren-no-tsuki,Garo 2: Guren no Tsuki,TV,,,,anime,,,AnimeAV1,https://animeav1.com/media/garo-guren-no-tsuki
animeav1-gakusen-toshi-asterisk,Gakusen Toshi Asterisk,TV,,,,anime,,,AnimeAV1,https://animeav1.com/media/gakusen-toshi-asterisk
animeav1-grisaia-no-rakuen-specials,Grisaia no Rakuen Specials,TV,,,,anime,,,AnimeAV1,https://animeav1.com/media/grisaia-no-rakuen-specials
animeav1-grisaia-no-meikyuu-caprice-no-mayu-0-takizono-basketball-club-no-nama-cream-party,Grisaia no Meikyuu: Caprice no Mayu 0 - Takizono Basketball Club no Nama Cream Party!,TV,,,,anime,,,AnimeAV1,https://animeav1.com/media/grisaia-no-meikyuu-caprice-no-mayu-0-takizono-basketball-club-no-nama-cream-party
animeav1-god-eater,God Eater,TV,,,,anime,,,AnimeAV1,https://animeav1.com/media/god-eater
animeav1-gakkougurashi,Gakkou Gurashi!,TV,,,,anime,,,AnimeAV1,https://animeav1.com/media/gakkougurashi
animeav1-gatchaman-crowds-insight,Gatchaman Crowds Insight,TV,,,,anime,,,AnimeAV1,https://animeav1.com/media/gatchaman-crowds-insight
animeav1-gate-jieitai-kanochi-nite-kaku-tatakaeri,"Gate: Jieitai Kanochi nite, Kaku Tatakaeri",TV,,,,anime,,,AnimeAV1,https://animeav1.com/media/gate-jieitai-kanochi-nite-kaku-tatakaeri
animeav1-gangsta,Gangsta.,TV,,,,anime,,,AnimeAV1,https://animeav1.com/media/gangsta
animeav1-koukaku-kidoutai-shin-movie,Ghost in the Shell: The Rising,Movie,,,,anime,,,AnimeAV1,https://animeav1.com/media/koukaku-kidoutai-shin-movie
animeav1-gatchaman-crowds-insight-inbound,Gatchaman Crowds Insight: Inbound,ONA,,,,anime,,,AnimeAV1,https://animeav1.com/media/gatchaman-crowds-insight-inbound
animeav1-grisaia-no-rakuen,Grisaia no Rakuen,TV,,,,anime,,,AnimeAV1,https://animeav1.com/media/grisaia-no-rakuen
animeav1-grisaia-no-meikyuu-caprice-no-mayu-0,Grisaia no Meikyuu: Caprice no Mayu 0,ESPECIAL,,,,anime,,,AnimeAV1,https://animeav1.com/media/grisaia-no-meikyuu-caprice-no-mayu-0
animeav1-gintama-season-4,Gintama°,TV,,,,anime,,,AnimeAV1,https://animeav1.com/media/gintama-season-4
animeav1-go-princess-precure,Go! Princess Precure,TV,,,,anime,,,AnimeAV1,https://animeav1.com/media/go-princess-precure
animeav1-grisaia-no-kajitsu-specials,Grisaia no Kajitsu Specials,TV,,,,anime,,,AnimeAV1,https://animeav1.com/media/grisaia-no-kajitsu-specials
animeav1-girlfriend-kari,Girlfriend (Kari),TV,,,,anime,,,AnimeAV1,https://animeav1.com/media/girlfriend-kari
animeav1-gundam-build-fighters-try,Gundam Build Fighters Try,TV,,,,anime,,,AnimeAV1,https://animeav1.com/media/gundam-build-fighters-try
animeav1-gugure-kokkuri-san,Gugure! Kokkuri-san,TV,,,,anime,,,AnimeAV1,https://animeav1.com/media/gugure-kokkuri-san
animeav1-grisaia-no-kajitsu,Grisaia no Kajitsu,TV,,,,anime,,,AnimeAV1,https://animeav1.com/media/grisaia-no-kajitsu
animeav1-garo-honoo-no-kokuin,Garo: Honoo no Kokuin,TV,,,,anime,,,AnimeAV1,https://animeav1.com/media/garo-honoo-no-kokuin
animeav1-gundam-g-no-reconguista,Gundam: G no Reconguista,TV,,,,anime,,,AnimeAV1,https://animeav1.com/media/gundam-g-no-reconguista
animeav1-gekkan-shoujo-nozaki-kun-specials,Gekkan Shoujo Nozaki-kun Specials,TV,,,,romance,,,AnimeAV1,https://animeav1.com/media/gekkan-shoujo-nozaki-kun-specials
animeav1-koukaku-kidoutai-arise-ghost-in-the-shell-border4-ghost-stands-alone,Ghost in the Shell: Arise - Border:4 Ghost Stands Alone,Movie,,,,anime,,,AnimeAV1,https://animeav1.com/media/koukaku-kidoutai-arise-ghost-in-the-shell-border4-ghost-stands-alone
animeav1-girls-panzer-kore-ga-hontou-no-anzio-sen-desu,Girls & Panzer: Kore ga Hontou no Anzio-sen desu!,OVA,,,,anime,,,AnimeAV1,https://animeav1.com/media/girls-panzer-kore-ga-hontou-no-anzio-sen-desu
animeav1-gekkan-shoujo-nozaki-kun,Gekkan Shoujo Nozaki-kun,TV,,,,romance,,,AnimeAV1,https://animeav1.com/media/gekkan-shoujo-nozaki-kun
animeav1-glasslip,Glasslip,TV,,,,anime,,,AnimeAV1,https://animeav1.com/media/glasslip
animeav1-koukaku-kidoutai-arise-ghost-in-the-shell-border3-ghost-tears,Ghost in the Shell: Arise - Border:3 Ghost Tears,Movie,,,,anime,,,AnimeAV1,https://animeav1.com/media/koukaku-kidoutai-arise-ghost-in-the-shell-border3-ghost-tears
animeav1-gj-bu-2,GJ-bu 2,ESPECIAL,,,,anime,,,AnimeAV1,https://animeav1.com/media/gj-bu-2
animeav1-gochuumon-wa-usagi-desu-ka-s1,Gochuumon wa Usagi desu ka?,TV,,,,anime,,,AnimeAV1,https://animeav1.com/media/gochuumon-wa-usagi-desu-ka-s1
animeav1-gokukoku-no-brynhildr,Gokukoku no Brynhildr,TV,,,,anime,,,AnimeAV1,https://animeav1.com/media/gokukoku-no-brynhildr
animeav1-giovanni-no-shima,Giovanni no Shima,Movie,,,,anime,,,AnimeAV1,https://animeav1.com/media/giovanni-no-shima
animeav1-go-go-575,Go! Go! 575,TV,,,,anime,,,AnimeAV1,https://animeav1.com/media/go-go-575
animeav1-gin-no-saji-2nd-season,Gin no Saji 2nd Season,TV,,,,anime,,,AnimeAV1,https://animeav1.com/media/gin-no-saji-2nd-season
animeav1-koukaku-kidoutai-arise-ghost-in-the-shell-border2-ghost-whispers,Ghost in the Shell: Arise - Border 2: Ghost Whispers,Movie,,,,anime,,,AnimeAV1,https://animeav1.com/media/koukaku-kidoutai-arise-ghost-in-the-shell-border2-ghost-whispers
animeav1-galilei-donna,Galilei Donna,TV,,,,anime,,,AnimeAV1,https://animeav1.com/media/galilei-donna
animeav1-gingitsune,Gingitsune,TV,,,,anime,,,AnimeAV1,https://animeav1.com/media/gingitsune
animeav1-gundam-build-fighters,Gundam Build Fighters,TV,,,,anime,,,AnimeAV1,https://animeav1.com/media/gundam-build-fighters
animeav1-golden-time,Golden Time,TV,,,,anime,,,AnimeAV1,https://animeav1.com/media/golden-time
animeav1-gatchaman-crowds,Gatchaman Crowds,TV,,,,anime,,,AnimeAV1,https://animeav1.com/media/gatchaman-crowds
animeav1-gin-no-saji,Gin no Saji,TV,,,,anime,,,AnimeAV1,https://animeav1.com/media/gin-no-saji
animeav1-genshiken-nidaime,Genshiken Nidaime,TV,,,,anime,,,AnimeAV1,https://animeav1.com/media/genshiken-nidaime
animeav1-gintama-movie-2-kanketsu-hen-yorozuya-yo-eien-nare,Gintama Movie 2: Kanketsu-hen - Yorozuya yo Eien Nare,MOVIE,Currently Airing,,,anime,,,AnimeAV1,https://animeav1.com/media/gintama-movie-2-kanketsu-hen-yorozuya-yo-eien-nare
animeav1-genei-wo-kakeru-taiyou,Genei wo Kakeru Taiyou,TV,,,,anime,,,AnimeAV1,https://animeav1.com/media/genei-wo-kakeru-taiyou
animeav1-gifuu-doudou-kanetsugu-to-keiji,Gifuu Doudou!!: Kanetsugu to Keiji,TV,,,,anime,,,AnimeAV1,https://animeav1.com/media/gifuu-doudou-kanetsugu-to-keiji
animeav1-gokujo-souda-onsen-ni-ikou,Gokujo.: Souda Onsen ni Ikou!!,TV,,,,anime,,,AnimeAV1,https://animeav1.com/media/gokujo-souda-onsen-ni-ikou
animeav1-koukaku-kidoutai-arise-ghost-in-the-shell-border1-ghost-pain,Ghost in the Shell - Arise Border 1 la Película: Ghost Pain,Movie,,,,anime,,,AnimeAV1,https://animeav1.com/media/koukaku-kidoutai-arise-ghost-in-the-shell-border1-ghost-pain
animeav1-ginga-kikoutai-majestic-prince,Ginga Kikoutai Majestic Prince,TV,,,,anime,,,AnimeAV1,https://animeav1.com/media/ginga-kikoutai-majestic-prince
animeav1-gj-bu-1,GJ-bu,TV,,,,anime,,,AnimeAV1,https://animeav1.com/media/gj-bu-1
animeav1-girls-panzer-specials,Girls & Panzer Specials,TV,,,,anime,,,AnimeAV1,https://animeav1.com/media/girls-panzer-specials
animeav1-girls-panzer,Girls & Panzer,TV,,,,anime,,,AnimeAV1,https://animeav1.com/media/girls-panzer
animeav1-gintama-season-3,Gintama,TV,,,,anime,,,AnimeAV1,https://animeav1.com/media/gintama-season-3
animeav1-gokicha,Gokicha!!,ONA,,,,anime,,,AnimeAV1,https://animeav1.com/media/gokicha
animeav1-guilty-crown-lost-christmas-an-episode-of-port-town,Guilty Crown: Lost Christmas - An Episode of Port Town,OVA,,,,anime,,,AnimeAV1,https://animeav1.com/media/guilty-crown-lost-christmas-an-episode-of-port-town
animeav1-gakkatsu,Gakkatsu!,TV,,,,anime,,,AnimeAV1,https://animeav1.com/media/gakkatsu
animeav1-ginga-e-kickoff,Ginga e Kickoff!!,TV,,,,anime,,,AnimeAV1,https://animeav1.com/media/ginga-e-kickoff
animeav1-gokujo-gokurakuin-joshikou-ryou-monogatari,Gokujo.: Gokurakuin Joshikou Ryou Monogatari,TV,,,,anime,,,AnimeAV1,https://animeav1.com/media/gokujo-gokurakuin-joshikou-ryou-monogatari
animeav1-guilty-crown,Guilty Crown,TV,,,,anime,,,AnimeAV1,https://animeav1.com/media/guilty-crown
animeav1-gyakkyou-burai-kaiji-hakairoku-hen,Gyakkyou Burai Kaiji: Hakairoku-hen,TV,,,,anime,,,AnimeAV1,https://animeav1.com/media/gyakkyou-burai-kaiji-hakairoku-hen
animeav1-gintama-season-2,Gintama',TV,,,,anime,,,AnimeAV1,https://animeav1.com/media/gintama-season-2
animeav1-gosick,Gosick,TV,,,,anime,,,AnimeAV1,https://animeav1.com/media/gosick
animeav1-gintama-movie-1-shinyaku-benizakura-hen,Gintama Movie 1: Shinyaku Benizakura-hen,MOVIE,,,,anime,,,AnimeAV1,https://animeav1.com/media/gintama-movie-1-shinyaku-benizakura-hen
animeav1-giant-killing,Giant Killing,TV,,,,anime,,,AnimeAV1,https://animeav1.com/media/giant-killing
animeav1-gunslinger-girl-il-teatrino-ova,Gunslinger Girl: Il Teatrino OVA,OVA,,,,anime,,,AnimeAV1,https://animeav1.com/media/gunslinger-girl-il-teatrino-ova
animeav1-goku-sayonara-zetsubou-sensei,Goku Sayonara Zetsubou Sensei,OVA,,,,anime,,,AnimeAV1,https://animeav1.com/media/goku-sayonara-zetsubou-sensei
animeav1-ga-rei-zero,Ga-Rei: Zero,TV,,,,anime,,,AnimeAV1,https://animeav1.com/media/ga-rei-zero
animeav1-gake-no-ue-no-ponyo,Gake no Ue no Ponyo,Movie,,,,anime,,,AnimeAV1,https://animeav1.com/media/gake-no-ue-no-ponyo
animeav1-koukaku-kidoutai-20,Ghost in the Shell 2.0,Movie,,,,anime,,,AnimeAV1,https://animeav1.com/media/koukaku-kidoutai-20
animeav1-gunslinger-girl-il-teatrino,Gunslinger Girl: Il Teatrino,TV,,,,anime,,,AnimeAV1,https://animeav1.com/media/gunslinger-girl-il-teatrino
animeav1-shinreigari,Ghost Hound,TV,,,,anime,,,AnimeAV1,https://animeav1.com/media/shinreigari
animeav1-gakuen-utopia-manabi-straight-natsu-da-manabi-da-kyouka-gasshuku-da,Gakuen Utopia Manabi Straight! Special,SPECIAL,,,,anime,,,AnimeAV1,https://animeav1.com/media/gakuen-utopia-manabi-straight-natsu-da-manabi-da-kyouka-gasshuku-da
animeav1-genshiken-2,Genshiken 2,TV,,,,anime,,,AnimeAV1,https://animeav1.com/media/genshiken-2
animeav1-goshuushou-sama-ninomiya-kun,Goshuushou-sama Ninomiya-kun,TV,,,,anime,,,AnimeAV1,https://animeav1.com/media/goshuushou-sama-ninomiya-kun
animeav1-gyakkyou-burai-kaiji-ultimate-survivor,Gyakkyou Burai Kaiji: Ultimate Survivor,TV,,,,anime,,,AnimeAV1,https://animeav1.com/media/gyakkyou-burai-kaiji-ultimate-survivor
animeav1-gakuen-utopia-manabi-straight,Gakuen Utopia Manabi Straight!,TV,,,,anime,,,AnimeAV1,https://animeav1.com/media/gakuen-utopia-manabi-straight
animeav1-ginga-tetsudou-monogatari-wasurerareta-toki-no-wakusei,Ginga Tetsudou Monogatari: Wasurerareta Toki no Wakusei,OVA,,,,anime,,,AnimeAV1,https://animeav1.com/media/ginga-tetsudou-monogatari-wasurerareta-toki-no-wakusei
animeav1-gift-eternal-rainbow,Gift: Eternal Rainbow,TV,,,,anime,,,AnimeAV1,https://animeav1.com/media/gift-eternal-rainbow
animeav1-giniro-no-olynsis-tokito,Giniro no Olynsis: Tokito,TV,,,,anime,,,AnimeAV1,https://animeav1.com/media/giniro-no-olynsis-tokito
animeav1-ginga-tetsudou-monogatari-eien-e-no-bunkiten,Ginga Tetsudou Monogatari: Eien e no Bunkiten,TV,,,,anime,,,AnimeAV1,https://animeav1.com/media/ginga-tetsudou-monogatari-eien-e-no-bunkiten
animeav1-ghost-hunt,Ghost Hunt,TV,,,,anime,,,AnimeAV1,https://animeav1.com/media/ghost-hunt
animeav1-koukaku-kidoutai-stand-alone-complex-solid-state-society,Ghost in the Shell: Stand Alone Complex - Solid State Society,ESPECIAL,,,,anime,,,AnimeAV1,https://animeav1.com/media/koukaku-kidoutai-stand-alone-complex-solid-state-society
animeav1-gintama-season-1,Gintama,TV,,,,anime,,,AnimeAV1,https://animeav1.com/media/gintama-season-1
animeav1-ginga-densetsu-weed,Ginga Densetsu Weed,TV,,,,anime,,,AnimeAV1,https://animeav1.com/media/ginga-densetsu-weed
animeav1-ginban-kaleidoscope,Ginban Kaleidoscope,TV,,,,anime,,,AnimeAV1,https://animeav1.com/media/ginban-kaleidoscope
animeav1-gun-x-sword,Gun x Sword,TV,,,,anime,,,AnimeAV1,https://animeav1.com/media/gun-x-sword
animeav1-gokujou-seitokai,Gokujou Seitokai,TV,,,,anime,,,AnimeAV1,https://animeav1.com/media/gokujou-seitokai
animeav1-guardian-hearts-power-up,Guardian Hearts-Power UP!,OVA,,,,anime,,,AnimeAV1,https://animeav1.com/media/guardian-hearts-power-up
animeav1-girls-bravo-second-season,Girls Bravo: Second Season,TV,,,,anime,,,AnimeAV1,https://animeav1.com/media/girls-bravo-second-season
animeav1-grenadier-hohoemi-no-senshi,Grenadier: Hohoemi no Senshi,TV,,,,anime,,,AnimeAV1,https://animeav1.com/media/grenadier-hohoemi-no-senshi
animeav1-genshiken,Genshiken,TV,,,,anime,,,AnimeAV1,https://animeav1.com/media/genshiken
animeav1-gankutsuou,Gankutsuou,TV,,,,anime,,,AnimeAV1,https://animeav1.com/media/gankutsuou
animeav1-galaxy-angel-4,Galaxy Angel 4,TV,,,,anime,,,AnimeAV1,https://animeav1.com/media/galaxy-angel-4
animeav1-girls-bravo-first-season,Girls Bravo: First Season,TV,,,,anime,,,AnimeAV1,https://animeav1.com/media/girls-bravo-first-season
animeav1-galaxy-angel-s,Galaxy Angel S,OVA,,,,anime,,,AnimeAV1,https://animeav1.com/media/galaxy-angel-s
animeav1-gantz,Gantz,TV,,,,anime,,,AnimeAV1,https://animeav1.com/media/gantz
animeav1-innocence,Ghost in the Shell 2: Innocence,Movie,,,,anime,,,AnimeAV1,https://animeav1.com/media/innocence
animeav1-gokusen,Gokusen,TV,,,,anime,,,AnimeAV1,https://animeav1.com/media/gokusen
animeav1-koukaku-kidoutai-stand-alone-complex-2nd-gig,Ghost in the Shell: Stand Alone Complex 2nd GIG,TV,,,,anime,,,AnimeAV1,https://animeav1.com/media/koukaku-kidoutai-stand-alone-complex-2nd-gig
animeav1-galaxy-angel-3-specials,Galaxy Angel 3 Specials,TV,,,,anime,,,AnimeAV1,https://animeav1.com/media/galaxy-angel-3-specials
animeav1-green-green-character-dvd,Green Green Character DVD,OVA,,,,anime,,,AnimeAV1,https://animeav1.com/media/green-green-character-dvd
animeav1-gunslinger-girl,Gunslinger Girl,TV,,,,anime,,,AnimeAV1,https://animeav1.com/media/gunslinger-girl
animeav1-gungrave,Gungrave,TV,,,,anime,,,AnimeAV1,https://animeav1.com/media/gungrave
animeav1-ginga-tetsudou-monogatari,Ginga Tetsudou Monogatari,TV,,,,anime,,,AnimeAV1,https://animeav1.com/media/ginga-tetsudou-monogatari
animeav1-green-green,Green Green,TV,,,,anime,,,AnimeAV1,https://animeav1.com/media/green-green
animeav1-guardian-hearts,Guardian Hearts,OVA,,,,anime,,,AnimeAV1,https://animeav1.com/media/guardian-hearts
animeav1-green-green-ova,Green Green OVA,OVA,,,,anime,,,AnimeAV1,https://animeav1.com/media/green-green-ova
animeav1-galaxy-angel-3,Galaxy Angel 3,TV,,,,anime,,,AnimeAV1,https://animeav1.com/media/galaxy-angel-3
animeav1-getbackers,GetBackers,TV,,,,anime,,,AnimeAV1,https://animeav1.com/media/getbackers
animeav1-koukaku-kidoutai-stand-alone-complex,Ghost In The Shell : Stand Alone Complex,TV,,,,anime,,,AnimeAV1,https://animeav1.com/media/koukaku-kidoutai-stand-alone-complex
animeav1-ginga-tetsudou-999-ona,Ginga Tetsudou 999 (ONA),ONA,,,,anime,,,AnimeAV1,https://animeav1.com/media/ginga-tetsudou-999-ona
animeav1-galaxy-angel-z-especial,Galaxy Angel 2 Special,SPECIAL,,,,anime,,,AnimeAV1,https://animeav1.com/media/galaxy-angel-z-especial
animeav1-gate-keepers-21,Gate Keepers 21,OVA,,,,anime,,,AnimeAV1,https://animeav1.com/media/gate-keepers-21
animeav1-gun-frontier,Gun Frontier,TV,,,,anime,,,AnimeAV1,https://animeav1.com/media/gun-frontier
animeav1-galaxy-angel-z,Galaxy Angel 2,TV,,,,anime,,,AnimeAV1,https://animeav1.com/media/galaxy-angel-z
animeav1-gensoumaden-saiyuuki-movie-requiem-erabarezaru-mono-e-no-chinkonka,Gensoumaden Saiyuuki Movie: Requiem - Erabarezaru Mono e no Chinkonka,MOVIE,,,,anime,,,AnimeAV1,https://animeav1.com/media/gensoumaden-saiyuuki-movie-requiem-erabarezaru-mono-e-no-chinkonka
animeav1-galaxy-angel,Galaxy Angel,TV,,,,anime,,,AnimeAV1,https://animeav1.com/media/galaxy-angel
animeav1-geneshaft,Geneshaft,TV,,,,anime,,,AnimeAV1,https://animeav1.com/media/geneshaft
animeav1-gakkou-no-kaidan,Gakkou no Kaidan,TV,,,,anime,,,AnimeAV1,https://animeav1.com/media/gakkou-no-kaidan
animeav1-gensoumaden-saiyuuki,Gensoumaden Saiyuuki,TV,,,,anime,,,AnimeAV1,https://animeav1.com/media/gensoumaden-saiyuuki
animeav1-gate-keepers,Gate Keepers,TV,,,,anime,,,AnimeAV1,https://animeav1.com/media/gate-keepers
animeav1-gravitation-lyrics-of-love,Gravitation: Lyrics of Love,OVA,,,,anime,,,AnimeAV1,https://animeav1.com/media/gravitation-lyrics-of-love
animeav1-great-teacher-onizuka,Great Teacher Onizuka,TV,,,,anime,,,AnimeAV1,https://animeav1.com/media/great-teacher-onizuka
animeav1-gasaraki,Gasaraki,TV,,,,anime,,,AnimeAV1,https://animeav1.com/media/gasaraki
animeav1-golgo-13-queen-bee,Golgo 13: Queen Bee,OVA,,,,anime,,,AnimeAV1,https://animeav1.com/media/golgo-13-queen-bee
animeav1-ginga-tetsudou-999-eternal-fantasy,Ginga Tetsudou 999: Eternal Fantasy,Movie,,,,fantasy,,,AnimeAV1,https://animeav1.com/media/ginga-tetsudou-999-eternal-fantasy
animeav1-gekiganger-3-the-movie,Gekiganger 3,OVA,,,,anime,,,AnimeAV1,https://animeav1.com/media/gekiganger-3-the-movie
animeav1-koukaku-kidoutai,Ghost in the Shell,Movie,,,,anime,,,AnimeAV1,https://animeav1.com/media/koukaku-kidoutai
animeav1-gunsmith-cats,Gunsmith Cats,OVA,,,,anime,,,AnimeAV1,https://animeav1.com/media/gunsmith-cats
animeav1-golden-boy,Golden Boy,OVA,,,,anime,,,AnimeAV1,https://animeav1.com/media/golden-boy
animeav1-gotou-ni-naritai,Gotou ni Naritai.,Movie,,,,anime,,,AnimeAV1,https://animeav1.com/media/gotou-ni-naritai
animeav1-grappler-baki,Grappler Baki,OVA,,,,anime,,,AnimeAV1,https://animeav1.com/media/grappler-baki
animeav1-gs-mikami-gokuraku-daisakusen,Ghost Sweeper Mikami Movie,MOVIE,,,,anime,,,AnimeAV1,https://animeav1.com/media/gs-mikami-gokuraku-daisakusen
animeav1-genocyber,Genocyber,OVA,,,,anime,,,AnimeAV1,https://animeav1.com/media/genocyber
animeav1-ginga-eiyuu-densetsu-arata-naru-tatakai-no-overture,Ginga Eiyuu Densetsu: Arata naru Tatakai no Overture,Movie,,,,anime,,,AnimeAV1,https://animeav1.com/media/ginga-eiyuu-densetsu-arata-naru-tatakai-no-overture
animeav1-gunnm,Gunnm,OVA,,,,anime,,,AnimeAV1,https://animeav1.com/media/gunnm
animeav1-gs-mikami,Ghost Sweeper Mikami,TV,,,,anime,,,AnimeAV1,https://animeav1.com/media/gs-mikami
animeav1-ginga-eiyuu-densetsu-gaiden-ougon-no-tsubasa,Ginga Eiyuu Densetsu Gaiden: Ougon no Tsubasa,Movie,,,,anime,,,AnimeAV1,https://animeav1.com/media/ginga-eiyuu-densetsu-gaiden-ougon-no-tsubasa
animeav1-ginga-eiyuu-densetsu-waga-yuku-wa-hoshi-no-taikai,Ginga Eiyuu Densetsu: Waga Yuku wa Hoshi no Taikai,Movie,,,,anime,,,AnimeAV1,https://animeav1.com/media/ginga-eiyuu-densetsu-waga-yuku-wa-hoshi-no-taikai
animeav1-ginga-eiyuu-densetsu,Ginga Eiyuu Densetsu,OVA,,,,anime,,,AnimeAV1,https://animeav1.com/media/ginga-eiyuu-densetsu
animeav1-ginga-nagareboshi-gin,Ginga Nagareboshi Gin,TV,,,,anime,,,AnimeAV1,https://animeav1.com/media/ginga-nagareboshi-gin
animeav1-ginga-tetsudou-no-yoru,Ginga Tetsudou no Yoru,Movie,,,,anime,,,AnimeAV1,https://animeav1.com/media/ginga-tetsudou-no-yoru
animeav1-giant-gorg,Giant Gorg,TV,,,,anime,,,AnimeAV1,https://animeav1.com/media/giant-gorg
animeav1-god-mazinger,God Mazinger,TV,,,,anime,,,AnimeAV1,https://animeav1.com/media/god-mazinger
animeav1-golgo-13,Golgo 13,Movie,,,,anime,,,AnimeAV1,https://animeav1.com/media/golgo-13
animeav1-ginga-tetsudou-999-kimi-wa-haha-no-you-ni-aiseru-ka,Ginga Tetsudou 999: Kimi wa Haha no You ni Aiseru ka!!,ESPECIAL,,,,anime,,,AnimeAV1,https://animeav1.com/media/ginga-tetsudou-999-kimi-wa-haha-no-you-ni-aiseru-ka
animeav1-ginga-tetsudou-999-eien-no-tabibito-emeraldas,Ginga Tetsudou 999: Eien no Tabibito Emeraldas,ESPECIAL,,,,anime,,,AnimeAV1,https://animeav1.com/media/ginga-tetsudou-999-eien-no-tabibito-emeraldas
animeav1-ginga-tetsudou-999-glass-no-clair,Ginga Tetsudou 999: Glass no Clair,Movie,,,,anime,,,AnimeAV1,https://animeav1.com/media/ginga-tetsudou-999-glass-no-clair
animeav1-ginga-tetsudou-999-kimi-wa-senshi-no-you-ni-ikirareru-ka,Ginga Tetsudou 999: Kimi wa Senshi no You ni Ikirareru ka?,ESPECIAL,,,,anime,,,AnimeAV1,https://animeav1.com/media/ginga-tetsudou-999-kimi-wa-senshi-no-you-ni-ikirareru-ka
animeav1-ginga-tetsudou-999-movie,Ginga Tetsudou 999 (Movie),MOVIE,,,,anime,,,AnimeAV1,https://animeav1.com/media/ginga-tetsudou-999-movie
animeav1-ginga-tetsudou-999,Ginga Tetsudou 999,TV,,,,anime,,,AnimeAV1,https://animeav1.com/media/ginga-tetsudou-999
animeav1-great-mazinger,Great Mazinger,TV,,,,anime,,,AnimeAV1,https://animeav1.com/media/great-mazinger
animeav1-hell-mode-yarikomizuki-no-gamer-wa-hai-settei-no-isekai-de-musou-suru-2nd-season,Hell Mode: Yarikomizuki no Gamer wa Hai Settei no Isekai de Musou suru 2nd Season,TV,,,,fantasy,,,AnimeAV1,https://animeav1.com/media/hell-mode-yarikomizuki-no-gamer-wa-hai-settei-no-isekai-de-musou-suru-2nd-season
animeav1-hanazakari-no-kimitachi-e-2nd-season,Hanazakari no Kimitachi e 2nd Season,TV,,,,anime,,,AnimeAV1,https://animeav1.com/media/hanazakari-no-kimitachi-e-2nd-season
animeav1-heroine-seijo-iie-all-works-maid-desu-hokori,"Heroine? Seijo? Iie, All Works Maid desu (Hokori)!",TV,,,,anime,,,AnimeAV1,https://animeav1.com/media/heroine-seijo-iie-all-works-maid-desu-hokori
animeav1-hokuto-no-ken-fist-of-the-north-star,Hokuto no Ken: Fist of the North Star,TV,,,,anime,,,AnimeAV1,https://animeav1.com/media/hokuto-no-ken-fist-of-the-north-star
animeav1-himekishi-wa-barbaroi-no-yome,Himekishi wa Barbaroi no Yome,TV,,,,anime,,,AnimeAV1,https://animeav1.com/media/himekishi-wa-barbaroi-no-yome
animeav1-hidarikiki-no-eren,Hidarikiki no Eren,TV,,,,anime,,,AnimeAV1,https://animeav1.com/media/hidarikiki-no-eren
animeav1-hyakki-yakoushou,Hyakki Yakoushou,TV,,,,anime,,,AnimeAV1,https://animeav1.com/media/hyakki-yakoushou
animeav1-higeki-no-genkyou-to-naru-saikyou-gedou-last-boss-joou-wa-tami-no-tame-ni-tsukushimasu-season-2,Higeki no Genkyou to Naru Saikyou Gedou Last Boss Joou wa Tami no Tame ni Tsukushimasu. Season 2,TV,,,,anime,,,AnimeAV1,https://animeav1.com/media/higeki-no-genkyou-to-naru-saikyou-gedou-last-boss-joou-wa-tami-no-tame-ni-tsukushimasu-season-2
animeav1-honzuki-no-gekokujou-shisho-ni-naru-tame-ni-wa-shudan-wo-erandeiraremasen-ryoushu-no-youjo,Honzuki no Gekokujou: Shisho ni Naru Tame ni wa Shudan wo Erandeiraremasen - Ryoushu no Youjo,TV,,,,anime,,,AnimeAV1,https://animeav1.com/media/honzuki-no-gekokujou-shisho-ni-naru-tame-ni-wa-shudan-wo-erandeiraremasen-ryoushu-no-youjo
animeav1-haibara-kun-no-tsuyokute-seishun-new-game,Haibara-kun no Tsuyokute Seishun New Game,TV,,,,anime,,,AnimeAV1,https://animeav1.com/media/haibara-kun-no-tsuyokute-seishun-new-game
animeav1-himesama-goumon-no-jikan-desu-2nd-season,"Himesama ""Goumon"" no Jikan desu 2nd Season",TV,,,,anime,,,AnimeAV1,https://animeav1.com/media/himesama-goumon-no-jikan-desu-2nd-season
animeav1-hikuidori-ushuu-boro-tobi-gumi,Hikuidori: Ushuu Boro Tobi-gumi,TV,,,,anime,,,AnimeAV1,https://animeav1.com/media/hikuidori-ushuu-boro-tobi-gumi
animeav1-hell-mode-yarikomizuki-no-gamer-wa-hai-settei-no-isekai-de-musou-suru,Hell Mode: Yarikomizuki no Gamer wa Hai Settei no Isekai de Musou suru,TV,,,,fantasy,,,AnimeAV1,https://animeav1.com/media/hell-mode-yarikomizuki-no-gamer-wa-hai-settei-no-isekai-de-musou-suru
animeav1-hanazakari-no-kimitachi-e,Hanazakari no Kimitachi e,TV,,,,anime,,,AnimeAV1,https://animeav1.com/media/hanazakari-no-kimitachi-e
animeav1-hyakuemu,Hyakuemu.,Movie,,,,anime,,,AnimeAV1,https://animeav1.com/media/hyakuemu
animeav1-hikaru-ga-shinda-natsu,Hikaru ga Shinda Natsu,TV,,,,anime,,,AnimeAV1,https://animeav1.com/media/hikaru-ga-shinda-natsu
animeav1-hotel-inhumans,Hotel Inhumans,TV,,,,anime,,,AnimeAV1,https://animeav1.com/media/hotel-inhumans
animeav1-hibi-wa-sugiredo-meshi-umashi,Hibi wa Sugiredo Meshi Umashi,TV,,,,anime,,,AnimeAV1,https://animeav1.com/media/hibi-wa-sugiredo-meshi-umashi
animeav1-haite-kudasai-takamine-san,"Haite Kudasai, Takamine-san",TV,,,,anime,,,AnimeAV1,https://animeav1.com/media/haite-kudasai-takamine-san
animeav1-honey-lemon-soda,Honey Lemon Soda,TV,,,,anime,,,AnimeAV1,https://animeav1.com/media/honey-lemon-soda
animeav1-hana-wa-saku-shura-no-gotoku,"Hana wa Saku, Shura no Gotoku",TV,,,,anime,,,AnimeAV1,https://animeav1.com/media/hana-wa-saku-shura-no-gotoku
animeav1-high-card-the-flowers-bloom,High Card: The Flowers Bloom,ONA,,,,anime,,,AnimeAV1,https://animeav1.com/media/high-card-the-flowers-bloom
animeav1-hoshifuru-oukoku-no-nina,Hoshifuru Oukoku no Nina,TV,,,,anime,,,AnimeAV1,https://animeav1.com/media/hoshifuru-oukoku-no-nina
animeav1-houkago-shounen-hanako-kun-part-2,Houkago Shounen Hanako-kun Part 2,TV,,,,action,,,AnimeAV1,https://animeav1.com/media/houkago-shounen-hanako-kun-part-2
animeav1-haigakura,Haigakura,TV,,,,anime,,,AnimeAV1,https://animeav1.com/media/haigakura
animeav1-hitoribocchi-no-isekai-kouryaku,Hitoribocchi no Isekai Kouryaku,TV,,,,fantasy,,,AnimeAV1,https://animeav1.com/media/hitoribocchi-no-isekai-kouryaku
animeav1-hazurewaku-no-joutai-ijou-skill-de-saikyou-ni-natta-ore-ga-subete-wo-juurin-suru-made,"Hazurewaku no ""Joutai Ijou Skill"" de Saikyou ni Natta Ore ga Subete wo Juurin suru made",TV,,,,anime,,,AnimeAV1,https://animeav1.com/media/hazurewaku-no-joutai-ijou-skill-de-saikyou-ni-natta-ore-ga-subete-wo-juurin-suru-made
animeav1-hanma-baki-vs-kengan-ashura,Hanma Baki vs. Kengan Ashura,ONA,,,,anime,,,AnimeAV1,https://animeav1.com/media/hanma-baki-vs-kengan-ashura
animeav1-hibike-euphonium-3,Hibike! Euphonium 3,TV,,,,anime,,,AnimeAV1,https://animeav1.com/media/hibike-euphonium-3
animeav1-highspeed-etoile,Highspeed Etoile,TV,,,,anime,,,AnimeAV1,https://animeav1.com/media/highspeed-etoile
animeav1-henjin-no-salad-bowl,Henjin no Salad Bowl,TV,,,,anime,,,AnimeAV1,https://animeav1.com/media/henjin-no-salad-bowl
animeav1-hananoi-kun-to-koi-no-yamai,Hananoi-kun to Koi no Yamai,TV,,,,anime,,,AnimeAV1,https://animeav1.com/media/hananoi-kun-to-koi-no-yamai
animeav1-haikyuu-movie-gomisuteba-no-kessen,Haikyuu!! Movie: Gomisuteba no Kessen,MOVIE,,,,anime,,,AnimeAV1,https://animeav1.com/media/haikyuu-movie-gomisuteba-no-kessen
animeav1-himesama-goumon-no-jikan-desu,"Himesama ""Goumon"" no Jikan desu",TV,,,,anime,,,AnimeAV1,https://animeav1.com/media/himesama-goumon-no-jikan-desu
animeav1-high-card-season-2,High Card Season 2,TV,,,,anime,,,AnimeAV1,https://animeav1.com/media/high-card-season-2
animeav1-houkago-shounen-hanako-kun,Houkago Shounen Hanako-kun,TV,,,,action,,,AnimeAV1,https://animeav1.com/media/houkago-shounen-hanako-kun
animeav1-hoshikuzu-telepath,Hoshikuzu Telepath,TV,,,,anime,,,AnimeAV1,https://animeav1.com/media/hoshikuzu-telepath
animeav1-hametsu-no-oukoku,Hametsu no Oukoku,TV,,,,anime,,,AnimeAV1,https://animeav1.com/media/hametsu-no-oukoku
animeav1-hypnosis-mic-division-rap-battle-rhyme-anima-plus,Hypnosis Mic: Division Rap Battle - Rhyme Anima +,TV,,,,anime,,,AnimeAV1,https://animeav1.com/media/hypnosis-mic-division-rap-battle-rhyme-anima-plus
animeav1-hikikomari-kyuuketsuki-no-monmon,Hikikomari Kyuuketsuki no Monmon,TV,,,,anime,,,AnimeAV1,https://animeav1.com/media/hikikomari-kyuuketsuki-no-monmon
animeav1-hibike-euphonium-ensemble-contest-hen,Hibike! Euphonium: Ensemble Contest-hen,Movie,,,,anime,,,AnimeAV1,https://animeav1.com/media/hibike-euphonium-ensemble-contest-hen
animeav1-hanma-baki-son-of-ogre-2nd-season,Hanma Baki: Son of Ogre 2nd Season,ONA,,,,anime,,,AnimeAV1,https://animeav1.com/media/hanma-baki-son-of-ogre-2nd-season
animeav1-helck,Helck,TV,,,,anime,,,AnimeAV1,https://animeav1.com/media/helck
animeav1-higeki-no-genkyou-to-naru-saikyou-gedou-last-boss-joou-wa-tami-no-tame-ni-tsukushimasu,Higeki no Genkyou to Naru Saikyou Gedou Last Boss Joou wa Tami no Tame ni Tsukushimasu.,TV,,,,anime,,,AnimeAV1,https://animeav1.com/media/higeki-no-genkyou-to-naru-saikyou-gedou-last-boss-joou-wa-tami-no-tame-ni-tsukushimasu
animeav1-horimiya-piece,Horimiya: Piece,TV,,,,anime,,,AnimeAV1,https://animeav1.com/media/horimiya-piece
animeav1-hirogaru-sky-precure,Hirogaru Sky! Precure,TV,,,,anime,,,AnimeAV1,https://animeav1.com/media/hirogaru-sky-precure
animeav1-high-card,High Card,TV,,,,anime,,,AnimeAV1,https://animeav1.com/media/high-card
animeav1-hyouken-no-majutsushi-ga-sekai-wo-suberu,Hyouken no Majutsushi ga Sekai wo Suberu,TV,,,,anime,,,AnimeAV1,https://animeav1.com/media/hyouken-no-majutsushi-ga-sekai-wo-suberu
animeav1-hataraku-maou-sama-2nd,Hataraku Maou-sama!!,TV,,,,anime,,,AnimeAV1,https://animeav1.com/media/hataraku-maou-sama-2nd
animeav1-honzuki-no-gekokujou-3rd-season,Honzuki no Gekokujou: Shisho ni Naru Tame ni wa Shudan wo Erandeiraremasen 3rd Season,TV,,,,anime,,,AnimeAV1,https://animeav1.com/media/honzuki-no-gekokujou-3rd-season
animeav1-healer-girl,Healer Girl,TV,,,,anime,,,AnimeAV1,https://animeav1.com/media/healer-girl
animeav1-honzuki-no-gekokujou-shisho-ni-naru-tame-ni-wa-shudan-wo-erandeiraremasen-recap,Honzuki no Gekokujou: Shisho ni Naru Tame ni wa Shudan wo Erandeiraremasen Recap,ESPECIAL,,,,anime,,,AnimeAV1,https://animeav1.com/media/honzuki-no-gekokujou-shisho-ni-naru-tame-ni-wa-shudan-wo-erandeiraremasen-recap
animeav1-hakuouki-ova-2021,Hakuouki OVA (2021),OVA,,2021,,anime,,,AnimeAV1,https://animeav1.com/media/hakuouki-ova-2021
animeav1-hanyou-no-yashahime-sengoku-otogizoushi-ni-no-shou,Hanyou no Yashahime: Sengoku Otogizoushi 2nd Season,TV,,,,anime,,,AnimeAV1,https://animeav1.com/media/hanyou-no-yashahime-sengoku-otogizoushi-ni-no-shou
animeav1-hanma-baki-son-of-ogre,Hanma Baki: Son of Ogre,ONA,,,,anime,,,AnimeAV1,https://animeav1.com/media/hanma-baki-son-of-ogre
animeav1-heion-sedai-no-idaten-tachi,Heion Sedai no Idaten-tachi,TV,,,,anime,,,AnimeAV1,https://animeav1.com/media/heion-sedai-no-idaten-tachi
animeav1-higurashi-no-naku-koro-ni-sotsu,Higurashi no Naku Koro ni Sotsu,TV,,,,anime,,,AnimeAV1,https://animeav1.com/media/higurashi-no-naku-koro-ni-sotsu
animeav1-hige-wo-soru-soshite-joshikousei-wo-hirou,Hige wo Soru. Soshite Joshikousei wo Hirou.,TV,,,,anime,,,AnimeAV1,https://animeav1.com/media/hige-wo-soru-soshite-joshikousei-wo-hirou
animeav1-healin-goodprecure-movie-yume-no-machi-de-kyun-tto-gogo-daihenshin,Healin' Good♡Precure Movie: Yume no Machi de Kyun! Tto GoGo! Daihenshin!!,MOVIE,,,,anime,,,AnimeAV1,https://animeav1.com/media/healin-goodprecure-movie-yume-no-machi-de-kyun-tto-gogo-daihenshin
animeav1-horimiya,Horimiya,TV,,,,anime,,,AnimeAV1,https://animeav1.com/media/horimiya
animeav1-hataraku-saibou-black,Hataraku Saibou Black,TV,,,,anime,,,AnimeAV1,https://animeav1.com/media/hataraku-saibou-black
animeav1-hataraku-saibou-s2,Hataraku Saibou!!,TV,,,,anime,,,AnimeAV1,https://animeav1.com/media/hataraku-saibou-s2
animeav1-hortensia-saga,Hortensia Saga,TV,,,,anime,,,AnimeAV1,https://animeav1.com/media/hortensia-saga
animeav1-hypnosis-mic-division-rap-battle-rhyme-anima,Hypnosis Mic: Division Rap Battle - Rhyme Anima,TV,,,,anime,,,AnimeAV1,https://animeav1.com/media/hypnosis-mic-division-rap-battle-rhyme-anima
animeav1-hanyou-no-yashahime-sengoku-otogizoushi,Hanyou no Yashahime: Sengoku Otogizoushi,TV,,,,anime,,,AnimeAV1,https://animeav1.com/media/hanyou-no-yashahime-sengoku-otogizoushi
animeav1-higurashi-no-naku-koro-ni-gou,Higurashi no Naku Koro ni (2020),TV,,2020,,anime,,,AnimeAV1,https://animeav1.com/media/higurashi-no-naku-koro-ni-gou
animeav1-heya-camp-sauna-to-gohan-to-sanrin-bike,Heya Camp△: Sauna to Gohan to Sanrin Bike,TV,,,,anime,,,AnimeAV1,https://animeav1.com/media/heya-camp-sauna-to-gohan-to-sanrin-bike
animeav1-honzuki-no-gekokujou-2nd-season,Honzuki no Gekokujou: Shisho ni Naru Tame ni wa Shudan wo Erandeiraremasen 2nd Season,TV,,,,anime,,,AnimeAV1,https://animeav1.com/media/honzuki-no-gekokujou-2nd-season
animeav1-hachi-nan-tte-sore-wa-nai-deshou,"Hachi-nan tte, Sore wa Nai deshou!",TV,,,,anime,,,AnimeAV1,https://animeav1.com/media/hachi-nan-tte-sore-wa-nai-deshou
animeav1-honzuki-no-gekokujou-shisho-ni-naru-tame-ni-wa-shudan-wo-erandeiraremasen-ova,Honzuki no Gekokujou: Shisho ni Naru Tame ni wa Shudan wo Erandeiraremasen OVA,OVA,,,,anime,,,AnimeAV1,https://animeav1.com/media/honzuki-no-gekokujou-shisho-ni-naru-tame-ni-wa-shudan-wo-erandeiraremasen-ova
animeav1-healin-goodprecure,Healin' Good♡Precure,TV,,,,anime,,,AnimeAV1,https://animeav1.com/media/healin-goodprecure
animeav1-haikyuu-riku-vs-kuu,Haikyuu!! Riku vs. Kuu,OVA,,,,anime,,,AnimeAV1,https://animeav1.com/media/haikyuu-riku-vs-kuu
animeav1-high-school-fleet-movie,High School Fleet Movie,MOVIE,,,,comedy,,,AnimeAV1,https://animeav1.com/media/high-school-fleet-movie
animeav1-haikyuu-to-the-top,Haikyuu!! To the Top,TV,,,,anime,,,AnimeAV1,https://animeav1.com/media/haikyuu-to-the-top
animeav1-heya-camp,Heya Camp△,TV,,,,anime,,,AnimeAV1,https://animeav1.com/media/heya-camp
animeav1-high-score-girl-ii,High Score Girl II,TV,,,,anime,,,AnimeAV1,https://animeav1.com/media/high-score-girl-ii
animeav1-honzuki-no-gekokujou,Honzuki no Gekokujou: Shisho ni Naru Tame ni wa Shudan wo Erandeiraremasen,TV,,,,anime,,,AnimeAV1,https://animeav1.com/media/honzuki-no-gekokujou
animeav1-hataage-kemono-michi,Hataage! Kemono Michi,TV,,,,anime,,,AnimeAV1,https://animeav1.com/media/hataage-kemono-michi
animeav1-hello-world,Hello World,Movie,,,,anime,,,AnimeAV1,https://animeav1.com/media/hello-world
animeav1-hanhua-riji,Hanhua Riji,ONA,,,,anime,,,AnimeAV1,https://animeav1.com/media/hanhua-riji
animeav1-hibike-euphonium-movie-3-chikai-no-finale,Hibike! Euphonium Movie 3: Chikai no Finale,MOVIE,,,,anime,,,AnimeAV1,https://animeav1.com/media/hibike-euphonium-movie-3-chikai-no-finale
animeav1-hitoribocchi-no-marumaru-seikatsu,Hitoribocchi no Marumaru Seikatsu,TV,,,,anime,,,AnimeAV1,https://animeav1.com/media/hitoribocchi-no-marumaru-seikatsu
animeav1-hug-tto-precurefutari-wa-precure-movie-all-stars-memories,Hug tto! Precure♡Futari wa Precure Movie: All Stars Memories,MOVIE,,,,anime,,,AnimeAV1,https://animeav1.com/media/hug-tto-precurefutari-wa-precure-movie-all-stars-memories
animeav1-hinomaruzumou,Hinomaruzumou,TV,,,,anime,,,AnimeAV1,https://animeav1.com/media/hinomaruzumou
animeav1-happy-sugar-life,Happy Sugar Life,TV,,,,anime,,,AnimeAV1,https://animeav1.com/media/happy-sugar-life
animeav1-high-score-girl,High Score Girl,TV,,,,anime,,,AnimeAV1,https://animeav1.com/media/high-score-girl
animeav1-hyakuren-no-haou-to-seiyaku-no-valkyria,Hyakuren no Haou to Seiyaku no Valkyria,TV,,,,anime,,,AnimeAV1,https://animeav1.com/media/hyakuren-no-haou-to-seiyaku-no-valkyria
animeav1-hataraku-saibou,Hataraku Saibou,TV,,,,anime,,,AnimeAV1,https://animeav1.com/media/hataraku-saibou
animeav1-harukana-receive,Harukana Receive,TV,,,,anime,,,AnimeAV1,https://animeav1.com/media/harukana-receive
animeav1-hanebado,Hanebado!,TV,,,,anime,,,AnimeAV1,https://animeav1.com/media/hanebado
animeav1-hakumei-to-mikochi-neji-to-bed-to-irori-to-bakuchi,Hakumei to Mikochi: Neji to Bed to Irori to Bakuchi,TV,,,,anime,,,AnimeAV1,https://animeav1.com/media/hakumei-to-mikochi-neji-to-bed-to-irori-to-bakuchi
animeav1-high-school-dxd-hero,High School DxD Hero,TV,,,,comedy,,,AnimeAV1,https://animeav1.com/media/high-school-dxd-hero
animeav1-hisone-to-maso-tan,Hisone to Maso-tan,TV,,,,anime,,,AnimeAV1,https://animeav1.com/media/hisone-to-maso-tan
animeav1-hinamatsuri,Hinamatsuri,TV,,,,anime,,,AnimeAV1,https://animeav1.com/media/hinamatsuri
animeav1-hug-tto-precure,Hug tto! Precure,TV,,,,anime,,,AnimeAV1,https://animeav1.com/media/hug-tto-precure
animeav1-hakata-tonkotsu-ramens,Hakata Tonkotsu Ramens,TV,,,,anime,,,AnimeAV1,https://animeav1.com/media/hakata-tonkotsu-ramens
animeav1-hakumei-to-mikochi,Hakumei to Mikochi,TV,,,,anime,,,AnimeAV1,https://animeav1.com/media/hakumei-to-mikochi
animeav1-hajimete-no-gal-hajimete-no-bunkasai,Hajimete no Gal: Hajimete no Bunkasai,OVA,,,,anime,,,AnimeAV1,https://animeav1.com/media/hajimete-no-gal-hajimete-no-bunkasai
animeav1-yi-ren-zhi-xia-2,Hitori no Shita: The Outcast 2nd Season,ONA,,,,anime,,,AnimeAV1,https://animeav1.com/media/yi-ren-zhi-xia-2
animeav1-himouto-umaru-chan-r,Himouto! Umaru-chan R,TV,,,,anime,,,AnimeAV1,https://animeav1.com/media/himouto-umaru-chan-r
animeav1-houseki-no-kuni,Houseki no Kuni,TV,,,,anime,,,AnimeAV1,https://animeav1.com/media/houseki-no-kuni
animeav1-haikyuu-tokushuu-haru-kou-volley-ni-kaketa-seishun,Haikyuu!! Tokushuu! Haru-kou Volley ni Kaketa Seishun,OVA,,,,anime,,,AnimeAV1,https://animeav1.com/media/haikyuu-tokushuu-haru-kou-volley-ni-kaketa-seishun
animeav1-hajimete-no-gal,Hajimete no Gal,TV,,,,anime,,,AnimeAV1,https://animeav1.com/media/hajimete-no-gal
animeav1-hina-logi-from-luck-logic,Hina Logi: From Luck & Logic,TV,,,,anime,,,AnimeAV1,https://animeav1.com/media/hina-logi-from-luck-logic
animeav1-hinako-note,Hinako Note,TV,,,,anime,,,AnimeAV1,https://animeav1.com/media/hinako-note
animeav1-high-school-fleet-ova,High School Fleet OVA,OVA,,,,comedy,,,AnimeAV1,https://animeav1.com/media/high-school-fleet-ova
animeav1-hand-shakers,Hand Shakers,TV,,,,anime,,,AnimeAV1,https://animeav1.com/media/hand-shakers
animeav1-hagane-orchestra,Hagane Orchestra,TV,,,,anime,,,AnimeAV1,https://animeav1.com/media/hagane-orchestra
animeav1-haikyuu-third-season,Haikyuu!! Karasuno Koukou vs. Shiratorizawa Gakuen Koukou,TV,,,,anime,,,AnimeAV1,https://animeav1.com/media/haikyuu-third-season
animeav1-hibike-euphonium-2,Hibike! Euphonium 2,TV,,,,anime,,,AnimeAV1,https://animeav1.com/media/hibike-euphonium-2
animeav1-handa-kun,Handa-kun,TV,,,,anime,,,AnimeAV1,https://animeav1.com/media/handa-kun
animeav1-yi-ren-zhi-xia,Hitori no Shita: The Outcast,TV,,,,anime,,,AnimeAV1,https://animeav1.com/media/yi-ren-zhi-xia
animeav1-haikyuu-vs-akaten,"Haikyuu!! vs. ""Akaten""",OVA,,,,anime,,,AnimeAV1,https://animeav1.com/media/haikyuu-vs-akaten
animeav1-high-school-fleet,High School Fleet,TV,,,,comedy,,,AnimeAV1,https://animeav1.com/media/high-school-fleet
animeav1-hundred,Hundred,TV,,,,anime,,,AnimeAV1,https://animeav1.com/media/hundred
animeav1-hai-to-gensou-no-grimgar-furoagari-no-kabe-ni-kaketa-seishun-one-more-centimeter,Hai to Gensou no Grimgar: Special,SPECIAL,,,,anime,,,AnimeAV1,https://animeav1.com/media/hai-to-gensou-no-grimgar-furoagari-no-kabe-ni-kaketa-seishun-one-more-centimeter
animeav1-hai-to-gensou-no-grimgar,Hai to Gensou no Grimgar,TV,,,,anime,,,AnimeAV1,https://animeav1.com/media/hai-to-gensou-no-grimgar
animeav1-hibike-euphonium-kakedasu-monaka,Hibike! Euphonium: Kakedasu Monaka,TV,,,,anime,,,AnimeAV1,https://animeav1.com/media/hibike-euphonium-kakedasu-monaka
animeav1-high-school-dxd-born-specials,High School DxD BorN Specials,OVA,,,,comedy,,,AnimeAV1,https://animeav1.com/media/high-school-dxd-born-specials
animeav1-highspeed-movie-free-starting-days,High☆Speed! Movie: Free! Starting Days,MOVIE,,,,anime,,,AnimeAV1,https://animeav1.com/media/highspeed-movie-free-starting-days
animeav1-hidan-no-aria-aa,Hidan no Aria AA,TV,,,,anime,,,AnimeAV1,https://animeav1.com/media/hidan-no-aria-aa
animeav1-haikyuu-second-season,Haikyuu!! Second Season,TV,,,,anime,,,AnimeAV1,https://animeav1.com/media/haikyuu-second-season
animeav1-himouto-umaru-chan,Himouto! Umaru-chan,TV,,,,anime,,,AnimeAV1,https://animeav1.com/media/himouto-umaru-chan
animeav1-haiyore-nyaruko-san-f,Haiyore! Nyaruko-san F,OVA,,,,anime,,,AnimeAV1,https://animeav1.com/media/haiyore-nyaruko-san-f
animeav1-hibike-euphonium,Hibike! Euphonium,TV,,,,anime,,,AnimeAV1,https://animeav1.com/media/hibike-euphonium
animeav1-hello-kiniro-mosaic,Hello!! Kiniro Mosaic,TV,,,,anime,,,AnimeAV1,https://animeav1.com/media/hello-kiniro-mosaic
animeav1-high-school-dxd-born,High School DxD BorN,TV,,,,comedy,,,AnimeAV1,https://animeav1.com/media/high-school-dxd-born
animeav1-hitsugi-no-chaika-nerawareta-hitsugiyomigaeru-iseki,Hitsugi no Chaika: Nerawareta Hitsugi/Yomigaeru Iseki,OVA,,,,anime,,,AnimeAV1,https://animeav1.com/media/hitsugi-no-chaika-nerawareta-hitsugiyomigaeru-iseki
animeav1-haikyuu-lev-genzan,Haikyuu!! Lev Genzan!,OVA,,,,anime,,,AnimeAV1,https://animeav1.com/media/haikyuu-lev-genzan
animeav1-hyakka-ryouran-samurai-after-specials,Hyakka Ryouran: Samurai After Specials,TV,,,,anime,,,AnimeAV1,https://animeav1.com/media/hyakka-ryouran-samurai-after-specials
animeav1-hyakka-ryouran-samurai-after,Hyakka Ryouran: Samurai After,OVA,,,,anime,,,AnimeAV1,https://animeav1.com/media/hyakka-ryouran-samurai-after
animeav1-hybrid-child,Hybrid Child,OVA,,,,anime,,,AnimeAV1,https://animeav1.com/media/hybrid-child
animeav1-happiness-charge-precure-movie-ningyou-no-kuni-no-ballerina,Happiness Charge Precure! Movie: Ningyou no Kuni no Ballerina,MOVIE,,,,anime,,,AnimeAV1,https://animeav1.com/media/happiness-charge-precure-movie-ningyou-no-kuni-no-ballerina
animeav1-hitsugi-no-chaika-avenging-battle,Hitsugi no Chaika: Avenging Battle,TV,,,,anime,,,AnimeAV1,https://animeav1.com/media/hitsugi-no-chaika-avenging-battle
animeav1-hanamonogatari,Hanamonogatari,ESPECIAL,,,,anime,,,AnimeAV1,https://animeav1.com/media/hanamonogatari
animeav1-himegoto,Himegoto,TV,,,,anime,,,AnimeAV1,https://animeav1.com/media/himegoto
animeav1-hitsugi-no-chaika,Hitsugi no Chaika,TV,,,,anime,,,AnimeAV1,https://animeav1.com/media/hitsugi-no-chaika
animeav1-haikyuu,Haikyuu!!,TV,,,,anime,,,AnimeAV1,https://animeav1.com/media/haikyuu
animeav1-happiness-charge-precure,Happiness Charge Precure!,TV,,,,anime,,,AnimeAV1,https://animeav1.com/media/happiness-charge-precure
animeav1-hamatora-the-animation,Hamatora The Animation,TV,,,,anime,,,AnimeAV1,https://animeav1.com/media/hamatora-the-animation
animeav1-hunter-x-hunter-movie-2-the-last-mission,Hunter x Hunter Movie 2: The Last Mission,MOVIE,,,,anime,,,AnimeAV1,https://animeav1.com/media/hunter-x-hunter-movie-2-the-last-mission
animeav1-hajime-no-ippo-rising,Hajime no Ippo: Rising,TV,,,,anime,,,AnimeAV1,https://animeav1.com/media/hajime-no-ippo-rising
animeav1-higurashi-no-naku-koro-ni-kaku-outbreak,Higurashi no Naku Koro ni Kaku: Outbreak,OVA,,,,anime,,,AnimeAV1,https://animeav1.com/media/higurashi-no-naku-koro-ni-kaku-outbreak
animeav1-high-school-dxd-new,High School DxD New,TV,,,,comedy,,,AnimeAV1,https://animeav1.com/media/high-school-dxd-new
animeav1-hyakka-ryouran-samurai-bride-specials,Hyakka Ryouran: Samurai Bride Specials,TV,,,,anime,,,AnimeAV1,https://animeav1.com/media/hyakka-ryouran-samurai-bride-specials
animeav1-hal,Hal,Movie,,,,anime,,,AnimeAV1,https://animeav1.com/media/hal
animeav1-hentai-ouji-to-warawanai-neko,Hentai Ouji to Warawanai Neko.,TV,,,,anime,,,AnimeAV1,https://animeav1.com/media/hentai-ouji-to-warawanai-neko
animeav1-hayate-no-gotoku-cuties,Hayate no Gotoku! Cuties,TV,,,,anime,,,AnimeAV1,https://animeav1.com/media/hayate-no-gotoku-cuties
animeav1-haiyore-nyaruko-san-w,Haiyore! Nyaruko-san W,TV,,,,anime,,,AnimeAV1,https://animeav1.com/media/haiyore-nyaruko-san-w
animeav1-hyakka-ryouran-samurai-bride,Hyakka Ryouran: Samurai Bride,TV,,,,anime,,,AnimeAV1,https://animeav1.com/media/hyakka-ryouran-samurai-bride
animeav1-hataraku-maou-sama,Hataraku Maou-sama!,TV,,,,anime,,,AnimeAV1,https://animeav1.com/media/hataraku-maou-sama
animeav1-hanasaku-iroha-movie-home-sweet-home,Hanasaku Iroha Movie: Home Sweet Home,MOVIE,,,,anime,,,AnimeAV1,https://animeav1.com/media/hanasaku-iroha-movie-home-sweet-home
animeav1-hunter-x-hunter-movie-1-phantom-rouge,Hunter x Hunter Movie 1: Phantom Rouge,MOVIE,,,,anime,,,AnimeAV1,https://animeav1.com/media/hunter-x-hunter-movie-1-phantom-rouge
animeav1-hidamari-sketch-x-honeycomb,Hidamari Sketch x Honeycomb,TV,,,,anime,,,AnimeAV1,https://animeav1.com/media/hidamari-sketch-x-honeycomb
animeav1-hayate-no-gotoku-cant-take-my-eyes-off-you,Hayate no Gotoku! Can't Take My Eyes Off You,TV,,,,anime,,,AnimeAV1,https://animeav1.com/media/hayate-no-gotoku-cant-take-my-eyes-off-you
animeav1-hori-san-to-miyamura-kun,Hori-san to Miyamura-kun,OVA,,,,anime,,,AnimeAV1,https://animeav1.com/media/hori-san-to-miyamura-kun
animeav1-hagure-yuusha-no-aesthetica-hajirai-ippai,Hagure Yuusha no Aesthetica: Hajirai Ippai,TV,,,,anime,,,AnimeAV1,https://animeav1.com/media/hagure-yuusha-no-aesthetica-hajirai-ippai
animeav1-hakuouki-reimeiroku,Hakuouki: Reimeiroku,TV,,,,anime,,,AnimeAV1,https://animeav1.com/media/hakuouki-reimeiroku
animeav1-hyouka-motsubeki-mono-wa,Hyouka: Motsubeki Mono wa,OVA,,,,anime,,,AnimeAV1,https://animeav1.com/media/hyouka-motsubeki-mono-wa
animeav1-hagure-yuusha-no-aesthetica,Hagure Yuusha no Aesthetica,TV,,,,anime,,,AnimeAV1,https://animeav1.com/media/hagure-yuusha-no-aesthetica
animeav1-hyouka,Hyouka,TV,,,,anime,,,AnimeAV1,https://animeav1.com/media/hyouka
animeav1-haiyore-nyaruko-san,Haiyore! Nyaruko-san,TV,,,,anime,,,AnimeAV1,https://animeav1.com/media/haiyore-nyaruko-san
animeav1-high-school-dxd-specials,High School DxD Specials,TV,,,,comedy,,,AnimeAV1,https://animeav1.com/media/high-school-dxd-specials
animeav1-high-school-dxd,High School DxD,TV,,,,comedy,,,AnimeAV1,https://animeav1.com/media/high-school-dxd
animeav1-hoshizora-e-kakaru-hashi-kakaru-ka-gakuensai-ni-koi-no-hashi,Hoshizora e Kakaru Hashi: Kakaru ka? Gakuensai ni Koi no Hashi,TV,,,,anime,,,AnimeAV1,https://animeav1.com/media/hoshizora-e-kakaru-hashi-kakaru-ka-gakuensai-ni-koi-no-hashi
animeav1-hunter-x-hunter-2011,Hunter x Hunter (2011),TV,,2011,,anime,,,AnimeAV1,https://animeav1.com/media/hunter-x-hunter-2011
animeav1-hotarubi-no-mori-e,Hotarubi no Mori e,Movie,,,,anime,,,AnimeAV1,https://animeav1.com/media/hotarubi-no-mori-e
animeav1-hayate-no-gotoku-heaven-is-a-place-on-earth,Hayate no Gotoku! Heaven Is a Place on Earth,Movie,,,,anime,,,AnimeAV1,https://animeav1.com/media/hayate-no-gotoku-heaven-is-a-place-on-earth
animeav1-heart-no-kuni-no-alice-wonderful-wonder-world,Heart no Kuni no Alice: Wonderful Wonder World,Movie,,,,anime,,,AnimeAV1,https://animeav1.com/media/heart-no-kuni-no-alice-wonderful-wonder-world
animeav1-higurashi-no-naku-koro-ni-kira,Higurashi no Naku Koro ni Kira,OVA,,,,anime,,,AnimeAV1,https://animeav1.com/media/higurashi-no-naku-koro-ni-kira
animeav1-hoshi-wo-ou-kodomo,Hoshi wo Ou Kodomo,Movie,,,,anime,,,AnimeAV1,https://animeav1.com/media/hoshi-wo-ou-kodomo
animeav1-highschool-of-the-dead-drifters-of-the-dead,High School of the Dead OVA,OVA,,,,comedy,,,AnimeAV1,https://animeav1.com/media/highschool-of-the-dead-drifters-of-the-dead
animeav1-hidan-no-aria,Hidan no Aria,TV,,,,anime,,,AnimeAV1,https://animeav1.com/media/hidan-no-aria
animeav1-hoshizora-e-kakaru-hashi,Hoshizora e Kakaru Hashi,TV,,,,anime,,,AnimeAV1,https://animeav1.com/media/hoshizora-e-kakaru-hashi
animeav1-hanasaku-iroha,Hanasaku Iroha,TV,,,,anime,,,AnimeAV1,https://animeav1.com/media/hanasaku-iroha
animeav1-haiyoru-nyaruani-remember-my-lovecraft-sensei,Haiyoru! Nyaruani: Remember My Love(craft-sensei),TV,,,,anime,,,AnimeAV1,https://animeav1.com/media/haiyoru-nyaruani-remember-my-lovecraft-sensei
animeav1-hyakka-ryouran-samurai-girls-specials,Hyakka Ryouran: Samurai Girls Specials,TV,,,,anime,,,AnimeAV1,https://animeav1.com/media/hyakka-ryouran-samurai-girls-specials
animeav1-hakuouki-hekketsuroku,Hakuouki: Hekketsuroku,TV,,,,anime,,,AnimeAV1,https://animeav1.com/media/hakuouki-hekketsuroku
animeav1-hyakka-ryouran-samurai-girls,Hyakka Ryouran: Samurai Girls,TV,,,,anime,,,AnimeAV1,https://animeav1.com/media/hyakka-ryouran-samurai-girls
animeav1-highschool-of-the-dead,Highschool of the Dead,TV,,,,anime,,,AnimeAV1,https://animeav1.com/media/highschool-of-the-dead
animeav1-hakuouki,Hakuouki,TV,,,,anime,,,AnimeAV1,https://animeav1.com/media/hakuouki
animeav1-haiyoru-nyaruani,Haiyoru! Nyaruani,OVA,,,,anime,,,AnimeAV1,https://animeav1.com/media/haiyoru-nyaruani
animeav1-higashi-no-eden-movie-ii-paradise-lost,Higashi no Eden Movie II: Paradise Lost,MOVIE,,,,anime,,,AnimeAV1,https://animeav1.com/media/higashi-no-eden-movie-ii-paradise-lost
animeav1-heartcatch-precure,Heartcatch Precure!,TV,,,,anime,,,AnimeAV1,https://animeav1.com/media/heartcatch-precure
animeav1-hanamaru-youchien,Hanamaru Youchien,TV,,,,anime,,,AnimeAV1,https://animeav1.com/media/hanamaru-youchien
animeav1-higashi-no-eden-movie-i-the-king-of-eden,Higashi no Eden Movie I: The King of Eden,MOVIE,,,,anime,,,AnimeAV1,https://animeav1.com/media/higashi-no-eden-movie-i-the-king-of-eden
animeav1-higashi-no-eden,Higashi no Eden,TV,,,,anime,,,AnimeAV1,https://animeav1.com/media/higashi-no-eden
animeav1-hayate-no-gotoku-s-2,Hayate no Gotoku!! Season 2,TV,,,,anime,,,AnimeAV1,https://animeav1.com/media/hayate-no-gotoku-s-2
animeav1-hidamari-sketch-x-365-specials,Hidamari Sketch x 365 Specials,TV,,,,anime,,,AnimeAV1,https://animeav1.com/media/hidamari-sketch-x-365-specials
animeav1-hayate-no-gotoku-atsu-ga-natsuize-mizugi-hen,Hayate no Gotoku!! OVA,OVA,,,,anime,,,AnimeAV1,https://animeav1.com/media/hayate-no-gotoku-atsu-ga-natsuize-mizugi-hen
animeav1-higurashi-no-naku-koro-ni-rei,Higurashi no Naku Koro ni Rei,OVA,,,,anime,,,AnimeAV1,https://animeav1.com/media/higurashi-no-naku-koro-ni-rei
animeav1-hajime-no-ippo-new-challenger,Hajime no Ippo: New Challenger,TV,,,,anime,,,AnimeAV1,https://animeav1.com/media/hajime-no-ippo-new-challenger
animeav1-hells,Hells,Movie,,,,anime,,,AnimeAV1,https://animeav1.com/media/hells
animeav1-hokuto-no-ken-raoh-gaiden-ten-no-haoh,Hokuto no Ken: Raoh Gaiden Ten no Haoh,TV,,,,anime,,,AnimeAV1,https://animeav1.com/media/hokuto-no-ken-raoh-gaiden-ten-no-haoh
animeav1-hyakko,Hyakko,TV,,,,anime,,,AnimeAV1,https://animeav1.com/media/hyakko
animeav1-hidamari-sketch-x-365,Hidamari Sketch x 365,TV,,,,anime,,,AnimeAV1,https://animeav1.com/media/hidamari-sketch-x-365
animeav1-h2o-footprints-in-the-sand,H2O: Footprints in the Sand,TV,,,,anime,,,AnimeAV1,https://animeav1.com/media/h2o-footprints-in-the-sand
animeav1-hidamari-sketch-specials,Hidamari Sketch Specials,ESPECIAL,,,,anime,,,AnimeAV1,https://animeav1.com/media/hidamari-sketch-specials
animeav1-higurashi-no-naku-koro-ni-kai,Higurashi no Naku Koro ni Kai,TV,,,,anime,,,AnimeAV1,https://animeav1.com/media/higurashi-no-naku-koro-ni-kai
animeav1-heroic-age,Heroic Age,TV,,,,anime,,,AnimeAV1,https://animeav1.com/media/heroic-age
animeav1-hayate-no-gotoku-s-1,Hayate no Gotoku!,TV,,,,anime,,,AnimeAV1,https://animeav1.com/media/hayate-no-gotoku-s-1
animeav1-hidamari-sketch,Hidamari Sketch,TV,,,,anime,,,AnimeAV1,https://animeav1.com/media/hidamari-sketch
animeav1-hachimitsu-to-clover-ii,Hachimitsu to Clover II,TV,,,,anime,,,AnimeAV1,https://animeav1.com/media/hachimitsu-to-clover-ii
animeav1-higurashi-no-naku-koro-ni,Higurashi no Naku Koro ni,TV,,,,anime,,,AnimeAV1,https://animeav1.com/media/higurashi-no-naku-koro-ni
animeav1-hellsing-ultimate,Hellsing Ultimate,OVA,,,,anime,,,AnimeAV1,https://animeav1.com/media/hellsing-ultimate
animeav1-hachimitsu-to-clover-specials,Hachimitsu to Clover Specials,TV,,,,anime,,,AnimeAV1,https://animeav1.com/media/hachimitsu-to-clover-specials
animeav1-hachimitsu-to-clover,Hachimitsu to Clover,TV,,,,anime,,,AnimeAV1,https://animeav1.com/media/hachimitsu-to-clover
animeav1-howl-no-ugoku-shiro,Howl no Ugoku Shiro,Movie,,,,anime,,,AnimeAV1,https://animeav1.com/media/howl-no-ugoku-shiro
animeav1-hikari-to-mizu-no-daphne-specials,Hikari to Mizu no Daphne Specials,TV,,,,anime,,,AnimeAV1,https://animeav1.com/media/hikari-to-mizu-no-daphne-specials
animeav1-hunter-x-hunter-greed-island-final,Hunter x Hunter: Greed Island Final,OVA,,,,anime,,,AnimeAV1,https://animeav1.com/media/hunter-x-hunter-greed-island-final
animeav1-hikari-to-mizu-no-daphne,Hikari to Mizu no Daphne,TV,,,,anime,,,AnimeAV1,https://animeav1.com/media/hikari-to-mizu-no-daphne
animeav1-hikaru-no-go-hokuto-hai-e-no-michi,Hikaru no Go: Hokuto Hai e no Michi,TV,,,,anime,,,AnimeAV1,https://animeav1.com/media/hikaru-no-go-hokuto-hai-e-no-michi
animeav1-hajime-no-ippo-mashiba-vs-kimura,Hajime no Ippo: Mashiba vs. Kimura,OVA,,,,anime,,,AnimeAV1,https://animeav1.com/media/hajime-no-ippo-mashiba-vs-kimura
animeav1-hitsuji-no-uta,Hitsuji no Uta,OVA,,,,anime,,,AnimeAV1,https://animeav1.com/media/hitsuji-no-uta
animeav1-hajime-no-ippo-champion-road,Hajime no Ippo: Champion Road,ESPECIAL,,,,anime,,,AnimeAV1,https://animeav1.com/media/hajime-no-ippo-champion-road
animeav1-hajime-no-ippo-boxer-no-kobushi,Hajime no Ippo: Boxer no Kobushi,TV,,,,anime,,,AnimeAV1,https://animeav1.com/media/hajime-no-ippo-boxer-no-kobushi
animeav1-hunter-x-hunter-greed-island,Hunter x Hunter: Greed Island,OVA,,,,anime,,,AnimeAV1,https://animeav1.com/media/hunter-x-hunter-greed-island
animeav1-hand-maid-mai,Hand Maid Mai,OVA,,,,anime,,,AnimeAV1,https://animeav1.com/media/hand-maid-mai
animeav1-haibane-renmei,Haibane Renmei,TV,,,,anime,,,AnimeAV1,https://animeav1.com/media/haibane-renmei
animeav1-hunter-x-hunter-original-video-animation,Hunter x Hunter: Original Video Animation,OVA,,,,anime,,,AnimeAV1,https://animeav1.com/media/hunter-x-hunter-original-video-animation
animeav1-hellsing,Hellsing,TV,,,,anime,,,AnimeAV1,https://animeav1.com/media/hellsing
animeav1-hikaru-no-go,Hikaru no Go,TV,,,,anime,,,AnimeAV1,https://animeav1.com/media/hikaru-no-go
animeav1-hajime-no-ippo,Hajime no Ippo,TV,,,,anime,,,AnimeAV1,https://animeav1.com/media/hajime-no-ippo
animeav1-hand-maid-may,Hand Maid May,TV,,,,anime,,,AnimeAV1,https://animeav1.com/media/hand-maid-may
animeav1-hunter-x-hunter,Hunter x Hunter,TV,,,,anime,,,AnimeAV1,https://animeav1.com/media/hunter-x-hunter
animeav1-herlock-saga-nibelung-no-yubiwa,Herlock Saga: Nibelung no Yubiwa,OVA,,,,anime,,,AnimeAV1,https://animeav1.com/media/herlock-saga-nibelung-no-yubiwa
animeav1-hana-yori-dango-movie,Hana yori Dango (Movie),MOVIE,,,,anime,,,AnimeAV1,https://animeav1.com/media/hana-yori-dango-movie
animeav1-hana-yori-dango,Hana yori Dango,TV,,,,anime,,,AnimeAV1,https://animeav1.com/media/hana-yori-dango
animeav1-hajimari-no-boukensha-tachi-legend-of-crystania,Hajimari no Boukensha-tachi: Legend of Crystania,Movie,,,,anime,,,AnimeAV1,https://animeav1.com/media/hajimari-no-boukensha-tachi-legend-of-crystania
animeav1-hotaru-no-haka,Hotaru no Haka,Movie,,,,anime,,,AnimeAV1,https://animeav1.com/media/hotaru-no-haka
animeav1-hokuto-no-ken-2,Hokuto no Ken 2,TV,,,,anime,,,AnimeAV1,https://animeav1.com/media/hokuto-no-ken-2
animeav1-hokuto-no-ken-movie,Hokuto no Ken Movie,MOVIE,,,,anime,,,AnimeAV1,https://animeav1.com/media/hokuto-no-ken-movie
animeav1-hokuto-no-ken,Hokuto no Ken,TV,,,,anime,,,AnimeAV1,https://animeav1.com/media/hokuto-no-ken
animeav1-iwamoto-senpai-no-suisen,Iwamoto-senpai no Suisen,TV,,,,anime,,,AnimeAV1,https://animeav1.com/media/iwamoto-senpai-no-suisen
animeav1-ichijouma-mankitsugurashi,Ichijouma Mankitsugurashi!,TV,,,,anime,,,AnimeAV1,https://animeav1.com/media/ichijouma-mankitsugurashi
animeav1-ingoku-danchi,Ingoku Danchi,TV,,,,anime,,,AnimeAV1,https://animeav1.com/media/ingoku-danchi
animeav1-isekai-nonbiri-nouka-2,Isekai Nonbiri Nouka 2,TV,,,,fantasy,,,AnimeAV1,https://animeav1.com/media/isekai-nonbiri-nouka-2
animeav1-isekai-de-cheat-skill-wo-te-ni-shita-ore-wa-genjitsu-sekai-wo-mo-musou-suru-level-up-wa-jinsei-wo-kaeta-tv-special,"Isekai de Cheat Skill wo Te ni Shita Ore wa, Genjitsu Sekai wo mo Musou Suru: Level Up wa Jinsei wo Kaeta (TV Special)",TV,,,,fantasy,,,AnimeAV1,https://animeav1.com/media/isekai-de-cheat-skill-wo-te-ni-shita-ore-wa-genjitsu-sekai-wo-mo-musou-suru-level-up-wa-jinsei-wo-kaeta-tv-special
animeav1-isekai-no-sata-wa-shachiku-shidai,Isekai no Sata wa Shachiku Shidai,TV,,,,fantasy,,,AnimeAV1,https://animeav1.com/media/isekai-no-sata-wa-shachiku-shidai
animeav1-ikoku-nikki,Ikoku Nikki,TV,,,,anime,,,AnimeAV1,https://animeav1.com/media/ikoku-nikki
animeav1-isekai-quartet-3,Isekai Quartet 3,TV,,,,fantasy,,,AnimeAV1,https://animeav1.com/media/isekai-quartet-3
animeav1-isekai-mokushiroku-mynoghra-hametsu-no-bunmei-de-hajimeru-sekai-seifuku,Isekai Mokushiroku Mynoghra: Hametsu no Bunmei de Hajimeru Sekai Seifuku,TV,,,,fantasy,,,AnimeAV1,https://animeav1.com/media/isekai-mokushiroku-mynoghra-hametsu-no-bunmei-de-hajimeru-sekai-seifuku
animeav1-i-byeol-e-pil-yohan,I Byeol-e Pil-yohan,ONA,,,,anime,,,AnimeAV1,https://animeav1.com/media/i-byeol-e-pil-yohan
animeav1-isshun-de-chiryou-shiteita-noni-yakutatazu-to-tsuihou-sareta-tensai-chiyushi-yami-healer-toshite-tanoshiku-ikiru,"Isshun de Chiryou shiteita noni Yakutatazu to Tsuihou sareta Tensai Chiyushi, Yami Healer toshite Tanoshiku Ikiru",TV,,,,anime,,,AnimeAV1,https://animeav1.com/media/isshun-de-chiryou-shiteita-noni-yakutatazu-to-tsuihou-sareta-tensai-chiyushi-yami-healer-toshite-tanoshiku-ikiru
animeav1-ishura-2nd-season,Ishura 2nd Season,TV,,,,anime,,,AnimeAV1,https://animeav1.com/media/ishura-2nd-season
animeav1-izure-saikyou-no-renkinjutsushi,Izure Saikyou no Renkinjutsushi?,TV,,,,anime,,,AnimeAV1,https://animeav1.com/media/izure-saikyou-no-renkinjutsushi
animeav1-isekai-shikkaku,Isekai Shikkaku,TV,,,,fantasy,,,AnimeAV1,https://animeav1.com/media/isekai-shikkaku
animeav1-isekai-yururi-kikou-kosodateshinagara-boukensha-shimasu,Isekai Yururi Kikou: Kosodateshinagara Boukensha Shimasu,TV,,,,fantasy,,,AnimeAV1,https://animeav1.com/media/isekai-yururi-kikou-kosodateshinagara-boukensha-shimasu
animeav1-isekai-suicide-squad,Isekai Suicide Squad,TV,,,,fantasy,,,AnimeAV1,https://animeav1.com/media/isekai-suicide-squad
animeav1-isekai-de-mofumofu-nadenade-suru-tame-ni-ganbattemasu,Isekai de Mofumofu Nadenade suru Tame ni Ganbattemasu.,TV,,,,fantasy,,,AnimeAV1,https://animeav1.com/media/isekai-de-mofumofu-nadenade-suru-tame-ni-ganbattemasu
animeav1-ishura,Ishura,TV,,,,anime,,,AnimeAV1,https://animeav1.com/media/ishura
animeav1-isekai-shoukan-wa-nidome-desu,Isekai Shoukan wa Nidome desu,TV,,,,fantasy,,,AnimeAV1,https://animeav1.com/media/isekai-shoukan-wa-nidome-desu
animeav1-isekai-one-turn-kill-neesan-ane-douhan-no-isekai-seikatsu-hajimemashita,Isekai One Turn Kill Neesan: Ane Douhan no Isekai Seikatsu Hajimemashita,TV,,,,fantasy,,,AnimeAV1,https://animeav1.com/media/isekai-one-turn-kill-neesan-ane-douhan-no-isekai-seikatsu-hajimemashita
animeav1-isekai-de-cheat-skill-wo-te-ni-shita-ore-wa-genjitsu-sekai-wo-mo-musou-suru-level-up-wa-jinsei-wo-kaeta,"Isekai de Cheat Skill wo Te ni Shita Ore wa, Genjitsu Sekai wo mo Musou Suru: Level Up wa Jinsei wo Kaeta",TV,,,,fantasy,,,AnimeAV1,https://animeav1.com/media/isekai-de-cheat-skill-wo-te-ni-shita-ore-wa-genjitsu-sekai-wo-mo-musou-suru-level-up-wa-jinsei-wo-kaeta
animeav1-isekai-wa-smartphone-to-tomo-ni-2,Isekai wa Smartphone to Tomo ni. 2,TV,,,,fantasy,,,AnimeAV1,https://animeav1.com/media/isekai-wa-smartphone-to-tomo-ni-2
animeav1-inu-ni-nattara-suki-na-hito-ni-hirowareta-specials,Inu ni Nattara Suki na Hito ni Hirowareta. Specials,TV,,,,anime,,,AnimeAV1,https://animeav1.com/media/inu-ni-nattara-suki-na-hito-ni-hirowareta-specials
animeav1-itou-junji-maniac,Itou Junji: Maniac,ONA,,,,anime,,,AnimeAV1,https://animeav1.com/media/itou-junji-maniac
animeav1-itai-no-wa-iya-nanode-bougyoryoku-ni-kyokufuri-shitai-to-omoimasu-2,Itai no wa Iya nanode Bougyoryoku ni Kyokufuri Shitai to Omoimasu. 2,TV,,,,anime,,,AnimeAV1,https://animeav1.com/media/itai-no-wa-iya-nanode-bougyoryoku-ni-kyokufuri-shitai-to-omoimasu-2
animeav1-ijiranaide-nagatoro-san-2nd-attack,"Ijiranaide, Nagatoro-san 2nd Season",TV,,,,anime,,,AnimeAV1,https://animeav1.com/media/ijiranaide-nagatoro-san-2nd-attack
animeav1-inu-ni-nattara-suki-na-hito-ni-hirowareta,Inu ni Nattara Suki na Hito ni Hirowareta.,TV,,,,anime,,,AnimeAV1,https://animeav1.com/media/inu-ni-nattara-suki-na-hito-ni-hirowareta
animeav1-isekai-nonbiri-nouka,Isekai Nonbiri Nouka,TV,,,,fantasy,,,AnimeAV1,https://animeav1.com/media/isekai-nonbiri-nouka
animeav1-isekai-yakkyoku,Isekai Yakkyoku,TV,,,,fantasy,,,AnimeAV1,https://animeav1.com/media/isekai-yakkyoku
animeav1-isekai-ojisan,Isekai Ojisan,TV,,,,fantasy,,,AnimeAV1,https://animeav1.com/media/isekai-ojisan
animeav1-isekai-meikyuu-de-harem-wo,Isekai Meikyuu de Harem wo,TV,,,,fantasy,,,AnimeAV1,https://animeav1.com/media/isekai-meikyuu-de-harem-wo
animeav1-isekai-quartet-movie-another-world,Isekai Quartet Movie: Another World,MOVIE,,,,fantasy,,,AnimeAV1,https://animeav1.com/media/isekai-quartet-movie-another-world
animeav1-isekai-shokudou-2,Isekai Shokudou 2,TV,,,,fantasy,,,AnimeAV1,https://animeav1.com/media/isekai-shokudou-2
animeav1-isekai-cheat-magician-yoiboshi-no-matsuri-to-majutsushi,Isekai Cheat Magician: Yoiboshi no Matsuri to Majutsushi,ESPECIAL,,,,fantasy,,,AnimeAV1,https://animeav1.com/media/isekai-cheat-magician-yoiboshi-no-matsuri-to-majutsushi
animeav1-ijiranaide-nagatoro-san,"Ijiranaide, Nagatoro-san",TV,,,,anime,,,AnimeAV1,https://animeav1.com/media/ijiranaide-nagatoro-san
animeav1-isekai-maou-to-shoukan-shoujo-no-dorei-majutsu-w,Isekai Maou to Shoukan Shoujo no Dorei Majutsu Ω,TV,,,,fantasy,,,AnimeAV1,https://animeav1.com/media/isekai-maou-to-shoukan-shoujo-no-dorei-majutsu-w
animeav1-idoly-pride,Idoly Pride,TV,,,,anime,,,AnimeAV1,https://animeav1.com/media/idoly-pride
animeav1-ikebukuro-west-gate-park,Ikebukuro West Gate Park,TV,,,,anime,,,AnimeAV1,https://animeav1.com/media/ikebukuro-west-gate-park
animeav1-iwa-kakeru-sport-climbing-girls,Iwa Kakeru! Sport Climbing Girls,TV,,,,anime,,,AnimeAV1,https://animeav1.com/media/iwa-kakeru-sport-climbing-girls
animeav1-isekai-quartet-2,Isekai Quartet 2,TV,Finished Airing,,,fantasy,,,AnimeAV1,https://animeav1.com/media/isekai-quartet-2
animeav1-ishuzoku-reviewers,Ishuzoku Reviewers,TV,,,,anime,,,AnimeAV1,https://animeav1.com/media/ishuzoku-reviewers
animeav1-infinite-dendrogram,Infinite Dendrogram,TV,,,,anime,,,AnimeAV1,https://animeav1.com/media/infinite-dendrogram
animeav1-itai-no-wa-iya-nanode-bougyoryoku-ni-kyokufuri-shitai-to-omoimasu,Itai no wa Iya nanode Bougyoryoku ni Kyokufuri Shitai to Omoimasu.,TV,,,,anime,,,AnimeAV1,https://animeav1.com/media/itai-no-wa-iya-nanode-bougyoryoku-ni-kyokufuri-shitai-to-omoimasu
animeav1-idinvaded,Id:Invaded,TV,,,,anime,,,AnimeAV1,https://animeav1.com/media/idinvaded
animeav1-iya-na-kao-sare-nagara-opantsu-misete-moraitai-2,Iya na Kao sare nagara Opantsu Misete Moraitai 2,ONA,,,,anime,,,AnimeAV1,https://animeav1.com/media/iya-na-kao-sare-nagara-opantsu-misete-moraitai-2
animeav1-isekai-cheat-magician,Isekai Cheat Magician,TV,,,,fantasy,,,AnimeAV1,https://animeav1.com/media/isekai-cheat-magician
animeav1-isekai-quartet,Isekai Quartet,TV,,,,fantasy,,,AnimeAV1,https://animeav1.com/media/isekai-quartet
animeav1-ikkitousen-western-wolves,Ikkitousen: Western Wolves,OVA,,,,anime,,,AnimeAV1,https://animeav1.com/media/ikkitousen-western-wolves
animeav1-irozuku-sekai-no-ashita-kara,Irozuku Sekai no Ashita kara,TV,,,,anime,,,AnimeAV1,https://animeav1.com/media/irozuku-sekai-no-ashita-kara
animeav1-iya-na-kao-sare-nagara-opantsu-misete-moraitai,Iya na Kao sare nagara Opantsu Misete Moraitai,ONA,,,,anime,,,AnimeAV1,https://animeav1.com/media/iya-na-kao-sare-nagara-opantsu-misete-moraitai
animeav1-isekai-maou-to-shoukan-shoujo-no-dorei-majutsu,Isekai Maou to Shoukan Shoujo no Dorei Majutsu,TV,,,,fantasy,,,AnimeAV1,https://animeav1.com/media/isekai-maou-to-shoukan-shoujo-no-dorei-majutsu
animeav1-island,Island,TV,,,,anime,,,AnimeAV1,https://animeav1.com/media/island
animeav1-itou-junji-collection-tomie,Itou Junji: Collection - Tomie,TV,,,,anime,,,AnimeAV1,https://animeav1.com/media/itou-junji-collection-tomie
animeav1-isekai-izakaya-koto-aitheria-no-izakaya-nobu,Isekai Izakaya: Koto Aitheria no Izakaya Nobu,ONA,,,,fantasy,,,AnimeAV1,https://animeav1.com/media/isekai-izakaya-koto-aitheria-no-izakaya-nobu
animeav1-itou-junji-collection,Itou Junji: Collection,TV,,,,anime,,,AnimeAV1,https://animeav1.com/media/itou-junji-collection
animeav1-itsudatte-bokura-no-koi-wa-10-cm-datta,Itsudatte Bokura no Koi wa 10 cm Datta.,TV,,,,anime,,,AnimeAV1,https://animeav1.com/media/itsudatte-bokura-no-koi-wa-10-cm-datta
animeav1-inuyashiki,Inuyashiki,TV,,,,anime,,,AnimeAV1,https://animeav1.com/media/inuyashiki
animeav1-imouto-sae-ireba-ii,Imouto sae Ireba Ii.,TV,,,,anime,,,AnimeAV1,https://animeav1.com/media/imouto-sae-ireba-ii
animeav1-isekai-wa-smartphone-to-tomo-ni,Isekai wa Smartphone to Tomo ni.,TV,,,,fantasy,,,AnimeAV1,https://animeav1.com/media/isekai-wa-smartphone-to-tomo-ni
animeav1-isekai-shokudou,Isekai Shokudou,TV,,,,fantasy,,,AnimeAV1,https://animeav1.com/media/isekai-shokudou
animeav1-ikkitousen-extravaganza-epoch,Ikkitousen: Extravaganza Epoch,OVA,,,,anime,,,AnimeAV1,https://animeav1.com/media/ikkitousen-extravaganza-epoch
animeav1-is-infinite-stratos-2-world-purge-hen,IS: Infinite Stratos 2 - World Purge-hen,OVA,,,,anime,,,AnimeAV1,https://animeav1.com/media/is-infinite-stratos-2-world-purge-hen
animeav1-imawa-no-kuni-no-alice,Imawa no Kuni no Alice,OVA,,,,anime,,,AnimeAV1,https://animeav1.com/media/imawa-no-kuni-no-alice
animeav1-inou-battle-wa-nichijou-kei-no-naka-de,Inou-Battle wa Nichijou-kei no Naka de,TV,,,,anime,,,AnimeAV1,https://animeav1.com/media/inou-battle-wa-nichijou-kei-no-naka-de
animeav1-inugami-san-to-nekoyama-san-nekoyama-san-to-onsen-ryokou,Inugami-san to Nekoyama-san: Nekoyama-san to Onsen Ryokou,TV,,,,anime,,,AnimeAV1,https://animeav1.com/media/inugami-san-to-nekoyama-san-nekoyama-san-to-onsen-ryokou
animeav1-inari-konkon-koi-iroha-inari-konkon-semishigure,"Inari, Konkon, Koi Iroha. Inari, Konkon, Semishigure.",OVA,,,,anime,,,AnimeAV1,https://animeav1.com/media/inari-konkon-koi-iroha-inari-konkon-semishigure
animeav1-initial-d-final-stage,Initial D Final Stage,TV,,,,anime,,,AnimeAV1,https://animeav1.com/media/initial-d-final-stage
animeav1-inugami-san-to-nekoyama-san,Inugami-san to Nekoyama-san,TV,,,,anime,,,AnimeAV1,https://animeav1.com/media/inugami-san-to-nekoyama-san
animeav1-isshuukan-friends,Isshuukan Friends.,TV,,,,anime,,,AnimeAV1,https://animeav1.com/media/isshuukan-friends
animeav1-inari-konkon-koi-iroha,"Inari, Konkon, Koi Iroha.",TV,,,,anime,,,AnimeAV1,https://animeav1.com/media/inari-konkon-koi-iroha
animeav1-is-infinite-stratos-2,IS: Infinite Stratos 2,TV,,,,anime,,,AnimeAV1,https://animeav1.com/media/is-infinite-stratos-2
animeav1-initial-d-fifth-stage,Initial D Fifth Stage,TV,,,,anime,,,AnimeAV1,https://animeav1.com/media/initial-d-fifth-stage
animeav1-ixion-saga-dt,Ixion Saga DT,TV,,,,anime,,,AnimeAV1,https://animeav1.com/media/ixion-saga-dt
animeav1-inu-x-boku-ss-miketsukami-kun-henkaswitchomamagoto,Inu x Boku SS: Miketsukami-kun Henka/Switch/Omamagoto,TV,,,,anime,,,AnimeAV1,https://animeav1.com/media/inu-x-boku-ss-miketsukami-kun-henkaswitchomamagoto
animeav1-inu-x-boku-ss,Inu x Boku SS,TV,,,,anime,,,AnimeAV1,https://animeav1.com/media/inu-x-boku-ss
animeav1-is-infinite-stratos-encore-koi-ni-kogareru-rokujuusou,IS: Infinite Stratos Encore - Koi ni Kogareru Rokujuusou,OVA,,,,anime,,,AnimeAV1,https://animeav1.com/media/is-infinite-stratos-encore-koi-ni-kogareru-rokujuusou
animeav1-itsuka-tenma-no-kuro-usagi-kokoro-utsuri-no-toukoubi-school-attendance-day,Itsuka Tenma no Kuro Usagi: Kokoro Utsuri no Toukoubi - School Attendance Day,OVA,,,,comedy,,,AnimeAV1,https://animeav1.com/media/itsuka-tenma-no-kuro-usagi-kokoro-utsuri-no-toukoubi-school-attendance-day
animeav1-ikkitousen-shuugaku-toushi-keppuuroku,Ikkitousen: Shuugaku Toushi Keppuuroku,OVA,,,,anime,,,AnimeAV1,https://animeav1.com/media/ikkitousen-shuugaku-toushi-keppuuroku
animeav1-itsuka-tenma-no-kuro-usagi,Itsuka Tenma no Kuro Usagi,TV,,,,anime,,,AnimeAV1,https://animeav1.com/media/itsuka-tenma-no-kuro-usagi
animeav1-inazuma-eleven-go,Inazuma Eleven Go,TV,,,,anime,,,AnimeAV1,https://animeav1.com/media/inazuma-eleven-go
animeav1-is-infinite-stratos,IS: Infinite Stratos,TV,,,,anime,,,AnimeAV1,https://animeav1.com/media/is-infinite-stratos
animeav1-ikkitousen-xtreme-xecutor-specials,Ikkitousen: Xtreme Xecutor Specials,TV,,,,anime,,,AnimeAV1,https://animeav1.com/media/ikkitousen-xtreme-xecutor-specials
animeav1-ichiban-ushiro-no-daimaou-specials,Ichiban Ushiro no Daimaou Specials,TV,,,,anime,,,AnimeAV1,https://animeav1.com/media/ichiban-ushiro-no-daimaou-specials
animeav1-ichiban-ushiro-no-daimaou,Ichiban Ushiro no Daimaou,TV,,,,anime,,,AnimeAV1,https://animeav1.com/media/ichiban-ushiro-no-daimaou
animeav1-ikkitousen-xtreme-xecutor,Ikkitousen: Xtreme Xecutor,TV,,,,anime,,,AnimeAV1,https://animeav1.com/media/ikkitousen-xtreme-xecutor
animeav1-ibara-no-ou,Ibara no Ou,Movie,,,,anime,,,AnimeAV1,https://animeav1.com/media/ibara-no-ou
animeav1-inuyasha-kanketsu-hen,InuYasha: Kanketsu-hen,TV,,,,anime,,,AnimeAV1,https://animeav1.com/media/inuyasha-kanketsu-hen
animeav1-isekai-no-seikishi-monogatari,Isekai no Seikishi Monogatari,OVA,,,,fantasy,,,AnimeAV1,https://animeav1.com/media/isekai-no-seikishi-monogatari
animeav1-ichigo-mashimaro-encore,Ichigo Mashimaro Encore,OVA,,,,anime,,,AnimeAV1,https://animeav1.com/media/ichigo-mashimaro-encore
animeav1-inazuma-eleven,Inazuma Eleven,TV,,,,anime,,,AnimeAV1,https://animeav1.com/media/inazuma-eleven
animeav1-initial-d-extra-stage-2,Initial D Extra Stage 2,OVA,,,,anime,,,AnimeAV1,https://animeav1.com/media/initial-d-extra-stage-2
animeav1-ikkitousen-great-guardians-specials,Ikkitousen: Great Guardians Specials,TV,,,,anime,,,AnimeAV1,https://animeav1.com/media/ikkitousen-great-guardians-specials
animeav1-ikkitousen-great-guardians,Ikkitousen: Great Guardians,TV,,,,anime,,,AnimeAV1,https://animeav1.com/media/ikkitousen-great-guardians
animeav1-itazura-na-kiss,Itazura na Kiss,TV,,,,anime,,,AnimeAV1,https://animeav1.com/media/itazura-na-kiss
animeav1-ikkitousen-dragon-destiny-specials,Ikkitousen: Dragon Destiny Specials,TV,,,,anime,,,AnimeAV1,https://animeav1.com/media/ikkitousen-dragon-destiny-specials
animeav1-initial-d-battle-stage-2,Initial D Battle Stage 2,OVA,,,,anime,,,AnimeAV1,https://animeav1.com/media/initial-d-battle-stage-2
animeav1-inukami-the-movie-tokumei-reiteki-sousakan-karina-shirou,Inukami! The Movie: Tokumei Reiteki Sousakan Karina Shirou!,MOVIE,,,,anime,,,AnimeAV1,https://animeav1.com/media/inukami-the-movie-tokumei-reiteki-sousakan-karina-shirou
animeav1-ikkitousen-dragon-destiny,Ikkitousen: Dragon Destiny,TV,,,,anime,,,AnimeAV1,https://animeav1.com/media/ikkitousen-dragon-destiny
animeav1-ichigo-mashimaro-ova,Ichigo Mashimaro OVA,OVA,,,,anime,,,AnimeAV1,https://animeav1.com/media/ichigo-mashimaro-ova
animeav1-innocent-venus,Innocent Venus,TV,,,,anime,,,AnimeAV1,https://animeav1.com/media/innocent-venus
animeav1-inukami,Inukami!,TV,,,,anime,,,AnimeAV1,https://animeav1.com/media/inukami
animeav1-is-pure,I''s Pure,OVA,,,,anime,,,AnimeAV1,https://animeav1.com/media/is-pure
animeav1-ichitaka-no-mousou-nikki,Ichitaka no Mousou Nikki,TV,,,,anime,,,AnimeAV1,https://animeav1.com/media/ichitaka-no-mousou-nikki
animeav1-itsudatte-my-santa,Itsudatte My Santa!,OVA,,,,anime,,,AnimeAV1,https://animeav1.com/media/itsudatte-my-santa
animeav1-ichigo-mashimaro,Ichigo Mashimaro,TV,,,,anime,,,AnimeAV1,https://animeav1.com/media/ichigo-mashimaro
animeav1-ichigo-100,Ichigo 100%,TV,,,,anime,,,AnimeAV1,https://animeav1.com/media/ichigo-100
animeav1-inuyasha-movie-4-guren-no-houraijima,InuYasha Movie 4: Guren no Houraijima,MOVIE,,,,anime,,,AnimeAV1,https://animeav1.com/media/inuyasha-movie-4-guren-no-houraijima
animeav1-initial-d-fourth-stage,Initial D Fourth Stage,TV,,,,anime,,,AnimeAV1,https://animeav1.com/media/initial-d-fourth-stage
animeav1-inuyasha-movie-3-tenka-hadou-no-ken,InuYasha Movie 3: Tenka Hadou no Ken,MOVIE,,,,anime,,,AnimeAV1,https://animeav1.com/media/inuyasha-movie-3-tenka-hadou-no-ken
animeav1-interstella5555-the-5tory-of-the-5ecret-5tar-5ystem,Interstella5555: The 5tory of The 5ecret 5tar 5ystem,Movie,,,,anime,,,AnimeAV1,https://animeav1.com/media/interstella5555-the-5tory-of-the-5ecret-5tar-5ystem
animeav1-ikkitousen,Ikkitousen,TV,,,,anime,,,AnimeAV1,https://animeav1.com/media/ikkitousen
animeav1-inuyasha-movie-2-kagami-no-naka-no-mugenjou,InuYasha Movie 2: Kagami no Naka no Mugenjou,MOVIE,,,,anime,,,AnimeAV1,https://animeav1.com/media/inuyasha-movie-2-kagami-no-naka-no-mugenjou
animeav1-is,I''s,OVA,,,,anime,,,AnimeAV1,https://animeav1.com/media/is
animeav1-initial-d-battle-stage,Initial D Battle Stage,OVA,,,,anime,,,AnimeAV1,https://animeav1.com/media/initial-d-battle-stage
animeav1-inuyasha-movie-1-toki-wo-koeru-omoi,InuYasha Movie 1: Toki wo Koeru Omoi,MOVIE,,,,anime,,,AnimeAV1,https://animeav1.com/media/inuyasha-movie-1-toki-wo-koeru-omoi
animeav1-i-my-me-strawberry-eggs,I My Me! Strawberry Eggs,TV,,,,anime,,,AnimeAV1,https://animeav1.com/media/i-my-me-strawberry-eggs
animeav1-initial-d-extra-stage,Initial D Extra Stage,OVA,,,,anime,,,AnimeAV1,https://animeav1.com/media/initial-d-extra-stage
animeav1-initial-d-third-stage,Initial D Third Stage,Movie,,,,anime,,,AnimeAV1,https://animeav1.com/media/initial-d-third-stage
animeav1-inuyasha,InuYasha,TV,,,,anime,,,AnimeAV1,https://animeav1.com/media/inuyasha
animeav1-initial-d-second-stage,Initial D Second Stage,TV,,,,anime,,,AnimeAV1,https://animeav1.com/media/initial-d-second-stage
animeav1-ima-soko-ni-iru-boku,"Ima, Soko ni Iru Boku",TV,,,,anime,,,AnimeAV1,https://animeav1.com/media/ima-soko-ni-iru-boku
animeav1-initial-d-first-stage,Initial D First Stage,TV,,,,anime,,,AnimeAV1,https://animeav1.com/media/initial-d-first-stage
animeav1-iria-zeiram-the-animation,Iria: Zeiram The Animation,OVA,,,,anime,,,AnimeAV1,https://animeav1.com/media/iria-zeiram-the-animation
animeav1-jishou-akuyaku-reijou-na-konyakusha-no-kansatsu-kiroku,Jishou Akuyaku Reijou na Konyakusha no Kansatsu Kiroku.,TV,,,,anime,,,AnimeAV1,https://animeav1.com/media/jishou-akuyaku-reijou-na-konyakusha-no-kansatsu-kiroku
animeav1-jidou-hanbaiki-ni-umarekawatta-ore-wa-meikyuu-wo-samayou-3rd-season,Jidou Hanbaiki ni Umarekawatta Ore wa Meikyuu wo Samayou 3rd Season,TV,,,,anime,,,AnimeAV1,https://animeav1.com/media/jidou-hanbaiki-ni-umarekawatta-ore-wa-meikyuu-wo-samayou-3rd-season
animeav1-jingai-kyoushitsu-no-ningengirai-kyoushi,Jingai Kyoushitsu no Ningengirai Kyoushi,TV,,,,anime,,,AnimeAV1,https://animeav1.com/media/jingai-kyoushitsu-no-ningengirai-kyoushi
animeav1-jigokuraku-2nd-season,Jigokuraku 2nd Season,TV,,,,anime,,,AnimeAV1,https://animeav1.com/media/jigokuraku-2nd-season
animeav1-jujutsu-kaisen-shimetsu-kaiyuu-zenpen,Jujutsu Kaisen: Shimetsu Kaiyuu - Zenpen,TV,,,,anime,,,AnimeAV1,https://animeav1.com/media/jujutsu-kaisen-shimetsu-kaiyuu-zenpen
animeav1-jigoku-sensei-nube-2025-part-2,Jigoku Sensei Nube (2025) Part 2,TV,,2025,,anime,,,AnimeAV1,https://animeav1.com/media/jigoku-sensei-nube-2025-part-2
animeav1-jibaku-shounen-hanako-kun-2-part-2,Jibaku Shounen Hanako-kun 2 Part 2,TV,,,,action,,,AnimeAV1,https://animeav1.com/media/jibaku-shounen-hanako-kun-2-part-2
animeav1-jidou-hanbaiki-ni-umarekawatta-ore-wa-meikyuu-wo-samayou-2nd-season,Jidou Hanbaiki ni Umarekawatta Ore wa Meikyuu wo Samayou 2nd Season,TV,,,,anime,,,AnimeAV1,https://animeav1.com/media/jidou-hanbaiki-ni-umarekawatta-ore-wa-meikyuu-wo-samayou-2nd-season
animeav1-jigoku-sensei-nube-2025,Jigoku Sensei Nube (2025),TV,,2025,,anime,,,AnimeAV1,https://animeav1.com/media/jigoku-sensei-nube-2025
animeav1-jibaku-shounen-hanako-kun-2,Jibaku Shounen Hanako-kun 2,TV,,,,action,,,AnimeAV1,https://animeav1.com/media/jibaku-shounen-hanako-kun-2
animeav1-jiisan-baasan-wakagaeru,Jiisan Baasan Wakagaeru,TV,,,,anime,,,AnimeAV1,https://animeav1.com/media/jiisan-baasan-wakagaeru
animeav1-jaku-chara-tomozaki-kun-2nd-stage,Jaku-Chara Tomozaki-kun 2nd Stage,TV,,,,anime,,,AnimeAV1,https://animeav1.com/media/jaku-chara-tomozaki-kun-2nd-stage
animeav1-jujutsu-kaisen-2nd-season,Jujutsu Kaisen 2nd Season,TV,,,,anime,,,AnimeAV1,https://animeav1.com/media/jujutsu-kaisen-2nd-season
animeav1-jidou-hanbaiki-ni-umarekawatta-ore-wa-meikyuu-wo-samayou,Jidou Hanbaiki ni Umarekawatta Ore wa Meikyuu wo Samayou,TV,,,,anime,,,AnimeAV1,https://animeav1.com/media/jidou-hanbaiki-ni-umarekawatta-ore-wa-meikyuu-wo-samayou
animeav1-jitsu-wa-ore-saikyou-deshita,"Jitsu wa Ore, Saikyou deshita?",TV,,,,anime,,,AnimeAV1,https://animeav1.com/media/jitsu-wa-ore-saikyou-deshita
animeav1-jijou-wo-shiranai-tenkousei-ga-guigui-kuru,Jijou wo Shiranai Tenkousei ga Guigui Kuru.,TV,,,,anime,,,AnimeAV1,https://animeav1.com/media/jijou-wo-shiranai-tenkousei-ga-guigui-kuru
animeav1-jigokuraku,Jigokuraku,TV,,,,anime,,,AnimeAV1,https://animeav1.com/media/jigokuraku
animeav1-jashin-chan-dropkick-x,Jashin-chan Dropkick X,TV,,,,anime,,,AnimeAV1,https://animeav1.com/media/jashin-chan-dropkick-x
animeav1-jujutsu-kaisen-0-movie,Jujutsu Kaisen 0 Movie,MOVIE,,,,anime,,,AnimeAV1,https://animeav1.com/media/jujutsu-kaisen-0-movie
animeav1-jojo-no-kimyou-na-bouken-part-6-stone-ocean,JoJo no Kimyou na Bouken Part 6: Stone Ocean,ONA,,,,anime,,,AnimeAV1,https://animeav1.com/media/jojo-no-kimyou-na-bouken-part-6-stone-ocean
animeav1-jahy-sama-wa-kujikenai,Jahy-sama wa Kujikenai!,TV,,,,anime,,,AnimeAV1,https://animeav1.com/media/jahy-sama-wa-kujikenai
animeav1-jouran-the-princess-of-snow-and-blood,Jouran: The Princess of Snow and Blood,TV,,,,anime,,,AnimeAV1,https://animeav1.com/media/jouran-the-princess-of-snow-and-blood
animeav1-jaku-chara-tomozaki-kun,Jaku-Chara Tomozaki-kun,TV,,,,anime,,,AnimeAV1,https://animeav1.com/media/jaku-chara-tomozaki-kun
animeav1-josee-to-tora-to-sakana-tachi,Josee to Tora to Sakana-tachi,Movie,,,,anime,,,AnimeAV1,https://animeav1.com/media/josee-to-tora-to-sakana-tachi
animeav1-jujutsu-kaisen,Jujutsu Kaisen,TV,,,,anime,,,AnimeAV1,https://animeav1.com/media/jujutsu-kaisen
animeav1-jashin-chan-dropkick-chitose-hen,Jashin-chan Dropkick': Chitose-hen,TV,,,,anime,,,AnimeAV1,https://animeav1.com/media/jashin-chan-dropkick-chitose-hen
animeav1-jashin-chan-dropkick-s2,Jashin-chan Dropkick',TV,,,,anime,,,AnimeAV1,https://animeav1.com/media/jashin-chan-dropkick-s2
animeav1-jibaku-shounen-hanako-kun,Jibaku Shounen Hanako-kun,TV,,,,action,,,AnimeAV1,https://animeav1.com/media/jibaku-shounen-hanako-kun
animeav1-joshikousei-no-mudazukai,Joshikousei no Mudazukai,TV,,,,anime,,,AnimeAV1,https://animeav1.com/media/joshikousei-no-mudazukai
animeav1-joshikausei,Joshikausei,TV,,,,anime,,,AnimeAV1,https://animeav1.com/media/joshikausei
animeav1-jojo-no-kimyou-na-bouken-part-5-ougon-no-kaze,JoJo no Kimyou na Bouken Part 5: Ougon no Kaze,TV,,,,anime,,,AnimeAV1,https://animeav1.com/media/jojo-no-kimyou-na-bouken-part-5-ougon-no-kaze
animeav1-jashin-chan-dropkick-episode-12,Jashin-chan Dropkick Episode 12,ONA,,,,anime,,,AnimeAV1,https://animeav1.com/media/jashin-chan-dropkick-episode-12
animeav1-jashin-chan-dropkick-s1,Jashin-chan Dropkick,TV,,,,anime,,,AnimeAV1,https://animeav1.com/media/jashin-chan-dropkick-s1
animeav1-juushinki-pandora,Juushinki Pandora,TV,,,,anime,,,AnimeAV1,https://animeav1.com/media/juushinki-pandora
animeav1-just-because,Just Because!,TV,,,,anime,,,AnimeAV1,https://animeav1.com/media/just-because
animeav1-juuni-taisen,Juuni Taisen,TV,,,,anime,,,AnimeAV1,https://animeav1.com/media/juuni-taisen
animeav1-jigoku-shoujo-yoi-no-togi,Jigoku Shoujo: Yoi no Togi,TV,,,,romance,,,AnimeAV1,https://animeav1.com/media/jigoku-shoujo-yoi-no-togi
animeav1-joker-game-kuroneko-yoru-no-bouken,Joker Game: Kuroneko Yoru no Bouken,TV,,,,anime,,,AnimeAV1,https://animeav1.com/media/joker-game-kuroneko-yoru-no-bouken
animeav1-joker-game,Joker Game,TV,,,,anime,,,AnimeAV1,https://animeav1.com/media/joker-game
animeav1-jojo-no-kimyou-na-bouken-part-4-diamond-wa-kudakenai,JoJo no Kimyou na Bouken Part 4: Diamond wa Kudakenai,TV,,,,anime,,,AnimeAV1,https://animeav1.com/media/jojo-no-kimyou-na-bouken-part-4-diamond-wa-kudakenai
animeav1-junjou-romantica-3,Junjou Romantica 3,TV,,,,anime,,,AnimeAV1,https://animeav1.com/media/junjou-romantica-3
animeav1-jitsu-wa-watashi-wa,Jitsu wa Watashi wa,TV,,,,anime,,,AnimeAV1,https://animeav1.com/media/jitsu-wa-watashi-wa
animeav1-joukamachi-no-dandelion,Joukamachi no Dandelion,TV,,,,anime,,,AnimeAV1,https://animeav1.com/media/joukamachi-no-dandelion
animeav1-jojo-no-kimyou-na-bouken-part-3-stardust-crusaders-egypt-hen,Jojo's Bizarre Adventure: Stardust Crusaders 2nd Season,TV,,,,action,,,AnimeAV1,https://animeav1.com/media/jojo-no-kimyou-na-bouken-part-3-stardust-crusaders-egypt-hen
animeav1-jojo-no-kimyou-na-bouken-part-3-stardust-crusaders,JoJo's Bizarre Adventure: Stardust Crusaders,TV,,,,action,,,AnimeAV1,https://animeav1.com/media/jojo-no-kimyou-na-bouken-part-3-stardust-crusaders
animeav1-joshiraku-ova,Joshiraku OVA,OVA,,,,anime,,,AnimeAV1,https://animeav1.com/media/joshiraku-ova
animeav1-junjou-romantica-ova,Junjou Romantica OVA,OVA,,,,anime,,,AnimeAV1,https://animeav1.com/media/junjou-romantica-ova
animeav1-jormungand-perfect-order,Jormungand: Perfect Order,TV,,,,anime,,,AnimeAV1,https://animeav1.com/media/jormungand-perfect-order
animeav1-jojo-no-kimyou-na-bouken-tv,JoJo's Bizarre Adventure The Animation,TV,,,,action,,,AnimeAV1,https://animeav1.com/media/jojo-no-kimyou-na-bouken-tv
animeav1-joshiraku,Joshiraku,TV,,,,anime,,,AnimeAV1,https://animeav1.com/media/joshiraku
animeav1-jormungand,Jormungand,TV,,,,anime,,,AnimeAV1,https://animeav1.com/media/jormungand
animeav1-junjou-romantica-2,Junjou Romantica 2,TV,,,,anime,,,AnimeAV1,https://animeav1.com/media/junjou-romantica-2
animeav1-jigoku-shoujo-mitsuganae,Jigoku Shoujo Mitsuganae,TV,,,,romance,,,AnimeAV1,https://animeav1.com/media/jigoku-shoujo-mitsuganae
animeav1-junjou-romantica,Junjou Romantica,TV,,,,anime,,,AnimeAV1,https://animeav1.com/media/junjou-romantica
animeav1-jigoku-shoujo-futakomori,Jigoku Shoujo Futakomori,TV,,,,romance,,,AnimeAV1,https://animeav1.com/media/jigoku-shoujo-futakomori
animeav1-joshikousei-girls-high-specials,Joshikousei: Girl's High Specials,TV,,,,anime,,,AnimeAV1,https://animeav1.com/media/joshikousei-girls-high-specials
animeav1-joshikousei-girls-high,Joshikousei: Girl's High,TV,,,,anime,,,AnimeAV1,https://animeav1.com/media/joshikousei-girls-high
animeav1-jigoku-shoujo,Jigoku Shoujo,TV,,,,romance,,,AnimeAV1,https://animeav1.com/media/jigoku-shoujo
animeav1-juubee-chan-2-siberia-yagyuu-no-gyakushuu,Juubee-chan 2: Siberia Yagyuu no Gyakushuu,TV,,,,anime,,,AnimeAV1,https://animeav1.com/media/juubee-chan-2-siberia-yagyuu-no-gyakushuu
animeav1-juuni-kokuki,Juuni Kokuki,TV,,,,anime,,,AnimeAV1,https://animeav1.com/media/juuni-kokuki
animeav1-jin-rou,Jin-Rou,Movie,,,,anime,,,AnimeAV1,https://animeav1.com/media/jin-rou
animeav1-juubee-chan-lovely-gantai-no-himitsu,Juubee-chan: Lovely Gantai no Himitsu,TV,,,,anime,,,AnimeAV1,https://animeav1.com/media/juubee-chan-lovely-gantai-no-himitsu
animeav1-jungle-de-ikou,Jungle de Ikou!,OVA,,,,anime,,,AnimeAV1,https://animeav1.com/media/jungle-de-ikou
animeav1-jojo-no-kimyou-na-bouken,JoJo's Bizarre Adventure,OVA,,,,action,,,AnimeAV1,https://animeav1.com/media/jojo-no-kimyou-na-bouken
animeav1-juubee-ninpuuchou,Juubee Ninpuuchou,Movie,,,,anime,,,AnimeAV1,https://animeav1.com/media/juubee-ninpuuchou
animeav1-kimi-ga-shinu-made-koi-wo-shitai,Kimi ga Shinu made Koi wo Shitai,TV,,,,anime,,,AnimeAV1,https://animeav1.com/media/kimi-ga-shinu-made-koi-wo-shitai
animeav1-koukaku-kidoutai-tv,Koukaku Kidoutai (TV),TV,,,,anime,,,AnimeAV1,https://animeav1.com/media/koukaku-kidoutai-tv
animeav1-koko-wa-ore-ni-makasete-saki-ni-ike-to-itte-kara-10-nen-ga-tattara-densetsu-ni-natteita,Koko wa Ore ni Makasete Saki ni Ike to Itte kara 10-nen ga Tattara Densetsu ni Natteita.,TV,,,,anime,,,AnimeAV1,https://animeav1.com/media/koko-wa-ore-ni-makasete-saki-ni-ike-to-itte-kara-10-nen-ga-tattara-densetsu-ni-natteita
animeav1-kimi-no-koto-ga-daidaidaidaidaisuki-na-100-nin-no-kanojo-3rd-season,Kimi no Koto ga Daidaidaidaidaisuki na 100-nin no Kanojo 3rd Season,TV,,,,anime,,,AnimeAV1,https://animeav1.com/media/kimi-no-koto-ga-daidaidaidaidaisuki-na-100-nin-no-kanojo-3rd-season
animeav1-kabushikigaisha-magi-lumiere-2nd-season,Kabushikigaisha Magi-Lumière 2nd Season,TV,,,,anime,,,AnimeAV1,https://animeav1.com/media/kabushikigaisha-magi-lumiere-2nd-season
animeav1-kore-kaite-shine,Kore Kaite Shine,TV,,,,anime,,,AnimeAV1,https://animeav1.com/media/kore-kaite-shine
animeav1-kuroneko-to-majo-no-kyoushitsu,Kuroneko to Majo no Kyoushitsu,TV,,,,anime,,,AnimeAV1,https://animeav1.com/media/kuroneko-to-majo-no-kyoushitsu
animeav1-kanojo-okarishimasu-5th-season,"Kanojo, Okarishimasu 5th Season",TV,,,,anime,,,AnimeAV1,https://animeav1.com/media/kanojo-okarishimasu-5th-season
animeav1-kamiina-botan-yoeru-sugata-wa-yuri-no-hana,"Kamiina Botan, Yoeru Sugata wa Yuri no Hana",TV,,,,anime,,,AnimeAV1,https://animeav1.com/media/kamiina-botan-yoeru-sugata-wa-yuri-no-hana
animeav1-kill-ao,Kill Ao,TV,,,,anime,,,AnimeAV1,https://animeav1.com/media/kill-ao
animeav1-kami-no-shizuku,Kami no Shizuku,TV,,,,anime,,,AnimeAV1,https://animeav1.com/media/kami-no-shizuku
animeav1-kujima-utaeba-ie-hororo,Kujima Utaeba Ie Hororo,TV,,,,anime,,,AnimeAV1,https://animeav1.com/media/kujima-utaeba-ie-hororo
animeav1-kanan-sama-wa-akumade-choroi,Kanan-sama wa Akumade Choroi,TV,,,,anime,,,AnimeAV1,https://animeav1.com/media/kanan-sama-wa-akumade-choroi
animeav1-kami-no-niwatsuki-kusunoki-tei,Kami no Niwatsuki Kusunoki-tei,TV,,,,anime,,,AnimeAV1,https://animeav1.com/media/kami-no-niwatsuki-kusunoki-tei
animeav1-kirio-fanclub,Kirio Fanclub,TV,,,,anime,,,AnimeAV1,https://animeav1.com/media/kirio-fanclub
animeav1-koori-no-jouheki,Koori no Jouheki,TV,,,,anime,,,AnimeAV1,https://animeav1.com/media/koori-no-jouheki
animeav1-kaya-chan-wa-kowakunai,Kaya-chan wa Kowakunai,TV,,,,anime,,,AnimeAV1,https://animeav1.com/media/kaya-chan-wa-kowakunai
animeav1-kizoku-tensei-megumareta-umare-kara-saikyou-no-chikara-wo-eru,Kizoku Tensei: Megumareta Umare kara Saikyou no Chikara wo Eru,TV,,,,anime,,,AnimeAV1,https://animeav1.com/media/kizoku-tensei-megumareta-umare-kara-saikyou-no-chikara-wo-eru
animeav1-kirei-ni-shitemoraemasu-ka,Kirei ni Shitemoraemasu ka.,TV,,,,anime,,,AnimeAV1,https://animeav1.com/media/kirei-ni-shitemoraemasu-ka
animeav1-kaguya-sama-wa-kokurasetai-otona-e-no-kaidan,Kaguya-sama wa Kokurasetai: Otona e no Kaidan,ESPECIAL,,,,anime,,,AnimeAV1,https://animeav1.com/media/kaguya-sama-wa-kokurasetai-otona-e-no-kaidan
animeav1-kimi-to-koete-koi-ni-naru,Kimi to Koete Koi ni Naru,TV,,,,anime,,,AnimeAV1,https://animeav1.com/media/kimi-to-koete-koi-ni-naru
animeav1-kikaijikake-no-marie,Kikaijikake no Marie,TV,,,,anime,,,AnimeAV1,https://animeav1.com/media/kikaijikake-no-marie
animeav1-kingdom-6th-season,Kingdom 6th Season,TV,,,,anime,,,AnimeAV1,https://animeav1.com/media/kingdom-6th-season
animeav1-kekkon-yubiwa-monogatari-ii,Kekkon Yubiwa Monogatari II,TV,,,,anime,,,AnimeAV1,https://animeav1.com/media/kekkon-yubiwa-monogatari-ii
animeav1-kao-ni-denai-kashiwada-san-to-kao-ni-deru-oota-kun,Kao ni Denai Kashiwada-san to Kao ni Deru Oota-kun,TV,,,,anime,,,AnimeAV1,https://animeav1.com/media/kao-ni-denai-kashiwada-san-to-kao-ni-deru-oota-kun
animeav1-kakuriyo-no-yadomeshi-ni,Kakuriyo no Yadomeshi Ni,TV,,,,anime,,,AnimeAV1,https://animeav1.com/media/kakuriyo-no-yadomeshi-ni
animeav1-kimi-to-idol-precure-movie-omatase-kimi-ni-todokeru-kirakki-live,Kimi to Idol Precure♪ Movie: Omatase! Kimi ni Todokeru Kirakki Live!,MOVIE,,,,anime,,,AnimeAV1,https://animeav1.com/media/kimi-to-idol-precure-movie-omatase-kimi-ni-todokeru-kirakki-live
animeav1-karaoke-iko,Karaoke Iko!,TV,,,,anime,,,AnimeAV1,https://animeav1.com/media/karaoke-iko
animeav1-kaijuu-8-gou-2nd-season,Kaijuu 8-gou 2nd Season,TV,,,,anime,,,AnimeAV1,https://animeav1.com/media/kaijuu-8-gou-2nd-season
animeav1-kizetsu-yuusha-to-ansatsu-hime,Kizetsu Yuusha to Ansatsu Hime,TV,,2027,,anime,,,AnimeAV1,https://animeav1.com/media/kizetsu-yuusha-to-ansatsu-hime
animeav1-kamitsubaki-shi-kensetsuchuu,Kamitsubaki-shi Kensetsuchuu.,TV,,,,anime,,,AnimeAV1,https://animeav1.com/media/kamitsubaki-shi-kensetsuchuu
animeav1-kakkou-no-iinazuke-season-2,Kakkou no Iinazuke Season 2,TV,,,,anime,,,AnimeAV1,https://animeav1.com/media/kakkou-no-iinazuke-season-2
animeav1-koujo-denka-no-kateikyoushi,Koujo Denka no Kateikyoushi,TV,,,,anime,,,AnimeAV1,https://animeav1.com/media/koujo-denka-no-kateikyoushi
animeav1-kaoru-hana-wa-rin-to-saku,Kaoru Hana wa Rin to Saku,TV,,,,anime,,,AnimeAV1,https://animeav1.com/media/kaoru-hana-wa-rin-to-saku
animeav1-kanojo-okarishimasu-4th-season,"Kanojo, Okarishimasu 4th Season",TV,,,,anime,,,AnimeAV1,https://animeav1.com/media/kanojo-okarishimasu-4th-season
animeav1-kobayashi-san-chi-no-maid-dragon-samishigariya-no-ryuu,Kobayashi-san Chi no Maid Dragon: Samishigariya no Ryuu,Movie,,,,anime,,,AnimeAV1,https://animeav1.com/media/kobayashi-san-chi-no-maid-dragon-samishigariya-no-ryuu
animeav1-kono-subarashii-sekai-ni-shukufuku-wo-3-bonus-stage,Kono Subarashii Sekai ni Shukufuku wo! 3: Bonus Stage,OVA,,,,anime,,,AnimeAV1,https://animeav1.com/media/kono-subarashii-sekai-ni-shukufuku-wo-3-bonus-stage
animeav1-kanpekisugite-kawaige-ga-nai-to-konyaku-haki-sareta-seijo-wa-ringoku-ni-urareru,Kanpekisugite Kawaige ga Nai to Konyaku Haki sareta Seijo wa Ringoku ni Urareru,TV,,,,anime,,,AnimeAV1,https://animeav1.com/media/kanpekisugite-kawaige-ga-nai-to-konyaku-haki-sareta-seijo-wa-ringoku-ni-urareru
animeav1-kidou-senshi-gundam-gquuuuuux,Kidou Senshi Gundam: GQuuuuuuX,TV,,,,anime,,,AnimeAV1,https://animeav1.com/media/kidou-senshi-gundam-gquuuuuux
animeav1-kakushite-makina-san,Kakushite! Makina-san!!,TV,,,,anime,,,AnimeAV1,https://animeav1.com/media/kakushite-makina-san
animeav1-kanchigai-no-atelier-meister-eiyuu-party-no-moto-zatsuyougakari-ga-jitsu-wa-sentou-igai-ga-sss-rank-datta-to-iu-yoku-aru-hanashi,"Kanchigai no Atelier Meister: Eiyuu Party no Moto Zatsuyougakari ga, Jitsu wa Sentou Igai ga SSS Rank Datta to Iu Yoku Aru Hanashi",TV,,,,anime,,,AnimeAV1,https://animeav1.com/media/kanchigai-no-atelier-meister-eiyuu-party-no-moto-zatsuyougakari-ga-jitsu-wa-sentou-igai-ga-sss-rank-datta-to-iu-yoku-aru-hanashi
animeav1-katainaka-no-ossan-kensei-ni-naru,"Katainaka no Ossan, Kensei ni Naru",TV,,,,anime,,,AnimeAV1,https://animeav1.com/media/katainaka-no-ossan-kensei-ni-naru
animeav1-kuroshitsuji-midori-no-majo-hen,Kuroshitsuji: Midori no Majo-hen,TV,,,,anime,,,AnimeAV1,https://animeav1.com/media/kuroshitsuji-midori-no-majo-hen
animeav1-kowloon-generic-romance,Kowloon Generic Romance,TV,,,,romance,,,AnimeAV1,https://animeav1.com/media/kowloon-generic-romance
animeav1-kijin-gentoushou,Kijin Gentoushou,TV,,,,anime,,,AnimeAV1,https://animeav1.com/media/kijin-gentoushou
animeav1-kaijuu-8-gou-hoshina-no-kyuujitsu,Kaijuu 8-gou: Hoshina no Kyuujitsu,TV,,2026,,anime,,,AnimeAV1,https://animeav1.com/media/kaijuu-8-gou-hoshina-no-kyuujitsu
animeav1-kaijuu-8-gou-movie,Kaijuu 8-gou Movie,MOVIE,,,,anime,,,AnimeAV1,https://animeav1.com/media/kaijuu-8-gou-movie
animeav1-hyakkano-ii,Kimi no Koto ga Daidaidaidaidaisuki na 100-nin no Kanojo 2nd Season,TV,,,,anime,,,AnimeAV1,https://animeav1.com/media/hyakkano-ii
animeav1-kusuriya-no-hitorigoto-2nd-season,Kusuriya no Hitorigoto 2nd Season,TV,,,,anime,,,AnimeAV1,https://animeav1.com/media/kusuriya-no-hitorigoto-2nd-season
animeav1-medakawa,Kuroiwa Medaka ni Watashi no Kawaii ga Tsuujinai,TV,,,,anime,,,AnimeAV1,https://animeav1.com/media/medakawa
animeav1-kono-kaisha-ni-suki-na-hito-ga-imasu,Kono Kaisha ni Suki na Hito ga Imasu,TV,,,,anime,,,AnimeAV1,https://animeav1.com/media/kono-kaisha-ni-suki-na-hito-ga-imasu
animeav1-kisaki-kyouiku-kara-nigetai-watashi,Kisaki Kyouiku kara Nigetai Watashi,TV,,,,anime,,,AnimeAV1,https://animeav1.com/media/kisaki-kyouiku-kara-nigetai-watashi
animeav1-kidou-senshi-gundam-fukushuu-no-requiem,Kidou Senshi Gundam: Fukushuu no Requiem,ONA,,,,anime,,,AnimeAV1,https://animeav1.com/media/kidou-senshi-gundam-fukushuu-no-requiem
animeav1-kamonohashi-ron-no-kindan-suiri-2nd-season,Kamonohashi Ron no Kindan Suiri 2nd Season,TV,,,,anime,,,AnimeAV1,https://animeav1.com/media/kamonohashi-ron-no-kindan-suiri-2nd-season
animeav1-kimi-wa-meido-sama,Kimi wa Meido-sama.,TV,,,,anime,,,AnimeAV1,https://animeav1.com/media/kimi-wa-meido-sama
animeav1-kabushikigaisha-magi-lumiere,Kabushikigaisha Magi-Lumière,TV,,,,anime,,,AnimeAV1,https://animeav1.com/media/kabushikigaisha-magi-lumiere
animeav1-kekkon-suru-tte-hontou-desu-ka,"Kekkon suru tte, Hontou desu ka",TV,,,,anime,,,AnimeAV1,https://animeav1.com/media/kekkon-suru-tte-hontou-desu-ka
animeav1-kinoko-inu,Kinoko Inu,TV,,,,anime,,,AnimeAV1,https://animeav1.com/media/kinoko-inu
animeav1-kamierabi-2nd-season,Kamierabi 2nd Season,TV,,,,anime,,,AnimeAV1,https://animeav1.com/media/kamierabi-2nd-season
animeav1-kengan-ashura-season-2-part-2,Kengan Ashura Season 2 Part 2,ONA,,,,anime,,,AnimeAV1,https://animeav1.com/media/kengan-ashura-season-2-part-2
animeav1-kimi-ni-todoke-3rd-season,Kimi ni Todoke 3rd Season,ONA,,,,anime,,,AnimeAV1,https://animeav1.com/media/kimi-ni-todoke-3rd-season
animeav1-kinnikuman-kanpeki-choujin-shiso-hen,Kinnikuman: Kanpeki Chоujin Shiso-hen,TV,,,,anime,,,AnimeAV1,https://animeav1.com/media/kinnikuman-kanpeki-choujin-shiso-hen
animeav1-kimi-to-boku-no-saigo-no-senjou-aruiwa-sekai-ga-hajimaru-seisen-season-ii,"Kimi to Boku no Saigo no Senjou, Aruiwa Sekai ga Hajimaru Seisen Season II",TV,,,,anime,,,AnimeAV1,https://animeav1.com/media/kimi-to-boku-no-saigo-no-senjou-aruiwa-sekai-ga-hajimaru-seisen-season-ii
animeav1-koi-wa-futago-de-warikirenai,Koi wa Futago de Warikirenai,TV,,,,anime,,,AnimeAV1,https://animeav1.com/media/koi-wa-futago-de-warikirenai
animeav1-katsute-mahou-shoujo-to-aku-wa-tekitai-shiteita,Katsute Mahou Shoujo to Aku wa Tekitai shiteita.,TV,,,,romance,,,AnimeAV1,https://animeav1.com/media/katsute-mahou-shoujo-to-aku-wa-tekitai-shiteita
animeav1-kami-no-tou-ouji-no-kikan,Kami no Tou: Ouji no Kikan,TV,,,,anime,,,AnimeAV1,https://animeav1.com/media/kami-no-tou-ouji-no-kikan
animeav1-kono-sekai-wa-fukanzen-sugiru,Kono Sekai wa Fukanzen Sugiru,TV,,,,anime,,,AnimeAV1,https://animeav1.com/media/kono-sekai-wa-fukanzen-sugiru
animeav1-kimetsu-no-yaiba-hashira-geiko-hen,Kimetsu no Yaiba: Hashira Geiko-hen,TV,,,,anime,,,AnimeAV1,https://animeav1.com/media/kimetsu-no-yaiba-hashira-geiko-hen
animeav1-kaijuu-8-gou,Kaijuu 8-gou,TV,,,,anime,,,AnimeAV1,https://animeav1.com/media/kaijuu-8-gou
animeav1-kuroshitsuji-kishuku-gakkou-hen,Kuroshitsuji: Kishuku Gakkou-hen,TV,,,,anime,,,AnimeAV1,https://animeav1.com/media/kuroshitsuji-kishuku-gakkou-hen
animeav1-kenka-dokugaku,Kenka Dokugaku,TV,,,,anime,,,AnimeAV1,https://animeav1.com/media/kenka-dokugaku
animeav1-kaii-to-otome-to-kamikakushi,Kaii to Otome to Kamikakushi,TV,,,,anime,,,AnimeAV1,https://animeav1.com/media/kaii-to-otome-to-kamikakushi
animeav1-kono-subarashii-sekai-ni-shukufuku-wo-3,Kono Subarashii Sekai ni Shukufuku wo! 3,TV,,,,anime,,,AnimeAV1,https://animeav1.com/media/kono-subarashii-sekai-ni-shukufuku-wo-3
animeav1-karasu-wa-aruji-wo-erabanai,Karasu wa Aruji wo Erabanai,TV,,,,anime,,,AnimeAV1,https://animeav1.com/media/karasu-wa-aruji-wo-erabanai
animeav1-kami-wa-game-ni-ueteiru,Kami wa Game ni Ueteiru.,TV,,,,anime,,,AnimeAV1,https://animeav1.com/media/kami-wa-game-ni-ueteiru
animeav1-kidou-senshi-gundam-seed-freedom,Kidou Senshi Gundam SEED Freedom,Movie,,,,anime,,,AnimeAV1,https://animeav1.com/media/kidou-senshi-gundam-seed-freedom
animeav1-kingdom-5th-season,Kingdom 5th Season,TV,,,,anime,,,AnimeAV1,https://animeav1.com/media/kingdom-5th-season
animeav1-kyuujitsu-no-warumono-san,Kyuujitsu no Warumono-san,TV,,,,anime,,,AnimeAV1,https://animeav1.com/media/kyuujitsu-no-warumono-san
animeav1-kekkon-yubiwa-monogatari,Kekkon Yubiwa Monogatari,TV,,,,anime,,,AnimeAV1,https://animeav1.com/media/kekkon-yubiwa-monogatari
animeav1-kusuriya-no-hitorigoto,Kusuriya no Hitorigoto,TV,,,,anime,,,AnimeAV1,https://animeav1.com/media/kusuriya-no-hitorigoto
animeav1-hyakkano,Kimi no Koto ga Daidaidaidaidaisuki na 100-nin no Kanojo,TV,,,,anime,,,AnimeAV1,https://animeav1.com/media/hyakkano
animeav1-kikansha-no-mahou-wa-tokubetsu-desu,Kikansha no Mahou wa Tokubetsu desu,TV,,,,anime,,,AnimeAV1,https://animeav1.com/media/kikansha-no-mahou-wa-tokubetsu-desu
animeav1-kanojo-mo-kanojo-season-2,Kanojo mo Kanojo Season 2,TV,,,,anime,,,AnimeAV1,https://animeav1.com/media/kanojo-mo-kanojo-season-2
animeav1-kibou-no-chikara-otona-precure-23,Kibou no Chikara: Otona Precure '23,TV,,,,anime,,,AnimeAV1,https://animeav1.com/media/kibou-no-chikara-otona-precure-23
animeav1-keikenzumi-na-kimi-to-keiken-zero-na-ore-ga-otsukiai-suru-hanashi,"Keikenzumi na Kimi to, Keiken Zero na Ore ga, Otsukiai suru Hanashi.",TV,,,,anime,,,AnimeAV1,https://animeav1.com/media/keikenzumi-na-kimi-to-keiken-zero-na-ore-ga-otsukiai-suru-hanashi
animeav1-kizuna-no-allele-season-2,Kizuna no Allele Season 2,TV,,,,anime,,,AnimeAV1,https://animeav1.com/media/kizuna-no-allele-season-2
animeav1-kamierabi,Kamierabi,TV,,,,anime,,,AnimeAV1,https://animeav1.com/media/kamierabi
animeav1-kage-no-jitsuryokusha-ni-naritakute-2nd-season,Kage no Jitsuryokusha ni Naritakute! 2nd Season,TV,,,,anime,,,AnimeAV1,https://animeav1.com/media/kage-no-jitsuryokusha-ni-naritakute-2nd-season
animeav1-konyaku-haki-sareta-reijou-wo-hirotta-ore-ga-ikenai-koto-wo-oshiekomu,"Konyaku Haki sareta Reijou wo Hirotta Ore ga, Ikenai Koto wo Oshiekomu",TV,,,,anime,,,AnimeAV1,https://animeav1.com/media/konyaku-haki-sareta-reijou-wo-hirotta-ore-ga-ikenai-koto-wo-oshiekomu
animeav1-kamonohashi-ron-no-kindan-suiri,Kamonohashi Ron no Kindan Suiri,TV,,,,anime,,,AnimeAV1,https://animeav1.com/media/kamonohashi-ron-no-kindan-suiri
animeav1-kengan-ashura-season-2,Kengan Ashura Season 2,ONA,,,,anime,,,AnimeAV1,https://animeav1.com/media/kengan-ashura-season-2
animeav1-kimitachi-wa-dou-ikiru-ka,Kimitachi wa Dou Ikiru ka,Movie,,,,anime,,,AnimeAV1,https://animeav1.com/media/kimitachi-wa-dou-ikiru-ka
animeav1-kanojo-okarishimasu-3rd-season,"Kanojo, Okarishimasu 3rd Season",TV,,,,anime,,,AnimeAV1,https://animeav1.com/media/kanojo-okarishimasu-3rd-season
animeav1-kimi-wa-houkago-insomnia,Kimi wa Houkago Insomnia,TV,,,,anime,,,AnimeAV1,https://animeav1.com/media/kimi-wa-houkago-insomnia
animeav1-kanojo-ga-koushaku-tei-ni-itta-riyuu,Kanojo ga Koushaku-tei ni Itta Riyuu,TV,,,,anime,,,AnimeAV1,https://animeav1.com/media/kanojo-ga-koushaku-tei-ni-itta-riyuu
animeav1-kimetsu-no-yaiba-katanakaji-no-sato-hen,Kimetsu no Yaiba: Katanakaji no Sato-hen,TV,,,,anime,,,AnimeAV1,https://animeav1.com/media/kimetsu-no-yaiba-katanakaji-no-sato-hen
animeav1-kaminaki-sekai-no-kamisama-katsudou,Kaminaki Sekai no Kamisama Katsudou,TV,,,,anime,,,AnimeAV1,https://animeav1.com/media/kaminaki-sekai-no-kamisama-katsudou
animeav1-kono-subarashii-sekai-ni-bakuen-wo,Kono Subarashii Sekai ni Bakuen wo!,TV,,,,anime,,,AnimeAV1,https://animeav1.com/media/kono-subarashii-sekai-ni-bakuen-wo
animeav1-kizuna-no-allele,Kizuna no Allele,TV,,,,anime,,,AnimeAV1,https://animeav1.com/media/kizuna-no-allele
animeav1-kuma-kuma-kuma-bear-punch,Kuma Kuma Kuma Bear Punch!,TV,,,,anime,,,AnimeAV1,https://animeav1.com/media/kuma-kuma-kuma-bear-punch
animeav1-kubo-san-wa-mob-wo-yurusanai,Kubo-san wa Mob wo Yurusanai,TV,,,,anime,,,AnimeAV1,https://animeav1.com/media/kubo-san-wa-mob-wo-yurusanai
animeav1-kyokou-suiri-season-2,Kyokou Suiri Season 2,TV,,,,anime,,,AnimeAV1,https://animeav1.com/media/kyokou-suiri-season-2
animeav1-kami-tachi-ni-hirowareta-otoko-2nd-season,Kami-tachi ni Hirowareta Otoko 2nd Season,TV,,,,anime,,,AnimeAV1,https://animeav1.com/media/kami-tachi-ni-hirowareta-otoko-2nd-season
animeav1-kaiko-sareta-ankoku-heishi-30-dai-no-slow-na-second-life,Kaiko sareta Ankoku Heishi (30-dai) no Slow na Second Life,TV,,,,anime,,,AnimeAV1,https://animeav1.com/media/kaiko-sareta-ankoku-heishi-30-dai-no-slow-na-second-life
animeav1-koori-zokusei-danshi-to-cool-na-douryou-joshi,Koori Zokusei Danshi to Cool na Douryou Joshi,TV,,,,anime,,,AnimeAV1,https://animeav1.com/media/koori-zokusei-danshi-to-cool-na-douryou-joshi
animeav1-kaguya-sama-wa-kokurasetai-first-kiss-wa-owaranai,Kaguya-sama wa Kokurasetai: First Kiss wa Owaranai,Movie,,,,anime,,,AnimeAV1,https://animeav1.com/media/kaguya-sama-wa-kokurasetai-first-kiss-wa-owaranai
animeav1-kancolle-itsuka-ano-umi-de,KanColle: Itsuka Ano Umi de,TV,,,,anime,,,AnimeAV1,https://animeav1.com/media/kancolle-itsuka-ano-umi-de
animeav1-kimi-wo-aishita-hitori-no-boku-e,Kimi wo Aishita Hitori no Boku e,Movie,,,,anime,,,AnimeAV1,https://animeav1.com/media/kimi-wo-aishita-hitori-no-boku-e
animeav1-kage-no-jitsuryokusha-ni-naritakute,Kage no Jitsuryokusha ni Naritakute!,TV,,,,anime,,,AnimeAV1,https://animeav1.com/media/kage-no-jitsuryokusha-ni-naritakute
animeav1-kidou-senshi-gundam-suisei-no-majo,Kidou Senshi Gundam: Suisei no Majo,TV,,,,anime,,,AnimeAV1,https://animeav1.com/media/kidou-senshi-gundam-suisei-no-majo
animeav1-koukyuu-no-karasu,Koukyuu no Karasu,TV,,,,anime,,,AnimeAV1,https://animeav1.com/media/koukyuu-no-karasu
animeav1-kakegurui-twin,Kakegurui Twin,ONA,,,,anime,,,AnimeAV1,https://animeav1.com/media/kakegurui-twin
animeav1-kuro-no-shoukanshi,Kuro no Shoukanshi,TV,,,,anime,,,AnimeAV1,https://animeav1.com/media/kuro-no-shoukanshi
animeav1-kumichou-musume-to-sewagakari,Kumichou Musume to Sewagakari,TV,,,,anime,,,AnimeAV1,https://animeav1.com/media/kumichou-musume-to-sewagakari
animeav1-kinsou-no-vermeil-gakeppuchi-majutsushi-wa-saikyou-no-yakusai-to-mahou-sekai-wo-tsukisusumu,Kinsou no Vermeil,TV,,,,anime,,,AnimeAV1,https://animeav1.com/media/kinsou-no-vermeil-gakeppuchi-majutsushi-wa-saikyou-no-yakusai-to-mahou-sekai-wo-tsukisusumu
animeav1-kanojo-okarishimasu-2nd-season,"Kanojo, Okarishimasu 2nd Season",TV,,,,anime,,,AnimeAV1,https://animeav1.com/media/kanojo-okarishimasu-2nd-season
animeav1-karakai-jouzu-no-takagi-san-movie,Karakai Jouzu no Takagi-san Movie,MOVIE,,,,anime,,,AnimeAV1,https://animeav1.com/media/karakai-jouzu-no-takagi-san-movie
animeav1-kidou-senshi-gundam-cucuruz-doan-no-shima,Kidou Senshi Gundam: Cucuruz Doan no Shima,Movie,,,,anime,,,AnimeAV1,https://animeav1.com/media/kidou-senshi-gundam-cucuruz-doan-no-shima
animeav1-kakkou-no-iinazuke,Kakkou no Iinazuke,TV,,,,anime,,,AnimeAV1,https://animeav1.com/media/kakkou-no-iinazuke
animeav1-kaginado-season-2,Kaginado Season 2,TV,,,,anime,,,AnimeAV1,https://animeav1.com/media/kaginado-season-2
animeav1-kingdom-4th-season,Kingdom 4th Season,TV,,,,anime,,,AnimeAV1,https://animeav1.com/media/kingdom-4th-season
animeav1-kono-healer-mendokusai,"Kono Healer, Mendokusai",TV,,,,anime,,,AnimeAV1,https://animeav1.com/media/kono-healer-mendokusai
animeav1-kunoichi-tsubaki-no-mune-no-uchi,Kunoichi Tsubaki no Mune no Uchi,TV,,,,anime,,,AnimeAV1,https://animeav1.com/media/kunoichi-tsubaki-no-mune-no-uchi
animeav1-kawaii-dake-ja-nai-shikimori-san,Kawaii dake ja Nai Shikimori-san,TV,,,,anime,,,AnimeAV1,https://animeav1.com/media/kawaii-dake-ja-nai-shikimori-san
animeav1-kaguya-sama-season-3,Kaguya-sama wa Kokurasetai: Ultra Romantic,TV,,,,anime,,,AnimeAV1,https://animeav1.com/media/kaguya-sama-season-3
animeav1-koi-wa-sekai-seifuku-no-ato-de,Koi wa Sekai Seifuku no Ato de,TV,,,,anime,,,AnimeAV1,https://animeav1.com/media/koi-wa-sekai-seifuku-no-ato-de
animeav1-komi-san-wa-comyushou-desu-2nd-season,"Komi-san wa, Comyushou desu. 2nd Season",TV,,,,anime,,,AnimeAV1,https://animeav1.com/media/komi-san-wa-comyushou-desu-2nd-season
animeav1-kotarou-wa-hitorigurashi,Kotarou wa Hitorigurashi,ONA,,,,anime,,,AnimeAV1,https://animeav1.com/media/kotarou-wa-hitorigurashi
animeav1-koroshi-ai,Koroshi Ai,TV,,,,anime,,,AnimeAV1,https://animeav1.com/media/koroshi-ai
animeav1-kenja-no-deshi-wo-nanoru-kenja,Kenja no Deshi wo Nanoru Kenja,TV,,,,anime,,,AnimeAV1,https://animeav1.com/media/kenja-no-deshi-wo-nanoru-kenja
animeav1-karakai-jouzu-no-takagi-san-3,Karakai Jouzu no Takagi-san 3,TV,,,,anime,,,AnimeAV1,https://animeav1.com/media/karakai-jouzu-no-takagi-san-3
animeav1-kimetsu-no-yaiba-yuukaku-hen,Kimetsu no Yaiba: Yuukaku-hen,TV,,,,anime,,,AnimeAV1,https://animeav1.com/media/kimetsu-no-yaiba-yuukaku-hen
animeav1-kaginado,Kaginado,TV,,,,anime,,,AnimeAV1,https://animeav1.com/media/kaginado
animeav1-kimetsu-no-yaiba-mugen-ressha-hen,Kimetsu no Yaiba: Mugen Ressha-hen,TV,,,,anime,,,AnimeAV1,https://animeav1.com/media/kimetsu-no-yaiba-mugen-ressha-hen
animeav1-komi-san-wa-comyushou-desu,"Komi-san wa, Comyushou desu.",TV,,,,anime,,,AnimeAV1,https://animeav1.com/media/komi-san-wa-comyushou-desu
animeav1-kaizoku-oujo,Kaizoku Oujo,TV,,,,anime,,,AnimeAV1,https://animeav1.com/media/kaizoku-oujo
animeav1-kobayashi-san-chi-no-maid-dragon-s,Kobayashi-san Chi no Maid Dragon S,TV,,,,anime,,,AnimeAV1,https://animeav1.com/media/kobayashi-san-chi-no-maid-dragon-s
animeav1-kageki-shoujo,Kageki Shoujo!!,TV,,,,romance,,,AnimeAV1,https://animeav1.com/media/kageki-shoujo
animeav1-kanojo-mo-kanojo,Kanojo mo Kanojo,TV,,,,anime,,,AnimeAV1,https://animeav1.com/media/kanojo-mo-kanojo
animeav1-kidou-senshi-gundam-senkou-no-hathaway,Kidou Senshi Gundam: Senkou no Hathaway,Movie,,,,anime,,,AnimeAV1,https://animeav1.com/media/kidou-senshi-gundam-senkou-no-hathaway
animeav1-kaguya-sama-wa-kokurasetai-tensai-tachi-no-renai-zunousen-ova,Kaguya-sama wa Kokurasetai? Tensai-tachi no Renai Zunousen OVA,OVA,,,,anime,,,AnimeAV1,https://animeav1.com/media/kaguya-sama-wa-kokurasetai-tensai-tachi-no-renai-zunousen-ova
animeav1-kyuukyoku-shinka-shita-full-dive-rpg-ga-genjitsu-yori-mo-kusoge-dattara,Kyuukyoku Shinka shita Full Dive RPG ga Genjitsu yori mo Kusoge Dattara,TV,,,,anime,,,AnimeAV1,https://animeav1.com/media/kyuukyoku-shinka-shita-full-dive-rpg-ga-genjitsu-yori-mo-kusoge-dattara
animeav1-mini-dragon,Kobayashi-san Chi no Maid Dragon S Minidora,ONA,,,,anime,,,AnimeAV1,https://animeav1.com/media/mini-dragon
animeav1-koi-to-yobu-ni-wa-kimochi-warui,Koi to Yobu ni wa Kimochi Warui,TV,,,,anime,,,AnimeAV1,https://animeav1.com/media/koi-to-yobu-ni-wa-kimochi-warui
animeav1-kaifuku-jutsushi-no-yarinaoshi,Kaifuku Jutsushi no Yarinaoshi,TV,,,,anime,,,AnimeAV1,https://animeav1.com/media/kaifuku-jutsushi-no-yarinaoshi
animeav1-kemono-jihen,Kemono Jihen,TV,,,,anime,,,AnimeAV1,https://animeav1.com/media/kemono-jihen
animeav1-kumo-desu-ga-nani-ka,"Kumo desu ga, Nani ka?",TV,,,,anime,,,AnimeAV1,https://animeav1.com/media/kumo-desu-ga-nani-ka
animeav1-kimi-wa-kanata,Kimi wa Kanata,Movie,,,,anime,,,AnimeAV1,https://animeav1.com/media/kimi-wa-kanata
animeav1-kimetsu-no-yaiba-movie-mugen-ressha-hen,Kimetsu no Yaiba Movie: Mugen Ressha-hen,MOVIE,,,,anime,,,AnimeAV1,https://animeav1.com/media/kimetsu-no-yaiba-movie-mugen-ressha-hen
animeav1-kamisama-ni-natta-hi,Kamisama ni Natta Hi,TV,,,,anime,,,AnimeAV1,https://animeav1.com/media/kamisama-ni-natta-hi
animeav1-kuma-kuma-kuma-bear,Kuma Kuma Kuma Bear,TV,,,,anime,,,AnimeAV1,https://animeav1.com/media/kuma-kuma-kuma-bear
animeav1-kimi-to-boku-no-saigo-no-senjou-aruiwa-sekai-ga-hajimaru-seisen,"Kimi to Boku no Saigo no Senjou, Aruiwa Sekai ga Hajimaru Seisen",TV,,,,anime,,,AnimeAV1,https://animeav1.com/media/kimi-to-boku-no-saigo-no-senjou-aruiwa-sekai-ga-hajimaru-seisen
animeav1-kami-tachi-ni-hirowareta-otoko,Kami-tachi ni Hirowareta Otoko,TV,,,,anime,,,AnimeAV1,https://animeav1.com/media/kami-tachi-ni-hirowareta-otoko
animeav1-kanojo-okarishimasu,"Kanojo, Okarishimasu",TV,,,,anime,,,AnimeAV1,https://animeav1.com/media/kanojo-okarishimasu
animeav1-kaguya-sama-season-2,Kaguya-sama wa Kokurasetai? Tensai-tachi no Renai Zunousen,TV,,,,anime,,,AnimeAV1,https://animeav1.com/media/kaguya-sama-season-2
animeav1-kingdom-3rd-season,Kingdom 3rd Season,TV,,,,anime,,,AnimeAV1,https://animeav1.com/media/kingdom-3rd-season
animeav1-kakushigoto,Kakushigoto,TV,,,,anime,,,AnimeAV1,https://animeav1.com/media/kakushigoto
animeav1-kami-no-tou,Kami no Tou,TV,,,,anime,,,AnimeAV1,https://animeav1.com/media/kami-no-tou
animeav1-koisuru-asteroid-furikaeri-kirakira-special,Koisuru Asteroid: Furikaeri - Kirakira Special!,SPECIAL,,,,anime,,,AnimeAV1,https://animeav1.com/media/koisuru-asteroid-furikaeri-kirakira-special
animeav1-kyokou-suiri,Kyokou Suiri,TV,,,,anime,,,AnimeAV1,https://animeav1.com/media/kyokou-suiri
animeav1-kyochuu-rettou-movie,Kyochuu Rettou Movie,MOVIE,,,,anime,,,AnimeAV1,https://animeav1.com/media/kyochuu-rettou-movie
animeav1-koisuru-asteroid,Koisuru Asteroid,TV,,,,anime,,,AnimeAV1,https://animeav1.com/media/koisuru-asteroid
animeav1-kono-yo-no-hate-de-koi-wo-utau-shoujo-yu-no-mugen-no-heiretsu-sekai,Kono Yo no Hate de Koi wo Utau Shoujo YU-NO: Mugen no Heiretsu Sekai,TV,,,,romance,,,AnimeAV1,https://animeav1.com/media/kono-yo-no-hate-de-koi-wo-utau-shoujo-yu-no-mugen-no-heiretsu-sekai
animeav1-kengan-ashura-part-2,Kengan Ashura Part 2,ONA,,,,anime,,,AnimeAV1,https://animeav1.com/media/kengan-ashura-part-2
animeav1-kono-oto-tomare-part-2,Kono Oto Tomare! Part 2,TV,,,,anime,,,AnimeAV1,https://animeav1.com/media/kono-oto-tomare-part-2
animeav1-kono-subarashii-sekai-ni-shukufuku-wo-movie-kurenai-densetsu,Kono Subarashii Sekai ni Shukufuku wo! Movie: Kurenai Densetsu,MOVIE,,,,anime,,,AnimeAV1,https://animeav1.com/media/kono-subarashii-sekai-ni-shukufuku-wo-movie-kurenai-densetsu
animeav1-kengan-ashura,Kengan Ashura,ONA,,,,anime,,,AnimeAV1,https://animeav1.com/media/kengan-ashura
animeav1-kawaikereba-hentai-demo-suki-ni-natte-kuremasu-ka,Kawaikereba Hentai demo Suki ni Natte Kuremasu ka?,TV,,,,anime,,,AnimeAV1,https://animeav1.com/media/kawaikereba-hentai-demo-suki-ni-natte-kuremasu-ka
animeav1-karakai-jouzu-no-takagi-san-2,Karakai Jouzu no Takagi-san 2,TV,,,,anime,,,AnimeAV1,https://animeav1.com/media/karakai-jouzu-no-takagi-san-2
animeav1-kanata-no-astra,Kanata no Astra,TV,,,,anime,,,AnimeAV1,https://animeav1.com/media/kanata-no-astra
animeav1-katsute-kami-datta-kemono-tachi-e,Katsute Kami Datta Kemono-tachi e,TV,,,,anime,,,AnimeAV1,https://animeav1.com/media/katsute-kami-datta-kemono-tachi-e
animeav1-kimi-to-nami-ni-noretara,"Kimi to, Nami ni Noretara",Movie,,,,anime,,,AnimeAV1,https://animeav1.com/media/kimi-to-nami-ni-noretara
animeav1-kyochuu-rettou,Kyochuu Rettou,OVA,,,,anime,,,AnimeAV1,https://animeav1.com/media/kyochuu-rettou
animeav1-kaijuu-no-kodomo,Kaijuu no Kodomo,Movie,,,,anime,,,AnimeAV1,https://animeav1.com/media/kaijuu-no-kodomo
animeav1-koutetsujou-no-kabaneri-movie-3-unato-kessen,Koutetsujou no Kabaneri Movie 3: Unato Kessen,MOVIE,,,,anime,,,AnimeAV1,https://animeav1.com/media/koutetsujou-no-kabaneri-movie-3-unato-kessen
animeav1-kenja-no-mago,Kenja no Mago,TV,,,,anime,,,AnimeAV1,https://animeav1.com/media/kenja-no-mago
animeav1-kono-oto-tomare,Kono Oto Tomare!,TV,,,,anime,,,AnimeAV1,https://animeav1.com/media/kono-oto-tomare
animeav1-kimetsu-no-yaiba,Kimetsu no Yaiba,TV,,,,anime,,,AnimeAV1,https://animeav1.com/media/kimetsu-no-yaiba
animeav1-kono-yo-no-hate-de-koi-wo-utau-shoujo-yu-no,Kono Yo no Hate de Koi wo Utau Shoujo YU-NO,TV,,,,romance,,,AnimeAV1,https://animeav1.com/media/kono-yo-no-hate-de-koi-wo-utau-shoujo-yu-no
animeav1-kemono-friends-2,Kemono Friends 2,TV,,,,anime,,,AnimeAV1,https://animeav1.com/media/kemono-friends-2
animeav1-kaguya-sama-season-1,Kaguya-sama wa Kokurasetai: Tensai-tachi no Renai Zunousen,TV,,,,anime,,,AnimeAV1,https://animeav1.com/media/kaguya-sama-season-1
animeav1-kakegurui-s2,Kakegurui 2nd Season,TV,,,,anime,,,AnimeAV1,https://animeav1.com/media/kakegurui-s2
animeav1-kemurikusa-tv,Kemurikusa (TV),TV,,,,anime,,,AnimeAV1,https://animeav1.com/media/kemurikusa-tv
animeav1-kidou-senshi-gundam-nt,Kidou Senshi Gundam NT,Movie,,,,anime,,,AnimeAV1,https://animeav1.com/media/kidou-senshi-gundam-nt
animeav1-koi-to-uso-isshou-no-koikoi-no-kimochi,Koi to Uso: Isshou no Koi/Koi no Kimochi,OVA,,,,anime,,,AnimeAV1,https://animeav1.com/media/koi-to-uso-isshou-no-koikoi-no-kimochi
animeav1-karakuri-circus,Karakuri Circus,TV,,,,anime,,,AnimeAV1,https://animeav1.com/media/karakuri-circus
animeav1-kishuku-gakkou-no-juliet,Kishuku Gakkou no Juliet,TV,,,,anime,,,AnimeAV1,https://animeav1.com/media/kishuku-gakkou-no-juliet
animeav1-kitsune-no-koe,Kitsune no Koe,TV,,,,anime,,,AnimeAV1,https://animeav1.com/media/kitsune-no-koe
animeav1-kaze-ga-tsuyoku-fuiteiru,Kaze ga Tsuyoku Fuiteiru,TV,,,,anime,,,AnimeAV1,https://animeav1.com/media/kaze-ga-tsuyoku-fuiteiru
animeav1-kimi-no-suizou-wo-tabetai,Kimi no Suizou wo Tabetai,Movie,,,,anime,,,AnimeAV1,https://animeav1.com/media/kimi-no-suizou-wo-tabetai
animeav1-k-seven-stories-movie-3-sidegreen-uwagaki-sekai,K: Seven Stories Movie 3 - Side:Green - Uwagaki Sekai,MOVIE,,,,anime,,,AnimeAV1,https://animeav1.com/media/k-seven-stories-movie-3-sidegreen-uwagaki-sekai
animeav1-k-seven-stories-movie-2-sideblue-tenrou-no-gotoku,K: Seven Stories Movie 2 - Side:Blue - Tenrou no Gotoku,MOVIE,,,,anime,,,AnimeAV1,https://animeav1.com/media/k-seven-stories-movie-2-sideblue-tenrou-no-gotoku
animeav1-karakai-jouzu-no-takagi-san-water-slide,Karakai Jouzu no Takagi-san: Water Slide,OVA,,,,anime,,,AnimeAV1,https://animeav1.com/media/karakai-jouzu-no-takagi-san-water-slide
animeav1-k-seven-stories-movie-1-rb-blaze,K: Seven Stories Movie 1 - R:B - Blaze,MOVIE,,,,anime,,,AnimeAV1,https://animeav1.com/media/k-seven-stories-movie-1-rb-blaze
animeav1-kakuriyo-no-yadomeshi,Kakuriyo no Yadomeshi,TV,,,,anime,,,AnimeAV1,https://animeav1.com/media/kakuriyo-no-yadomeshi
animeav1-killing-bites,Killing Bites,TV,,,,anime,,,AnimeAV1,https://animeav1.com/media/killing-bites
animeav1-koi-wa-ameagari-no-you-ni,Koi wa Ameagari no You ni,TV,,,,anime,,,AnimeAV1,https://animeav1.com/media/koi-wa-ameagari-no-you-ni
animeav1-karakai-jouzu-no-takagi-san,Karakai Jouzu no Takagi-san,TV,,,,anime,,,AnimeAV1,https://animeav1.com/media/karakai-jouzu-no-takagi-san
animeav1-kokkoku,Kokkoku,TV,,,,anime,,,AnimeAV1,https://animeav1.com/media/kokkoku
animeav1-kidou-senshi-gundam-thunderbolt-bandit-flower,Kidou Senshi Gundam Thunderbolt: Bandit Flower,Movie,,,,anime,,,AnimeAV1,https://animeav1.com/media/kidou-senshi-gundam-thunderbolt-bandit-flower
animeav1-kidou-senshi-gundam-twilight-axis-akaki-zanei,Kidou Senshi Gundam: Twilight Axis - Akaki Zanei,Movie,,,,anime,,,AnimeAV1,https://animeav1.com/media/kidou-senshi-gundam-twilight-axis-akaki-zanei
animeav1-kirakiraprecure-a-la-mode-movie-paritto-omoide-no-mille-feuille,Kirakira☆Precure A La Mode Movie: Paritto! Omoide no Mille-Feuille!,MOVIE,,,,anime,,,AnimeAV1,https://animeav1.com/media/kirakiraprecure-a-la-mode-movie-paritto-omoide-no-mille-feuille
animeav1-kujira-no-kora-wa-sajou-ni-utau,Kujira no Kora wa Sajou ni Utau,TV,,,,anime,,,AnimeAV1,https://animeav1.com/media/kujira-no-kora-wa-sajou-ni-utau
animeav1-kekkai-sensen-beyond,Kekkai Sensen & Beyond,TV,,,,anime,,,AnimeAV1,https://animeav1.com/media/kekkai-sensen-beyond
animeav1-kino-no-tabi-the-beautiful-world-the-animated-series,Kino no Tabi: The Beautiful World - The Animated Series,TV,,,,anime,,,AnimeAV1,https://animeav1.com/media/kino-no-tabi-the-beautiful-world-the-animated-series
animeav1-konohana-kitan,Konohana Kitan,TV,,,,anime,,,AnimeAV1,https://animeav1.com/media/konohana-kitan
animeav1-kishibe-rohan-wa-ugokanai,Kishibe Rohan wa Ugokanai,OVA,,,,anime,,,AnimeAV1,https://animeav1.com/media/kishibe-rohan-wa-ugokanai
animeav1-kimi-no-hikari-asagao-to-kase-san,Kimi no Hikari: Asagao to Kase-san.,OVA,,,,anime,,,AnimeAV1,https://animeav1.com/media/kimi-no-hikari-asagao-to-kase-san
animeav1-koi-to-uso,Koi to Uso,TV,,,,anime,,,AnimeAV1,https://animeav1.com/media/koi-to-uso
animeav1-keppeki-danshi-aoyama-kun,Keppeki Danshi! Aoyama-kun,TV,,,,anime,,,AnimeAV1,https://animeav1.com/media/keppeki-danshi-aoyama-kun
animeav1-knights-magic,Knight's & Magic,TV,,,,fantasy,,,AnimeAV1,https://animeav1.com/media/knights-magic
animeav1-kakegurui-s1,Kakegurui,TV,,,,anime,,,AnimeAV1,https://animeav1.com/media/kakegurui-s1
animeav1-kyoukai-no-rinne-3rd-season,Kyoukai no Rinne 3rd Season,TV,,,,anime,,,AnimeAV1,https://animeav1.com/media/kyoukai-no-rinne-3rd-season
animeav1-kuroko-no-basket-movie-4-last-game,Kuroko no Basket Movie 4: Last Game,MOVIE,,,,anime,,,AnimeAV1,https://animeav1.com/media/kuroko-no-basket-movie-4-last-game
animeav1-kobayashi-san-chi-no-oo-dragon,Kobayashi-san Chi no Maid Dragon Specials,TV,,,,anime,,,AnimeAV1,https://animeav1.com/media/kobayashi-san-chi-no-oo-dragon
animeav1-kirakiraprecure-a-la-mode,Kirakira☆Precure A La Mode,TV,,,,anime,,,AnimeAV1,https://animeav1.com/media/kirakiraprecure-a-la-mode
animeav1-kuroshitsuji-movie-book-of-the-atlantic,Kuroshitsuji Movie: Book of the Atlantic,MOVIE,,,,anime,,,AnimeAV1,https://animeav1.com/media/kuroshitsuji-movie-book-of-the-atlantic
animeav1-kuzu-no-honkai,Kuzu no Honkai,TV,,,,anime,,,AnimeAV1,https://animeav1.com/media/kuzu-no-honkai
animeav1-kobayashi-san-chi-no-maid-dragon,Kobayashi-san Chi no Maid Dragon,TV,,,,anime,,,AnimeAV1,https://animeav1.com/media/kobayashi-san-chi-no-maid-dragon
animeav1-kono-subarashii-sekai-ni-shukufuku-wo-2,Kono Subarashii Sekai ni Shukufuku wo! 2,TV,,,,anime,,,AnimeAV1,https://animeav1.com/media/kono-subarashii-sekai-ni-shukufuku-wo-2
animeav1-kemono-friends,Kemono Friends,TV,,,,anime,,,AnimeAV1,https://animeav1.com/media/kemono-friends
animeav1-koutetsujou-no-kabaneri-movie-2-moeru-inochi,Koutetsujou no Kabaneri Movie 2: Moeru Inochi,MOVIE,,,,anime,,,AnimeAV1,https://animeav1.com/media/koutetsujou-no-kabaneri-movie-2-moeru-inochi
animeav1-kizumonogatari-iii-reiketsu-hen,Kizumonogatari III: Reiketsu-hen,Movie,,,,anime,,,AnimeAV1,https://animeav1.com/media/kizumonogatari-iii-reiketsu-hen
animeav1-koutetsujou-no-kabaneri-movie-1-tsudou-hikari,Koutetsujou no Kabaneri Movie 1: Tsudou Hikari,MOVIE,,,,anime,,,AnimeAV1,https://animeav1.com/media/koutetsujou-no-kabaneri-movie-1-tsudou-hikari
animeav1-kamisama-hajimemashita-kamisama-shiawase-ni-naru,"Kamisama Hajimemashita: Kamisama, Shiawase ni Naru",OVA,,,,anime,,,AnimeAV1,https://animeav1.com/media/kamisama-hajimemashita-kamisama-shiawase-ni-naru
animeav1-kuroko-no-basket-movie-3-winter-cup-tobira-no-mukou,Kuroko no Basket Movie 3: Winter Cup - Tobira no Mukou,MOVIE,,,,anime,,,AnimeAV1,https://animeav1.com/media/kuroko-no-basket-movie-3-winter-cup-tobira-no-mukou
animeav1-kancolle-movie,KanColle Movie,MOVIE,,,,anime,,,AnimeAV1,https://animeav1.com/media/kancolle-movie
animeav1-kono-sekai-no-katasumi-ni,Kono Sekai no Katasumi ni,Movie,,,,anime,,,AnimeAV1,https://animeav1.com/media/kono-sekai-no-katasumi-ni
animeav1-kubikiri-cycle-aoiro-savant-to-zaregotozukai,Kubikiri Cycle: Aoiro Savant to Zaregotozukai,OVA,,2029,,anime,,,AnimeAV1,https://animeav1.com/media/kubikiri-cycle-aoiro-savant-to-zaregotozukai
animeav1-kidou-keisatsu-patlabor-reboot,Kidou Keisatsu Patlabor: Reboot,Movie,,,,anime,,,AnimeAV1,https://animeav1.com/media/kidou-keisatsu-patlabor-reboot
animeav1-kuroko-no-basket-movie-2-winter-cup-namida-no-saki-e,Kuroko no Basket Movie 2: Winter Cup - Namida no Saki e,MOVIE,,,,anime,,,AnimeAV1,https://animeav1.com/media/kuroko-no-basket-movie-2-winter-cup-namida-no-saki-e
animeav1-keijo,Keijo!!!!!!!!,TV,,,,anime,,,AnimeAV1,https://animeav1.com/media/keijo
animeav1-kidou-senshi-gundam-tekketsu-no-orphans-2nd-season,Kidou Senshi Gundam: Tekketsu no Orphans 2nd Season,TV,,,,anime,,,AnimeAV1,https://animeav1.com/media/kidou-senshi-gundam-tekketsu-no-orphans-2nd-season
animeav1-koe-no-katachi,Koe no Katachi (Una Voz Silenciosa),Movie,,,,anime,,,AnimeAV1,https://animeav1.com/media/koe-no-katachi
animeav1-kuroko-no-basket-movie-1-winter-cup-kage-to-hikari,Kuroko no Basket Movie 1: Winter Cup - Kage to Hikari,MOVIE,,,,anime,,,AnimeAV1,https://animeav1.com/media/kuroko-no-basket-movie-1-winter-cup-kage-to-hikari
animeav1-kimi-no-na-wa,Kimi no Na wa.,Movie,,,,anime,,,AnimeAV1,https://animeav1.com/media/kimi-no-na-wa
animeav1-kizumonogatari-ii-nekketsu-hen,Kizumonogatari II: Nekketsu-hen,Movie,,,,anime,,,AnimeAV1,https://animeav1.com/media/kizumonogatari-ii-nekketsu-hen
animeav1-kingsglaive-final-fantasy-xv,Kingsglaive: Final Fantasy XV,Movie,,,,fantasy,,,AnimeAV1,https://animeav1.com/media/kingsglaive-final-fantasy-xv
animeav1-kono-bijutsu-bu-ni-wa-mondai-ga-aru,Kono Bijutsu-bu ni wa Mondai ga Aru!,TV,,,,anime,,,AnimeAV1,https://animeav1.com/media/kono-bijutsu-bu-ni-wa-mondai-ga-aru
animeav1-kidou-senshi-gundam-thunderbolt-december-sky,Kidou Senshi Gundam Thunderbolt: December Sky,Movie,,,,anime,,,AnimeAV1,https://animeav1.com/media/kidou-senshi-gundam-thunderbolt-december-sky
animeav1-kyoukai-no-rinne-2nd-season,Kyoukai no Rinne 2nd Season,TV,,,,anime,,,AnimeAV1,https://animeav1.com/media/kyoukai-no-rinne-2nd-season
animeav1-kiznaiver,Kiznaiver,TV,,,,anime,,,AnimeAV1,https://animeav1.com/media/kiznaiver
animeav1-koutetsujou-no-kabaneri,Koutetsujou no Kabaneri,TV,,,,anime,,,AnimeAV1,https://animeav1.com/media/koutetsujou-no-kabaneri
animeav1-kono-subarashii-sekai-ni-shukufuku-wo,Kono Subarashii Sekai ni Shukufuku wo!,TV,,,,anime,,,AnimeAV1,https://animeav1.com/media/kono-subarashii-sekai-ni-shukufuku-wo
animeav1-koyomimonogatari,Koyomimonogatari,ONA,,,,anime,,,AnimeAV1,https://animeav1.com/media/koyomimonogatari
animeav1-kizumonogatari-i-tekketsu-hen,Kizumonogatari I: Tekketsu-hen,Movie,,,,anime,,,AnimeAV1,https://animeav1.com/media/kizumonogatari-i-tekketsu-hen
animeav1-koukaku-no-pandora,Koukaku no Pandora,TV,,,,anime,,,AnimeAV1,https://animeav1.com/media/koukaku-no-pandora
animeav1-komori-san-wa-kotowarenai,Komori-san wa Kotowarenai!,TV,,,,anime,,,AnimeAV1,https://animeav1.com/media/komori-san-wa-kotowarenai
animeav1-kidou-senshi-gundam-tekketsu-no-orphans,Kidou Senshi Gundam: Tekketsu no Orphans,TV,,,,anime,,,AnimeAV1,https://animeav1.com/media/kidou-senshi-gundam-tekketsu-no-orphans
animeav1-kowabon,Kowabon,TV,,,,anime,,,AnimeAV1,https://animeav1.com/media/kowabon
animeav1-k-return-of-kings,K: Return of Kings,TV,,,,anime,,,AnimeAV1,https://animeav1.com/media/k-return-of-kings
animeav1-kokoro-ga-sakebitagatterunda,Kokoro ga Sakebitagatterunda.,Movie,,,,anime,,,AnimeAV1,https://animeav1.com/media/kokoro-ga-sakebitagatterunda
animeav1-kamisama-hajimemashita-kako-hen,Kamisama Hajimemashita: Kako-hen,OVA,,,,anime,,,AnimeAV1,https://animeav1.com/media/kamisama-hajimemashita-kako-hen
animeav1-kyoukai-no-kanata-movie-2-ill-be-here-mirai-hen,Kyoukai no Kanata Movie 2: I'll Be Here - Mirai-hen,MOVIE,,,,anime,,,AnimeAV1,https://animeav1.com/media/kyoukai-no-kanata-movie-2-ill-be-here-mirai-hen
animeav1-kekkai-sensen,Kekkai Sensen,TV,,,,anime,,,AnimeAV1,https://animeav1.com/media/kekkai-sensen
animeav1-kyoukai-no-rinne,Kyoukai no Rinne,TV,,,,anime,,,AnimeAV1,https://animeav1.com/media/kyoukai-no-rinne
animeav1-kyoukai-no-kanata-movie-1-ill-be-here-kako-hen,Kyoukai no Kanata Movie 1: I'll Be Here - Kako-hen,MOVIE,,,,anime,,,AnimeAV1,https://animeav1.com/media/kyoukai-no-kanata-movie-1-ill-be-here-kako-hen
animeav1-kidou-senshi-gundam-the-origin,Kidou Senshi Gundam: The Origin,OVA,,,,anime,,,AnimeAV1,https://animeav1.com/media/kidou-senshi-gundam-the-origin
animeav1-kuroshitsuji-book-of-murder,Kuroshitsuji: Book of Murder,OVA,,,,anime,,,AnimeAV1,https://animeav1.com/media/kuroshitsuji-book-of-murder
animeav1-kuroko-no-basket-3rd-season,Kuroko no Basket 3,TV,,,,anime,,,AnimeAV1,https://animeav1.com/media/kuroko-no-basket-3rd-season
animeav1-kantai-collection-kancolle,Kantai Collection: KanColle,TV,,,,anime,,,AnimeAV1,https://animeav1.com/media/kantai-collection-kancolle
animeav1-kamisama-hajimemashita-s2,Kamisama Hajimemashita 2nd Season,TV,,,,anime,,,AnimeAV1,https://animeav1.com/media/kamisama-hajimemashita-s2
animeav1-kanojo-ga-flag-wo-oraretara-christmas-sonna-mono-ga-boku-ni-tsuuyou-suru-to-omou-no-ka,Kanojo ga Flag wo Oraretara: Christmas? Sonna Mono ga Boku ni Tsuuyou Suru to Omou no ka?,OVA,,,,anime,,,AnimeAV1,https://animeav1.com/media/kanojo-ga-flag-wo-oraretara-christmas-sonna-mono-ga-boku-ni-tsuuyou-suru-to-omou-no-ka
animeav1-kiseijuu-sei-no-kakuritsu,Kiseijuu: Sei no Kakuritsu,TV,,,,anime,,,AnimeAV1,https://animeav1.com/media/kiseijuu-sei-no-kakuritsu
animeav1-k-missing-kings,K: Missing Kings,Movie,,,,anime,,,AnimeAV1,https://animeav1.com/media/k-missing-kings
animeav1-kuroshitsuji-book-of-circus,Kuroshitsuji: Book of Circus,TV,,,,anime,,,AnimeAV1,https://animeav1.com/media/kuroshitsuji-book-of-circus
animeav1-kanojo-ga-flag-wo-oraretara,Kanojo ga Flag wo Oraretara,TV,,,,anime,,,AnimeAV1,https://animeav1.com/media/kanojo-ga-flag-wo-oraretara
animeav1-kamisama-no-inai-nichiyoubi-kioku,Kamisama no Inai Nichiyoubi: Kioku,TV,,,,anime,,,AnimeAV1,https://animeav1.com/media/kamisama-no-inai-nichiyoubi-kioku
animeav1-kaguya-hime-no-monogatari,Kaguya-hime no Monogatari,Movie,,,,anime,,,AnimeAV1,https://animeav1.com/media/kaguya-hime-no-monogatari
animeav1-kyousou-giga-tv,Kyousou Giga (TV),TV,,,,anime,,,AnimeAV1,https://animeav1.com/media/kyousou-giga-tv
animeav1-kakumeiki-valvrave-2nd-season,Kakumeiki Valvrave 2nd Season,TV,,,,anime,,,AnimeAV1,https://animeav1.com/media/kakumeiki-valvrave-2nd-season
animeav1-kuroko-no-basket-2nd-season,Kuroko no Basket 2,TV,,,,anime,,,AnimeAV1,https://animeav1.com/media/kuroko-no-basket-2nd-season
animeav1-kill-la-kill,Kill la Kill,TV,,,,anime,,,AnimeAV1,https://animeav1.com/media/kill-la-kill
animeav1-kyoukai-no-kanata,Kyoukai no Kanata,TV,,,,anime,,,AnimeAV1,https://animeav1.com/media/kyoukai-no-kanata
animeav1-kamisama-hajimemashita-ova,Kamisama Hajimemashita OVA,OVA,,,,anime,,,AnimeAV1,https://animeav1.com/media/kamisama-hajimemashita-ova
animeav1-kaze-tachinu,Kaze Tachinu,Movie,,,,anime,,,AnimeAV1,https://animeav1.com/media/kaze-tachinu
animeav1-kami-nomi-zo-shiru-sekai-megami-hen,Kami nomi zo Shiru Sekai: Megami-hen,TV,,,,anime,,,AnimeAV1,https://animeav1.com/media/kami-nomi-zo-shiru-sekai-megami-hen
animeav1-kamisama-no-inai-nichiyoubi,Kamisama no Inai Nichiyoubi,TV,,,,anime,,,AnimeAV1,https://animeav1.com/media/kamisama-no-inai-nichiyoubi
animeav1-kiniro-mosaic,Kiniro Mosaic,TV,,,,anime,,,AnimeAV1,https://animeav1.com/media/kiniro-mosaic
animeav1-kitaku-bu-katsudou-kiroku,Kitaku-bu Katsudou Kiroku,TV,,,,anime,,,AnimeAV1,https://animeav1.com/media/kitaku-bu-katsudou-kiroku
animeav1-kingdom-2nd-season,Kingdom 2nd Season,TV,,,,anime,,,AnimeAV1,https://animeav1.com/media/kingdom-2nd-season
animeav1-kotonoha-no-niwa,Kotonoha no Niwa,Movie,,,,anime,,,AnimeAV1,https://animeav1.com/media/kotonoha-no-niwa
animeav1-kakumeiki-valvrave,Kakumeiki Valvrave,TV,,,,anime,,,AnimeAV1,https://animeav1.com/media/kakumeiki-valvrave
animeav1-karneval-tv,Karneval (TV),TV,,,,anime,,,AnimeAV1,https://animeav1.com/media/karneval-tv
animeav1-koi-to-senkyo-to-chocolate-koi-imouto,Koi to Senkyo to Chocolate: Koi Imouto!,TV,,,,anime,,,AnimeAV1,https://animeav1.com/media/koi-to-senkyo-to-chocolate-koi-imouto
animeav1-kono-naka-ni-hitori-imouto-ga-iru-ani-imouto-koibito,"Kono Naka ni Hitori, Imouto ga Iru!: Ani, Imouto, Koibito",OVA,,,,anime,,,AnimeAV1,https://animeav1.com/media/kono-naka-ni-hitori-imouto-ga-iru-ani-imouto-koibito
animeav1-kuroko-no-basket-tip-off,Kuroko no Basket Special,SPECIAL,,,,anime,,,AnimeAV1,https://animeav1.com/media/kuroko-no-basket-tip-off
animeav1-kidou-senshi-gundam-dai-08-ms-shoutai-sanjigen-to-no-tatakai,Kidou Senshi Gundam: Dai 08 MS Shoutai - Sanjigen to no Tatakai,TV,,,,anime,,,AnimeAV1,https://animeav1.com/media/kidou-senshi-gundam-dai-08-ms-shoutai-sanjigen-to-no-tatakai
animeav1-kagaku-na-yatsura,Kagaku na Yatsura,OVA,,,,anime,,,AnimeAV1,https://animeav1.com/media/kagaku-na-yatsura
animeav1-kotoura-san,Kotoura-san,TV,,,,anime,,,AnimeAV1,https://animeav1.com/media/kotoura-san
animeav1-kokoro-connect-michi-random,Kokoro Connect: Michi Random,TV,,,,anime,,,AnimeAV1,https://animeav1.com/media/kokoro-connect-michi-random
animeav1-kore-wa-zombie-desu-ka-of-the-dead-hai-minotake-ni-attemasu,"Kore wa Zombie desu ka? of the Dead: Hai, Minotake ni Attemasu",OVA,,,,anime,,,AnimeAV1,https://animeav1.com/media/kore-wa-zombie-desu-ka-of-the-dead-hai-minotake-ni-attemasu
animeav1-kami-nomi-zo-shiru-sekai-tenri-hen,Kami nomi zo Shiru Sekai: Tenri-hen,OVA,,,,anime,,,AnimeAV1,https://animeav1.com/media/kami-nomi-zo-shiru-sekai-tenri-hen
animeav1-kamisama-hajimemashita-s1,Kamisama Hajimemashita,TV,,,,anime,,,AnimeAV1,https://animeav1.com/media/kamisama-hajimemashita-s1
animeav1-kyousou-giga-2012,Kyousou Giga (2012),ONA,,2012,,anime,,,AnimeAV1,https://animeav1.com/media/kyousou-giga-2012
animeav1-kyou-no-asuka-show,Kyou no Asuka Show,ONA,,,,anime,,,AnimeAV1,https://animeav1.com/media/kyou-no-asuka-show
animeav1-kyoukaisenjou-no-horizon-ii,Kyoukaisenjou no Horizon II,TV,,,,anime,,,AnimeAV1,https://animeav1.com/media/kyoukaisenjou-no-horizon-ii
animeav1-kokoro-connect,Kokoro Connect,TV,,,,anime,,,AnimeAV1,https://animeav1.com/media/kokoro-connect
animeav1-kono-naka-ni-hitori-imouto-ga-iru,"Kono Naka ni Hitori, Imouto ga Iru!",TV,,,,anime,,,AnimeAV1,https://animeav1.com/media/kono-naka-ni-hitori-imouto-ga-iru
animeav1-koi-to-senkyo-to-chocolate,Koi to Senkyo to Chocolate,TV,,,,anime,,,AnimeAV1,https://animeav1.com/media/koi-to-senkyo-to-chocolate
animeav1-kingdom,Kingdom,TV,,,,anime,,,AnimeAV1,https://animeav1.com/media/kingdom
animeav1-kuroko-no-basket,Kuroko no Basket,TV,,,,anime,,,AnimeAV1,https://animeav1.com/media/kuroko-no-basket
animeav1-kore-wa-zombie-desu-ka-of-the-dead,Kore wa Zombie desu ka? of the Dead,TV,,,,anime,,,AnimeAV1,https://animeav1.com/media/kore-wa-zombie-desu-ka-of-the-dead
animeav1-kimi-to-boku-2,Kimi to Boku. 2,TV,,,,anime,,,AnimeAV1,https://animeav1.com/media/kimi-to-boku-2
animeav1-k-on-movie,K-On! Movie,MOVIE,,,,anime,,,AnimeAV1,https://animeav1.com/media/k-on-movie
animeav1-kidou-senshi-gundam-age,Kidou Senshi Gundam AGE,TV,,,,anime,,,AnimeAV1,https://animeav1.com/media/kidou-senshi-gundam-age
animeav1-kimi-to-boku,Kimi to Boku.,TV,,,,anime,,,AnimeAV1,https://animeav1.com/media/kimi-to-boku
animeav1-kyoukaisenjou-no-horizon,Kyoukaisenjou no Horizon,TV,,,,anime,,,AnimeAV1,https://animeav1.com/media/kyoukaisenjou-no-horizon
animeav1-kiss-dum-omokage,Kiss Dum: Omokage,TV,,,,anime,,,AnimeAV1,https://animeav1.com/media/kiss-dum-omokage
animeav1-kami-nomi-zo-shiru-sekai-4-nin-to-idol,Kami nomi zo Shiru Sekai: 4-nin to Idol,OVA,,,,anime,,,AnimeAV1,https://animeav1.com/media/kami-nomi-zo-shiru-sekai-4-nin-to-idol
animeav1-kamisama-no-memochou,Kamisama no Memochou,TV,,,,anime,,,AnimeAV1,https://animeav1.com/media/kamisama-no-memochou
animeav1-kore-wa-zombie-desu-ka-ova,Kore wa Zombie desu ka? OVA,OVA,,,,anime,,,AnimeAV1,https://animeav1.com/media/kore-wa-zombie-desu-ka-ova
animeav1-kami-nomi-zo-shiru-sekai-ii,Kami nomi zo Shiru Sekai II,TV,,,,anime,,,AnimeAV1,https://animeav1.com/media/kami-nomi-zo-shiru-sekai-ii
animeav1-kampfer-fur-die-liebe,Kampfer fur die Liebe,TV,,,,anime,,,AnimeAV1,https://animeav1.com/media/kampfer-fur-die-liebe
animeav1-kuragehime-eiyuu-retsuden,Kuragehime: Eiyuu Retsuden☆,TV,,,,anime,,,AnimeAV1,https://animeav1.com/media/kuragehime-eiyuu-retsuden
animeav1-kimi-ni-todoke-2nd-season,Kimi ni Todoke 2nd Season,TV,,,,anime,,,AnimeAV1,https://animeav1.com/media/kimi-ni-todoke-2nd-season
animeav1-kore-wa-zombie-desu-ka,Kore wa Zombie desu ka?,TV,,,,anime,,,AnimeAV1,https://animeav1.com/media/kore-wa-zombie-desu-ka
animeav1-kaibutsu-oujo-specials,Kaibutsu Oujo Specials,TV,,,,anime,,,AnimeAV1,https://animeav1.com/media/kaibutsu-oujo-specials
animeav1-kaibutsu-oujo-ova,Kaibutsu Oujo (OVA),OVA,,,,anime,,,AnimeAV1,https://animeav1.com/media/kaibutsu-oujo-ova
animeav1-kuragehime,Kuragehime,TV,,,,anime,,,AnimeAV1,https://animeav1.com/media/kuragehime
animeav1-kami-nomi-zo-shiru-sekai,Kami nomi zo Shiru Sekai,TV,,,,anime,,,AnimeAV1,https://animeav1.com/media/kami-nomi-zo-shiru-sekai
animeav1-kidou-senshi-gundam-00-movie-a-wakening-of-the-trailblazer,Kidou Senshi Gundam 00 Movie: A Wakening of the Trailblazer,MOVIE,,,,anime,,,AnimeAV1,https://animeav1.com/media/kidou-senshi-gundam-00-movie-a-wakening-of-the-trailblazer
animeav1-kami-nomi-zo-shiru-sekai-flag-0,Kami nomi zo Shiru Sekai: Flag 0,OVA,,,,anime,,,AnimeAV1,https://animeav1.com/media/kami-nomi-zo-shiru-sekai-flag-0
animeav1-kowarekake-no-orgel-movie,Kowarekake no Orgel (Movie),MOVIE,,,,anime,,,AnimeAV1,https://animeav1.com/media/kowarekake-no-orgel-movie
animeav1-k-on-ura-on,K-On!!: Ura-On!!,TV,,,,anime,,,AnimeAV1,https://animeav1.com/media/k-on-ura-on
animeav1-karigurashi-no-arrietty,Karigurashi no Arrietty,Movie,,,,anime,,,AnimeAV1,https://animeav1.com/media/karigurashi-no-arrietty
animeav1-kure-nai-ova,Kure-nai OVA,OVA,,,,anime,,,AnimeAV1,https://animeav1.com/media/kure-nai-ova
animeav1-kuroshitsuji-ii,Kuroshitsuji II,TV,,,,anime,,,AnimeAV1,https://animeav1.com/media/kuroshitsuji-ii
animeav1-k-on-s2,K-On!! 2,TV,,,,anime,,,AnimeAV1,https://animeav1.com/media/k-on-s2
animeav1-kiss-x-sis-tv,Kiss x Sis (TV),TV,,,,anime,,,AnimeAV1,https://animeav1.com/media/kiss-x-sis-tv
animeav1-kaichou-wa-maid-sama,Kaichou wa Maid-sama!,TV,,,,anime,,,AnimeAV1,https://animeav1.com/media/kaichou-wa-maid-sama
animeav1-kidou-senshi-gundam-unicorn,Kidou Senshi Gundam Unicorn,OVA,,,,anime,,,AnimeAV1,https://animeav1.com/media/kidou-senshi-gundam-unicorn
animeav1-katanagatari,Katanagatari,TV,,,,anime,,,AnimeAV1,https://animeav1.com/media/katanagatari
animeav1-kampfer-picture-drama,Kampfer Picture Drama,TV,,,,drama,,,AnimeAV1,https://animeav1.com/media/kampfer-picture-drama
animeav1-kuuchuu-buranko,Kuuchuu Buranko,TV,,,,anime,,,AnimeAV1,https://animeav1.com/media/kuuchuu-buranko
animeav1-kimi-ni-todoke,Kimi ni Todoke,TV,,,,anime,,,AnimeAV1,https://animeav1.com/media/kimi-ni-todoke
animeav1-kobato,Kobato.,TV,,,,anime,,,AnimeAV1,https://animeav1.com/media/kobato
animeav1-kanokon-manatsu-no-dai-shanikusai,Kanokon: Manatsu no Dai Shanikusai,OVA,,,,anime,,,AnimeAV1,https://animeav1.com/media/kanokon-manatsu-no-dai-shanikusai
animeav1-kampfer,Kampfer,TV,,,,anime,,,AnimeAV1,https://animeav1.com/media/kampfer
animeav1-kuroshitsuji-sono-shitsuji-kougyou,"Kuroshitsuji: Sono Shitsuji, Kougyou",TV,,,,anime,,,AnimeAV1,https://animeav1.com/media/kuroshitsuji-sono-shitsuji-kougyou
animeav1-k-on-ura-on-s1,K-On!: Ura-On!,TV,,,,anime,,,AnimeAV1,https://animeav1.com/media/k-on-ura-on-s1
animeav1-kanamemo,Kanamemo,TV,,,,anime,,,AnimeAV1,https://animeav1.com/media/kanamemo
animeav1-k-on-s1,K-On!,TV,,,,anime,,,AnimeAV1,https://animeav1.com/media/k-on-s1
animeav1-koihimemusou-gunyuu-seitoukaichou-no-za-wo-neratte-aiarasou-no-koto-ato-porori-mo-aru-yo,"Koihime†Musou: Gunyuu, Seitoukaichou no Za wo Neratte Aiarasou no Koto - Ato, Porori mo Aru yo!",OVA,,,,anime,,,AnimeAV1,https://animeav1.com/media/koihimemusou-gunyuu-seitoukaichou-no-za-wo-neratte-aiarasou-no-koto-ato-porori-mo-aru-yo
animeav1-kodomo-no-jikan-ni-gakki,Kodomo no Jikan Ni Gakki,OVA,,,,anime,,,AnimeAV1,https://animeav1.com/media/kodomo-no-jikan-ni-gakki
animeav1-kiss-x-sis,Kiss x Sis,OVA,,,,anime,,,AnimeAV1,https://animeav1.com/media/kiss-x-sis
animeav1-kidou-senshi-gundam-ms-igloo-2-juuryoku-sensen,Kidou Senshi Gundam MS IGLOO 2: Juuryoku Sensen,OVA,,,,anime,,,AnimeAV1,https://animeav1.com/media/kidou-senshi-gundam-ms-igloo-2-juuryoku-sensen
animeav1-kyou-no-5-no-2-tv,Kyou no 5 no 2 (TV),TV,,,,anime,,,AnimeAV1,https://animeav1.com/media/kyou-no-5-no-2-tv
animeav1-kidou-senshi-gundam-00-second-season,Kidou Senshi Gundam 00 Second Season,TV,,,,anime,,,AnimeAV1,https://animeav1.com/media/kidou-senshi-gundam-00-second-season
animeav1-kemeko-deluxe,Kemeko Deluxe!,TV,,,,anime,,,AnimeAV1,https://animeav1.com/media/kemeko-deluxe
animeav1-kuroshitsuji,Kuroshitsuji,TV,,,,anime,,,AnimeAV1,https://animeav1.com/media/kuroshitsuji
animeav1-koihimemusou,Koihime†Musou,TV,,,,anime,,,AnimeAV1,https://animeav1.com/media/koihimemusou
animeav1-kanokon-specials,Kanokon Specials,TV,,,,anime,,,AnimeAV1,https://animeav1.com/media/kanokon-specials
animeav1-kyouran-kazoku-nikki,Kyouran Kazoku Nikki,TV,,,,anime,,,AnimeAV1,https://animeav1.com/media/kyouran-kazoku-nikki
animeav1-kaiba,Kaiba,TV,,,,anime,,,AnimeAV1,https://animeav1.com/media/kaiba
animeav1-kanokon,Kanokon,TV,,,,anime,,,AnimeAV1,https://animeav1.com/media/kanokon
animeav1-kure-nai,Kure-nai,TV,,,,anime,,,AnimeAV1,https://animeav1.com/media/kure-nai
animeav1-kaibutsu-oujo-konsui-oujo,Kaibutsu Oujo: Konsui Oujo,TV,,,,anime,,,AnimeAV1,https://animeav1.com/media/kaibutsu-oujo-konsui-oujo
animeav1-kyou-no-5-no-2-kagai-jugyou-mizukake,Kyou no 5 no 2 Kagai Jugyou: Mizukake,TV,,,,anime,,,AnimeAV1,https://animeav1.com/media/kyou-no-5-no-2-kagai-jugyou-mizukake
animeav1-kimi-ga-aruji-de-shitsuji-ga-ore-de,Kimi ga Aruji de Shitsuji ga Ore de,TV,,,,anime,,,AnimeAV1,https://animeav1.com/media/kimi-ga-aruji-de-shitsuji-ga-ore-de
animeav1-kimi-ga-nozomu-eien-next-season,Kimi ga Nozomu Eien: Next Season,OVA,,,,anime,,,AnimeAV1,https://animeav1.com/media/kimi-ga-nozomu-eien-next-season
animeav1-kara-no-kyoukai-movie-1-fukan-fuukei,Kara no Kyoukai: The Garden of Sinners,Movie,,,,anime,,,AnimeAV1,https://animeav1.com/media/kara-no-kyoukai-movie-1-fukan-fuukei
animeav1-kyou-kara-maou-r,Kyou kara Maou! R,OVA,,,,anime,,,AnimeAV1,https://animeav1.com/media/kyou-kara-maou-r
animeav1-kodomo-no-jikan-tv,Kodomo no Jikan (TV),TV,,,,anime,,,AnimeAV1,https://animeav1.com/media/kodomo-no-jikan-tv
animeav1-kidou-senshi-gundam-00,Kidou Senshi Gundam 00,TV,,,,anime,,,AnimeAV1,https://animeav1.com/media/kidou-senshi-gundam-00
animeav1-kino-no-tabi-the-beautiful-world-byouki-no-kuni-for-you,Kino no Tabi: The Beautiful World - Byouki no Kuni - For You,Movie,,,,anime,,,AnimeAV1,https://animeav1.com/media/kino-no-tabi-the-beautiful-world-byouki-no-kuni-for-you
animeav1-kaibutsu-oujo,Kaibutsu Oujo,TV,,,,anime,,,AnimeAV1,https://animeav1.com/media/kaibutsu-oujo
animeav1-kaze-no-stigma,Kaze no Stigma,TV,,,,anime,,,AnimeAV1,https://animeav1.com/media/kaze-no-stigma
animeav1-kiss-dum-engage-planet,Kiss Dum: Engage Planet,TV,,,,anime,,,AnimeAV1,https://animeav1.com/media/kiss-dum-engage-planet
animeav1-kyoushirou-to-towa-no-sora,Kyoushirou to Towa no Sora,TV,,,,anime,,,AnimeAV1,https://animeav1.com/media/kyoushirou-to-towa-no-sora
animeav1-katekyou-hitman-reborn,Katekyou Hitman Reborn!,TV,,,,anime,,,AnimeAV1,https://animeav1.com/media/katekyou-hitman-reborn
animeav1-kanon-2006,Kanon (2006),TV,,,,anime,,,AnimeAV1,https://animeav1.com/media/kanon-2006
animeav1-kimi-ga-nozomu-eien-ayu-mayu-gekijou,Kimi ga Nozomu Eien: Ayu Mayu Gekijou,ONA,,,,anime,,,AnimeAV1,https://animeav1.com/media/kimi-ga-nozomu-eien-ayu-mayu-gekijou
animeav1-kidou-senshi-gundam-seed-ce-73-stargazer,Kidou Senshi Gundam SEED C.E. 73: Stargazer,ONA,,,,anime,,,AnimeAV1,https://animeav1.com/media/kidou-senshi-gundam-seed-ce-73-stargazer
animeav1-kidou-senshi-gundam-ms-igloo-mokushiroku-0079,Kidou Senshi Gundam MS IGLOO: Mokushiroku 0079,OVA,,,,anime,,,AnimeAV1,https://animeav1.com/media/kidou-senshi-gundam-ms-igloo-mokushiroku-0079
animeav1-kiba,Kiba,TV,,,,anime,,,AnimeAV1,https://animeav1.com/media/kiba
animeav1-kyou-no-5-no-2,Kyou no 5 no 2,OVA,,,,anime,,,AnimeAV1,https://animeav1.com/media/kyou-no-5-no-2
animeav1-kidou-senshi-z-gundam-iii-hoshi-no-kodou-wa-ai,Kidou Senshi Z Gundam III: Hoshi no Kodou wa Ai,Movie,,,,anime,,,AnimeAV1,https://animeav1.com/media/kidou-senshi-z-gundam-iii-hoshi-no-kodou-wa-ai
animeav1-kage-kara-mamoru,Kage kara Mamoru!,TV,,,,anime,,,AnimeAV1,https://animeav1.com/media/kage-kara-mamoru
animeav1-konjiki-no-gash-bell-hashire-gash-ubawareta-umagon,Konjiki no Gash Bell!!: Hashire Gash!! Ubawareta Umagon,OVA,,,,anime,,,AnimeAV1,https://animeav1.com/media/konjiki-no-gash-bell-hashire-gash-ubawareta-umagon
animeav1-kaleido-star-legend-of-phoenix-layla-hamilton-monogatari,Kaleido Star: Legend of Phoenix - Layla Hamilton Monogatari,OVA,,,,anime,,,AnimeAV1,https://animeav1.com/media/kaleido-star-legend-of-phoenix-layla-hamilton-monogatari
animeav1-karin,Karin,TV,,,,anime,,,AnimeAV1,https://animeav1.com/media/karin
animeav1-kidou-senshi-z-gundam-ii-koibito-tachi,Kidou Senshi Z Gundam II: Koibito-tachi,Movie,,,,anime,,,AnimeAV1,https://animeav1.com/media/kidou-senshi-z-gundam-ii-koibito-tachi
animeav1-konjiki-no-gash-bell-mecha-vulkan-no-raishuu,Konjiki no Gash Bell!!: Mecha Vulkan no Raishuu,Movie,,,,action,,,AnimeAV1,https://animeav1.com/media/konjiki-no-gash-bell-mecha-vulkan-no-raishuu
animeav1-kidou-senshi-z-gundam-i-hoshi-wo-tsugu-mono,Kidou Senshi Z Gundam I: Hoshi wo Tsugu Mono,Movie,,,,anime,,,AnimeAV1,https://animeav1.com/media/kidou-senshi-z-gundam-i-hoshi-wo-tsugu-mono
animeav1-konjiki-no-gash-bell-ougon-no-chichi-wo-motsu-otoko,Konjiki no Gash Bell!!: Ougon no Chichi wo Motsu Otoko,OVA,,,,anime,,,AnimeAV1,https://animeav1.com/media/konjiki-no-gash-bell-ougon-no-chichi-wo-motsu-otoko
animeav1-kore-ga-watashi-no-goshujinsama,Kore ga Watashi no Goshujinsama,TV,,,,anime,,,AnimeAV1,https://animeav1.com/media/kore-ga-watashi-no-goshujinsama
animeav1-kino-no-tabi-the-beautiful-world-nanika-wo-suru-tame-ni-life-goes-on,Kino no Tabi: The Beautiful World - Nanika wo Suru Tame ni - Life Goes On.,Movie,,,,anime,,,AnimeAV1,https://animeav1.com/media/kino-no-tabi-the-beautiful-world-nanika-wo-suru-tame-ni-life-goes-on
animeav1-kidou-senshi-gundam-seed-destiny,Kidou Senshi Gundam SEED Destiny,TV,,,,anime,,,AnimeAV1,https://animeav1.com/media/kidou-senshi-gundam-seed-destiny
animeav1-kannazuki-no-miko,Kannazuki no Miko,TV,,,,anime,,,AnimeAV1,https://animeav1.com/media/kannazuki-no-miko
animeav1-kakyuusei-2-hitomi-no-naka-no-shoujo-tachi,Kakyuusei 2: Hitomi no Naka no Shoujo-tachi,TV,,,,romance,,,AnimeAV1,https://animeav1.com/media/kakyuusei-2-hitomi-no-naka-no-shoujo-tachi
animeav1-kaleido-star-aratanaru-tsubasa-extra-stage,Kaleido Star: Aratanaru Tsubasa - Extra Stage,OVA,,,,anime,,,AnimeAV1,https://animeav1.com/media/kaleido-star-aratanaru-tsubasa-extra-stage
animeav1-konjiki-no-gash-bell-101-banme-no-mamono,Konjiki no Gash Bell!!: 101-banme no Mamono,Movie,,,,anime,,,AnimeAV1,https://animeav1.com/media/konjiki-no-gash-bell-101-banme-no-mamono
animeav1-kidou-senshi-gundam-ms-igloo-1-nen-sensou-hiroku,Kidou Senshi Gundam MS IGLOO: 1-nen Sensou Hiroku,OVA,,,,anime,,,AnimeAV1,https://animeav1.com/media/kidou-senshi-gundam-ms-igloo-1-nen-sensou-hiroku
animeav1-kyou-kara-maou,Kyou kara Maou!,TV,,,,anime,,,AnimeAV1,https://animeav1.com/media/kyou-kara-maou
animeav1-kono-minikuku-mo-utsukushii-sekai,Kono Minikuku mo Utsukushii Sekai,TV,,,,anime,,,AnimeAV1,https://animeav1.com/media/kono-minikuku-mo-utsukushii-sekai
animeav1-koi-kaze,Koi Kaze,TV,,,,anime,,,AnimeAV1,https://animeav1.com/media/koi-kaze
animeav1-kidou-senshi-gundam-seed-hoshi-no-hazama-de,Kidou Senshi Gundam SEED: Hoshi no Hazama de,TV,,,,anime,,,AnimeAV1,https://animeav1.com/media/kidou-senshi-gundam-seed-hoshi-no-hazama-de
animeav1-kidou-senshi-gundam-seed-msv-astray,Kidou Senshi Gundam SEED MSV Astray,OVA,,,,anime,,,AnimeAV1,https://animeav1.com/media/kidou-senshi-gundam-seed-msv-astray
animeav1-kochira-katsushikaku-kameari-kouenmae-hashutsujo-the-movie-2-ufo-shuurai-tornado-daisakusen,Kochira Katsushikaku Kameari Kouenmae Hashutsujo The Movie 2: UFO Shuurai! Tornado Daisakusen!!,MOVIE,,,,anime,,,AnimeAV1,https://animeav1.com/media/kochira-katsushikaku-kameari-kouenmae-hashutsujo-the-movie-2-ufo-shuurai-tornado-daisakusen
animeav1-kimi-ga-nozomu-eien,Kimi ga Nozomu Eien,TV,,,,anime,,,AnimeAV1,https://animeav1.com/media/kimi-ga-nozomu-eien
animeav1-kanon-kazahana,Kanon Kazahana,TV,,,,anime,,,AnimeAV1,https://animeav1.com/media/kanon-kazahana
animeav1-kino-no-tabi-the-beautiful-world,Kino no Tabi: The Beautiful World,TV,,,,anime,,,AnimeAV1,https://animeav1.com/media/kino-no-tabi-the-beautiful-world
animeav1-konjiki-no-gash-bell,Konjiki no Gash Bell!!,TV,,,,anime,,,AnimeAV1,https://animeav1.com/media/konjiki-no-gash-bell
animeav1-kaleido-star,Kaleido Star,TV,,,,anime,,,AnimeAV1,https://animeav1.com/media/kaleido-star
animeav1-kiddy-grade,Kiddy Grade,TV,,,,anime,,,AnimeAV1,https://animeav1.com/media/kiddy-grade
animeav1-kidou-senshi-gundam-seed,Kidou Senshi Gundam SEED,TV,,,,anime,,,AnimeAV1,https://animeav1.com/media/kidou-senshi-gundam-seed
animeav1-kanon,Kanon,TV,,,,anime,,,AnimeAV1,https://animeav1.com/media/kanon
animeav1-kidou-tenshi-angelic-layer,Kidou Tenshi Angelic Layer,TV,,,,anime,,,AnimeAV1,https://animeav1.com/media/kidou-tenshi-angelic-layer
animeav1-kazemakase-tsukikage-ran,Kazemakase Tsukikage Ran,TV,,,,anime,,,AnimeAV1,https://animeav1.com/media/kazemakase-tsukikage-ran
animeav1-kochira-katsushikaku-kameari-kouenmae-hashutsujo-the-movie,Kochira Katsushikaku Kameari Kouenmae Hashutsujo The Movie,MOVIE,,,,anime,,,AnimeAV1,https://animeav1.com/media/kochira-katsushikaku-kameari-kouenmae-hashutsujo-the-movie
animeav1-kachou-ouji,Kachou Ouji,TV,,,,anime,,,AnimeAV1,https://animeav1.com/media/kachou-ouji
animeav1-kanojo-to-kanojo-no-neko,Kanojo to Kanojo no Neko,OVA,,,,anime,,,AnimeAV1,https://animeav1.com/media/kanojo-to-kanojo-no-neko
animeav1-kareshi-kanojo-no-jijou,Kareshi Kanojo no Jijou,TV,,,,anime,,,AnimeAV1,https://animeav1.com/media/kareshi-kanojo-no-jijou
animeav1-kidou-senshi-gundam-dai-08-ms-shoutai-millers-report,Kidou Senshi Gundam: Dai 08 MS Shoutai - Miller's Report,Movie,,,,anime,,,AnimeAV1,https://animeav1.com/media/kidou-senshi-gundam-dai-08-ms-shoutai-millers-report
animeav1-kidou-senkan-nadesico-the-prince-of-darkness,Kidou Senkan Nadesico: The Prince of Darkness,Movie,,,,anime,,,AnimeAV1,https://animeav1.com/media/kidou-senkan-nadesico-the-prince-of-darkness
animeav1-kenpuu-denki-berserk,Kenpuu Denki Berserk,TV,,,,anime,,,AnimeAV1,https://animeav1.com/media/kenpuu-denki-berserk
animeav1-kyuuketsuhime-miyu-tv,Kyuuketsuhime Miyu (TV),TV,,,,anime,,,AnimeAV1,https://animeav1.com/media/kyuuketsuhime-miyu-tv
animeav1-kakugo-no-susume,Kakugo no Susume,OVA,,,,anime,,,AnimeAV1,https://animeav1.com/media/kakugo-no-susume
animeav1-kidou-senkan-nadesico,Kidou Senkan Nadesico,TV,,,,anime,,,AnimeAV1,https://animeav1.com/media/kidou-senkan-nadesico
animeav1-kidou-shinseiki-gundam-x,Kidou Shinseiki Gundam X,TV,,,,anime,,,AnimeAV1,https://animeav1.com/media/kidou-shinseiki-gundam-x
animeav1-kidou-senshi-gundam-dai-08-ms-shoutai,Kidou Senshi Gundam: Dai 08 MS Shoutai,OVA,,,,anime,,,AnimeAV1,https://animeav1.com/media/kidou-senshi-gundam-dai-08-ms-shoutai
animeav1-kishin-douji-zenki,Kishin Douji Zenki,TV,,,,anime,,,AnimeAV1,https://animeav1.com/media/kishin-douji-zenki
animeav1-key-the-metal-idol,Key the Metal Idol,OVA,,,,anime,,,AnimeAV1,https://animeav1.com/media/key-the-metal-idol
animeav1-kidou-butouden-g-gundam,Kidou Butouden G Gundam,TV,,,,anime,,,AnimeAV1,https://animeav1.com/media/kidou-butouden-g-gundam
animeav1-kidou-keisatsu-patlabor-2-the-movie,Kidou Keisatsu Patlabor 2 the Movie,MOVIE,,,,anime,,,AnimeAV1,https://animeav1.com/media/kidou-keisatsu-patlabor-2-the-movie
animeav1-kidou-senshi-victory-gundam,Kidou Senshi Victory Gundam,TV,,,,anime,,,AnimeAV1,https://animeav1.com/media/kidou-senshi-victory-gundam
animeav1-kurenai-no-buta,Kurenai no Buta,Movie,,,,anime,,,AnimeAV1,https://animeav1.com/media/kurenai-no-buta
animeav1-kyoushoku-soukou-guyver-ii,Kyoushoku Soukou Guyver II,OVA,,,,anime,,,AnimeAV1,https://animeav1.com/media/kyoushoku-soukou-guyver-ii
animeav1-kidou-senshi-gundam-0083-stardust-memory,Kidou Senshi Gundam 0083: Stardust Memory,OVA,,,,anime,,,AnimeAV1,https://animeav1.com/media/kidou-senshi-gundam-0083-stardust-memory
animeav1-kidou-senshi-gundam-f91,Kidou Senshi Gundam F91,Movie,,,,anime,,,AnimeAV1,https://animeav1.com/media/kidou-senshi-gundam-f91
animeav1-kidou-keisatsu-patlabor-new-ova,Kidou Keisatsu Patlabor: New OVA,OVA,,,,anime,,,AnimeAV1,https://animeav1.com/media/kidou-keisatsu-patlabor-new-ova
animeav1-karasu-tengu-kabuto,Karasu Tengu Kabuto,TV,,,,anime,,,AnimeAV1,https://animeav1.com/media/karasu-tengu-kabuto
animeav1-kidou-keisatsu-patlabor-on-television,Kidou Keisatsu Patlabor: On Television,TV,,,,anime,,,AnimeAV1,https://animeav1.com/media/kidou-keisatsu-patlabor-on-television
animeav1-kyoushoku-soukou-guyver-1989,Kyoushoku Soukou Guyver (1989),OVA,,,,anime,,,AnimeAV1,https://animeav1.com/media/kyoushoku-soukou-guyver-1989
animeav1-kidou-keisatsu-patlabor-the-movie,Kidou Keisatsu Patlabor the Movie,MOVIE,,,,anime,,,AnimeAV1,https://animeav1.com/media/kidou-keisatsu-patlabor-the-movie
animeav1-kidou-senshi-gundam-0080-pocket-no-naka-no-sensou,Kidou Senshi Gundam 0080: Pocket no Naka no Sensou,OVA,,,,anime,,,AnimeAV1,https://animeav1.com/media/kidou-senshi-gundam-0080-pocket-no-naka-no-sensou
animeav1-kimagure-orangeroad-ova,Kimagure Orange☆Road OVA,OVA,,,,anime,,,AnimeAV1,https://animeav1.com/media/kimagure-orangeroad-ova
animeav1-kimagure-orangeroad-ano-hi-ni-kaeritai,Kimagure Orange☆Road: Ano Hi ni Kaeritai,Movie,,,,anime,,,AnimeAV1,https://animeav1.com/media/kimagure-orangeroad-ano-hi-ni-kaeritai
animeav1-kyuuketsuhime-miyu,Kyuuketsuhime Miyu,OVA,,,,anime,,,AnimeAV1,https://animeav1.com/media/kyuuketsuhime-miyu
animeav1-kidou-keisatsu-patlabor,Kidou Keisatsu Patlabor,OVA,,,,anime,,,AnimeAV1,https://animeav1.com/media/kidou-keisatsu-patlabor
animeav1-kidou-senshi-gundam-gyakushuu-no-char,Kidou Senshi Gundam: Gyakushuu no Char,Movie,,,,anime,,,AnimeAV1,https://animeav1.com/media/kidou-senshi-gundam-gyakushuu-no-char
animeav1-kimagure-orangeroad,Kimagure Orange☆Road,TV,,,,anime,,,AnimeAV1,https://animeav1.com/media/kimagure-orangeroad
animeav1-kyoushoku-soukou-guyver,Kyoushoku Soukou Guyver,Movie,,,,anime,,,AnimeAV1,https://animeav1.com/media/kyoushoku-soukou-guyver
animeav1-kidou-senshi-gundam-zz,Kidou Senshi Gundam ZZ,TV,,,,anime,,,AnimeAV1,https://animeav1.com/media/kidou-senshi-gundam-zz
animeav1-kidou-senshi-zeta-gundam,Kidou Senshi Zeta Gundam,TV,,,,anime,,,AnimeAV1,https://animeav1.com/media/kidou-senshi-zeta-gundam
animeav1-kaze-no-tani-no-nausicaa,Kaze no Tani no Nausicaä,Movie,,,,anime,,,AnimeAV1,https://animeav1.com/media/kaze-no-tani-no-nausicaa
animeav1-kidou-senshi-gundam-iii-meguriai-sora-hen,Kidou Senshi Gundam III: Meguriai Sora-hen,Movie,,,,anime,,,AnimeAV1,https://animeav1.com/media/kidou-senshi-gundam-iii-meguriai-sora-hen
animeav1-kidou-senshi-gundam-ii-ai-senshi-hen,Kidou Senshi Gundam II: Ai Senshi-hen,Movie,,,,anime,,,AnimeAV1,https://animeav1.com/media/kidou-senshi-gundam-ii-ai-senshi-hen
animeav1-kidou-senshi-gundam-i,Kidou Senshi Gundam I,Movie,,,,anime,,,AnimeAV1,https://animeav1.com/media/kidou-senshi-gundam-i
animeav1-kidou-senshi-gundam,Kidou Senshi Gundam,TV,,,,anime,,,AnimeAV1,https://animeav1.com/media/kidou-senshi-gundam
animeav1-lets-go-kaiki-gumi,Let's Go Kaiki-gumi,TV,,,,anime,,,AnimeAV1,https://animeav1.com/media/lets-go-kaiki-gumi
animeav1-lv999-no-murabito,Lv999 no Murabito,TV,,,,anime,,,AnimeAV1,https://animeav1.com/media/lv999-no-murabito
animeav1-liar-game,Liar Game,TV,,,,anime,,,AnimeAV1,https://animeav1.com/media/liar-game
animeav1-lets-play-quest-darake-no-my-life,Let's Play: Quest-darake no My Life,TV,,,,anime,,,AnimeAV1,https://animeav1.com/media/lets-play-quest-darake-no-my-life
animeav1-long-zu-ii-daowangzhe-zhi-tong,Long Zu II: Daowangzhe Zhi Tong,ONA,,,,anime,,,AnimeAV1,https://animeav1.com/media/long-zu-ii-daowangzhe-zhi-tong
animeav1-luo-xiaohei-zhanji-2,Luo Xiaohei Zhanji 2,Movie,,,,anime,,,AnimeAV1,https://animeav1.com/media/luo-xiaohei-zhanji-2
animeav1-leviathan,Leviathan,ONA,,,,anime,,,AnimeAV1,https://animeav1.com/media/leviathan
animeav1-lupin-the-iiird-zenigata-to-futari-no-lupin,Lupin the IIIrd: Zenigata to Futari no Lupin,ONA,,,,anime,,,AnimeAV1,https://animeav1.com/media/lupin-the-iiird-zenigata-to-futari-no-lupin
animeav1-lycoris-recoil-friends-are-thieves-of-time,Lycoris Recoil: Friends Are Thieves of Time.,ONA,,,,anime,,,AnimeAV1,https://animeav1.com/media/lycoris-recoil-friends-are-thieves-of-time
animeav1-lazarus,Lazarus,TV,,,,anime,,,AnimeAV1,https://animeav1.com/media/lazarus
animeav1-love-live-superstar-3rd-season,Love Live! Superstar!! 3rd Season,TV,,,,anime,,,AnimeAV1,https://animeav1.com/media/love-live-superstar-3rd-season
animeav1-love-live-nijigasaki-gakuen-school-idol-doukoukai-kanketsu-hen,Love Live! Nijigasaki Gakuen School Idol Doukoukai: Kanketsu-hen,Movie,,,,comedy,,,AnimeAV1,https://animeav1.com/media/love-live-nijigasaki-gakuen-school-idol-doukoukai-kanketsu-hen
animeav1-look-back,Look Back,Movie,,,,anime,,,AnimeAV1,https://animeav1.com/media/look-back
animeav1-lv2-kara-cheat-datta-motoyuusha-kouho-no-mattari-isekai-life,Lv2 kara Cheat datta Motoyuusha Kouho no Mattari Isekai Life,TV,,,,fantasy,,,AnimeAV1,https://animeav1.com/media/lv2-kara-cheat-datta-motoyuusha-kouho-no-mattari-isekai-life
animeav1-loop-7-kaime-no-akuyaku-reijou-wa-moto-tekikoku-de-jiyuu-kimama-na-hanayome-seikatsu-wo-mankitsu-suru,"Loop 7-kaime no Akuyaku Reijou wa, Moto Tekikoku de Jiyuu Kimama na Hanayome Seikatsu wo Mankitsu suru",TV,,,,anime,,,AnimeAV1,https://animeav1.com/media/loop-7-kaime-no-akuyaku-reijou-wa-moto-tekikoku-de-jiyuu-kimama-na-hanayome-seikatsu-wo-mankitsu-suru
animeav1-level-1-dakedo-unique-skill-de-saikyou-desu,Level 1 dakedo Unique Skill de Saikyou desu,TV,,,,anime,,,AnimeAV1,https://animeav1.com/media/level-1-dakedo-unique-skill-de-saikyou-desu
animeav1-liar-liar,Liar Liar,TV,,,,anime,,,AnimeAV1,https://animeav1.com/media/liar-liar
animeav1-lv1-maou-to-one-room-yuusha,Lv1 Maou to One Room Yuusha,TV,,,,anime,,,AnimeAV1,https://animeav1.com/media/lv1-maou-to-one-room-yuusha
animeav1-lupin-iii-vs-cats-eye,Lupin III vs. Cat's Eye,ONA,,,,anime,,,AnimeAV1,https://animeav1.com/media/lupin-iii-vs-cats-eye
animeav1-long-zu-episode-0,Long Zu Episode 0,ONA,,,,anime,,,AnimeAV1,https://animeav1.com/media/long-zu-episode-0
animeav1-long-zu,Long Zu,ONA,,,,anime,,,AnimeAV1,https://animeav1.com/media/long-zu
animeav1-love-live-superstar-2nd-season,Love Live! Superstar!! 2nd Season,TV,,,,anime,,,AnimeAV1,https://animeav1.com/media/love-live-superstar-2nd-season
animeav1-lycoris-recoil,Lycoris Recoil,TV,,,,anime,,,AnimeAV1,https://animeav1.com/media/lycoris-recoil
animeav1-love-live-nijigasaki-gakuen-school-idol-doukoukai-2nd-season,Love Live! Nijigasaki Gakuen School Idol Doukoukai 2nd Season,TV,,,,comedy,,,AnimeAV1,https://animeav1.com/media/love-live-nijigasaki-gakuen-school-idol-doukoukai-2nd-season
animeav1-love-live-superstar,Love Live! Superstar!!,TV,,,,anime,,,AnimeAV1,https://animeav1.com/media/love-live-superstar
animeav1-log-horizon-entaku-houkai,Log Horizon: Entaku Houkai,TV,,,,anime,,,AnimeAV1,https://animeav1.com/media/log-horizon-entaku-houkai
animeav1-love-live-nijigasaki-gakuen-school-idol-doukoukai,Love Live! Nijigasaki Gakuen School Idol Doukoukai,TV,,,,comedy,,,AnimeAV1,https://animeav1.com/media/love-live-nijigasaki-gakuen-school-idol-doukoukai
animeav1-lupin-iii-the-first,Lupin III: The First,Movie,,,,anime,,,AnimeAV1,https://animeav1.com/media/lupin-iii-the-first
animeav1-lupin-iii-prison-of-the-past,Lupin III: Prison of the Past,ESPECIAL,,,,anime,,,AnimeAV1,https://animeav1.com/media/lupin-iii-prison-of-the-past
animeav1-luo-xiaohei-zhanji-movie,Luo Xiaohei Zhanji (Movie),MOVIE,,,,anime,,,AnimeAV1,https://animeav1.com/media/luo-xiaohei-zhanji-movie
animeav1-lord-el-melloi-ii-sei-no-jikenbo-rail-zeppelin-grace-note,Lord El-Melloi II-sei no Jikenbo: Rail Zeppelin Grace Note,TV,,,,anime,,,AnimeAV1,https://animeav1.com/media/lord-el-melloi-ii-sei-no-jikenbo-rail-zeppelin-grace-note
animeav1-lupin-the-iiird-mine-fujiko-no-uso,Lupin the IIIrd: Mine Fujiko no Uso,Movie,,,,anime,,,AnimeAV1,https://animeav1.com/media/lupin-the-iiird-mine-fujiko-no-uso
animeav1-lupin-iii-goodbye-partner,Lupin III: Goodbye Partner,ESPECIAL,,,,anime,,,AnimeAV1,https://animeav1.com/media/lupin-iii-goodbye-partner
animeav1-love-live-sunshine-the-school-idol-movie-over-the-rainbow,Love Live! Sunshine!! The School Idol Movie: Over the Rainbow,MOVIE,,,,comedy,,,AnimeAV1,https://animeav1.com/media/love-live-sunshine-the-school-idol-movie-over-the-rainbow
animeav1-lord-el-melloi-ii-sei-no-jikenbo-rail-zeppelin-grace-note-hakamori-to-neko-to-majutsushi,Lord El-Melloi II-sei no Jikenbo: Rail Zeppelin Grace Note - Hakamori to Neko to Majutsushi,ESPECIAL,,,,anime,,,AnimeAV1,https://animeav1.com/media/lord-el-melloi-ii-sei-no-jikenbo-rail-zeppelin-grace-note-hakamori-to-neko-to-majutsushi
animeav1-liz-to-aoi-tori,Liz to Aoi Tori,Movie,,,,anime,,,AnimeAV1,https://animeav1.com/media/liz-to-aoi-tori
animeav1-lost-song,Lost Song,TV,,,,anime,,,AnimeAV1,https://animeav1.com/media/lost-song
animeav1-lostorage-conflated-wixoss,Lostorage Conflated WIXOSS,TV,,,,anime,,,AnimeAV1,https://animeav1.com/media/lostorage-conflated-wixoss
animeav1-lupin-iii-part-5,Lupin III: Part 5,TV,,,,anime,,,AnimeAV1,https://animeav1.com/media/lupin-iii-part-5
animeav1-ling-qi-2,Ling Qi 2,TV,,,,anime,,,AnimeAV1,https://animeav1.com/media/ling-qi-2
animeav1-love-live-sunshine-2nd-season,Love Live! Sunshine!! 2nd Season,TV,,,,anime,,,AnimeAV1,https://animeav1.com/media/love-live-sunshine-2nd-season
animeav1-lupin-the-iiird-chikemuri-no-ishikawa-goemon,Lupin the IIIrd: Chikemuri no Ishikawa Goemon,Movie,,,,anime,,,AnimeAV1,https://animeav1.com/media/lupin-the-iiird-chikemuri-no-ishikawa-goemon
animeav1-little-witch-academia-tv,Little Witch Academia (TV),TV,,,,anime,,,AnimeAV1,https://animeav1.com/media/little-witch-academia-tv
animeav1-long-riders,Long Riders!,TV,,,,anime,,,AnimeAV1,https://animeav1.com/media/long-riders
animeav1-lostorage-incited-wixoss,Lostorage Incited WIXOSS,TV,,,,anime,,,AnimeAV1,https://animeav1.com/media/lostorage-incited-wixoss
animeav1-love-live-sunshine,Love Live! Sunshine!!,TV,,,,anime,,,AnimeAV1,https://animeav1.com/media/love-live-sunshine
animeav1-ling-qi,Ling Qi,ONA,,,,anime,,,AnimeAV1,https://animeav1.com/media/ling-qi
animeav1-luck-logic,Luck & Logic,TV,,,,anime,,,AnimeAV1,https://animeav1.com/media/luck-logic
animeav1-lupin-iii-2015-italian-game,Lupin III (2015): Italian Game,ESPECIAL,,2015,,anime,,,AnimeAV1,https://animeav1.com/media/lupin-iii-2015-italian-game
animeav1-little-witch-academia-mahoujikake-no-parade,Little Witch Academia: Mahoujikake no Parade,Movie,,,,anime,,,AnimeAV1,https://animeav1.com/media/little-witch-academia-mahoujikake-no-parade
animeav1-lupin-iii-2015,Lupin III (2015),TV,,2015,,anime,,,AnimeAV1,https://animeav1.com/media/lupin-iii-2015
animeav1-lupin-iii-2015-specials,Lupin III (2015) Specials,TV,,2015,,anime,,,AnimeAV1,https://animeav1.com/media/lupin-iii-2015-specials
animeav1-love-live-the-school-idol-movie,Love Live! The School Idol Movie,MOVIE,,,,comedy,,,AnimeAV1,https://animeav1.com/media/love-live-the-school-idol-movie
animeav1-love-stage-chotto-ja-nakutte,Love Stage!!: Chotto ja Nakutte,OVA,,,,anime,,,AnimeAV1,https://animeav1.com/media/love-stage-chotto-ja-nakutte
animeav1-log-horizon-2nd-season,Log Horizon 2nd Season,TV,,,,anime,,,AnimeAV1,https://animeav1.com/media/log-horizon-2nd-season
animeav1-love-stage,Love Stage!!,TV,,,,anime,,,AnimeAV1,https://animeav1.com/media/love-stage
animeav1-lupin-the-iiird-jigen-daisuke-no-bohyou,Lupin the IIIrd: Jigen Daisuke no Bohyou,Movie,,,,anime,,,AnimeAV1,https://animeav1.com/media/lupin-the-iiird-jigen-daisuke-no-bohyou
animeav1-love-live-school-idol-project-2nd-season,Love Live! School Idol Project 2nd Season,TV,,,,comedy,,,AnimeAV1,https://animeav1.com/media/love-live-school-idol-project-2nd-season
animeav1-little-busters-ex,Little Busters! EX,TV,,,,anime,,,AnimeAV1,https://animeav1.com/media/little-busters-ex
animeav1-lupin-iii-vs-meitantei-conan-the-movie,Lupin III Vs Detective Conan: La Película,Movie,,,,anime,,,AnimeAV1,https://animeav1.com/media/lupin-iii-vs-meitantei-conan-the-movie
animeav1-lupin-iii-princess-of-the-breeze-kakusareta-kuuchuu-toshi,Lupin III: Princess of the Breeze - Kakusareta Kuuchuu Toshi,ESPECIAL,,,,anime,,,AnimeAV1,https://animeav1.com/media/lupin-iii-princess-of-the-breeze-kakusareta-kuuchuu-toshi
animeav1-little-busters-sekai-no-saitou-wa-ore-ga-mamoru,Little Busters! Sekai no Saitou wa Ore ga Mamoru!,OVA,,,,anime,,,AnimeAV1,https://animeav1.com/media/little-busters-sekai-no-saitou-wa-ore-ga-mamoru
animeav1-log-horizon,Log Horizon,TV,,,,anime,,,AnimeAV1,https://animeav1.com/media/log-horizon
animeav1-little-busters-refrain,Little Busters! Refrain,TV,,,,anime,,,AnimeAV1,https://animeav1.com/media/little-busters-refrain
animeav1-love-lab,Love Lab,TV,,,,anime,,,AnimeAV1,https://animeav1.com/media/love-lab
animeav1-little-witch-academia,Little Witch Academia,Movie,,,,anime,,,AnimeAV1,https://animeav1.com/media/little-witch-academia
animeav1-love-live-school-idol-project,Love Live! School Idol Project,TV,,,,comedy,,,AnimeAV1,https://animeav1.com/media/love-live-school-idol-project
animeav1-lupin-iii-touhou-kenbunroku-another-page,Lupin III: Touhou Kenbunroku - Another Page,ESPECIAL,,,,anime,,,AnimeAV1,https://animeav1.com/media/lupin-iii-touhou-kenbunroku-another-page
animeav1-little-busters,Little Busters!,TV,,,,anime,,,AnimeAV1,https://animeav1.com/media/little-busters
animeav1-lupin-the-third-mine-fujiko-to-iu-onna,Lupin the Third: Mine Fujiko to Iu Onna,TV,,,,anime,,,AnimeAV1,https://animeav1.com/media/lupin-the-third-mine-fujiko-to-iu-onna
animeav1-lupin-iii-lupin-ikka-seizoroi,Lupin III: Lupin Ikka Seizoroi,TV,,,,anime,,,AnimeAV1,https://animeav1.com/media/lupin-iii-lupin-ikka-seizoroi
animeav1-last-exile-ginyoku-no-fam-adjournment,Last Exile: Ginyoku no Fam - Adjournment,ESPECIAL,,,,anime,,,AnimeAV1,https://animeav1.com/media/last-exile-ginyoku-no-fam-adjournment
animeav1-lupin-iii-chi-no-kokuin-eien-no-mermaid,Lupin III: Chi no Kokuin - Eien no Mermaid,ESPECIAL,,,,anime,,,AnimeAV1,https://animeav1.com/media/lupin-iii-chi-no-kokuin-eien-no-mermaid
animeav1-last-exile-ginyoku-no-fam,Last Exile: Ginyoku no Fam,TV,,,,anime,,,AnimeAV1,https://animeav1.com/media/last-exile-ginyoku-no-fam
animeav1-lupin-iii-the-last-job,Lupin III: The Last Job,ESPECIAL,,,,anime,,,AnimeAV1,https://animeav1.com/media/lupin-iii-the-last-job
animeav1-ladies-versus-butlers,Ladies versus Butlers!,TV,,,,anime,,,AnimeAV1,https://animeav1.com/media/ladies-versus-butlers
animeav1-layton-kyouju-to-eien-no-utahime,Layton Kyouju to Eien no Utahime,Movie,,,,anime,,,AnimeAV1,https://animeav1.com/media/layton-kyouju-to-eien-no-utahime
animeav1-luckystar-original-na-visual-to-animation,Lucky☆Star: Original na Visual to Animation,OVA,,2015,,anime,,,AnimeAV1,https://animeav1.com/media/luckystar-original-na-visual-to-animation
animeav1-lupin-iii-sweet-lost-night-mahou-no-lamp-wa-akumu-no-yokan,Lupin III: Sweet Lost Night - Mahou no Lamp wa Akumu no Yokan,ESPECIAL,,,,anime,,,AnimeAV1,https://animeav1.com/media/lupin-iii-sweet-lost-night-mahou-no-lamp-wa-akumu-no-yokan
animeav1-lupin-iii-green-vs-red,Lupin III: Green vs. Red,OVA,,,,anime,,,AnimeAV1,https://animeav1.com/media/lupin-iii-green-vs-red
animeav1-luckystar,Lucky Star,TV,,2010,,anime,,,AnimeAV1,https://animeav1.com/media/luckystar
animeav1-lovelycomplex,Lovely★Complex,TV,,,,anime,,,AnimeAV1,https://animeav1.com/media/lovelycomplex
animeav1-les-miserables-shoujo-cosette,Les Misérables: Shoujo Cosette,TV,,,,romance,,,AnimeAV1,https://animeav1.com/media/les-miserables-shoujo-cosette
animeav1-lupin-iii-seven-days-rhapsody,Lupin III: Seven Days Rhapsody,TV,,,,anime,,,AnimeAV1,https://animeav1.com/media/lupin-iii-seven-days-rhapsody
animeav1-le-chevalier-deon,Le Chevalier D'Eon,TV,,,,anime,,,AnimeAV1,https://animeav1.com/media/le-chevalier-deon
animeav1-lemon-angel-project,Lemon Angel Project,TV,,,,anime,,,AnimeAV1,https://animeav1.com/media/lemon-angel-project
animeav1-loveless-specials,Loveless Specials,TV,,,,anime,,,AnimeAV1,https://animeav1.com/media/loveless-specials
animeav1-lamune,Lamune,TV,,,,anime,,,AnimeAV1,https://animeav1.com/media/lamune
animeav1-lupin-iii-tenshi-no-tactics-yume-no-kakera-wa-koroshi-no-kaori,Lupin III: Tenshi no Tactics - Yume no Kakera wa Koroshi no Kaori,ESPECIAL,,,,anime,,,AnimeAV1,https://animeav1.com/media/lupin-iii-tenshi-no-tactics-yume-no-kakera-wa-koroshi-no-kaori
animeav1-loveless,Loveless,TV,,,,anime,,,AnimeAV1,https://animeav1.com/media/loveless
animeav1-lupin-iii-nusumareta-lupin-copycat-wa-manatsu-no-chou,Lupin III: Nusumareta Lupin - Copycat wa Manatsu no Chou,ESPECIAL,,,,anime,,,AnimeAV1,https://animeav1.com/media/lupin-iii-nusumareta-lupin-copycat-wa-manatsu-no-chou
animeav1-lupin-iii-otakara-henkyaku-daisakusen,Lupin III: Otakara Henkyaku Daisakusen!!,ESPECIAL,,,,anime,,,AnimeAV1,https://animeav1.com/media/lupin-iii-otakara-henkyaku-daisakusen
animeav1-last-exile,Last Exile,TV,,,,anime,,,AnimeAV1,https://animeav1.com/media/last-exile
animeav1-lupin-iii-episode-0-first-contact,"Lupin III: Episode 0 ""First Contact""",ESPECIAL,,,,anime,,,AnimeAV1,https://animeav1.com/media/lupin-iii-episode-0-first-contact
animeav1-lupin-iii-ikiteita-majutsushi,Lupin III: Ikiteita Majutsushi,OVA,,,,anime,,,AnimeAV1,https://animeav1.com/media/lupin-iii-ikiteita-majutsushi
animeav1-love-hina-again,Love Hina Again,OVA,,,,anime,,,AnimeAV1,https://animeav1.com/media/love-hina-again
animeav1-lupin-iii-alcatraz-connection,Lupin III: Alcatraz Connection,ESPECIAL,,,,anime,,,AnimeAV1,https://animeav1.com/media/lupin-iii-alcatraz-connection
animeav1-love-hina-motoko-no-sentaku-koi-ka-ken-naku-na,"Love Hina: Motoko no Sentaku, Koi ka Ken... ""Naku na""",TV,,,,anime,,,AnimeAV1,https://animeav1.com/media/love-hina-motoko-no-sentaku-koi-ka-ken-naku-na
animeav1-love-hina-haru-special-kimi-sakura-chiru-nakare,Love Hina Haru Special: Kimi Sakura Chiru Nakare!!,SPECIAL,,,,anime,,,AnimeAV1,https://animeav1.com/media/love-hina-haru-special-kimi-sakura-chiru-nakare
animeav1-love-hina-christmas-special-silent-eve,Love Hina Christmas Special: Silent Eve,SPECIAL,,,,anime,,,AnimeAV1,https://animeav1.com/media/love-hina-christmas-special-silent-eve
animeav1-lupin-iii-1-money-wars,Lupin III: $1 Money Wars,ESPECIAL,,,,anime,,,AnimeAV1,https://animeav1.com/media/lupin-iii-1-money-wars
animeav1-love-hina,Love Hina,TV,,,,anime,,,AnimeAV1,https://animeav1.com/media/love-hina
animeav1-lupin-iii-ai-no-da-capo-fujikos-unlucky-days,Lupin III: Ai no Da Capo - Fujiko's Unlucky Days,ESPECIAL,,,,anime,,,AnimeAV1,https://animeav1.com/media/lupin-iii-ai-no-da-capo-fujikos-unlucky-days
animeav1-lupin-iii-honoo-no-kioku-tokyo-crisis,Lupin III: Honoo no Kioku - Tokyo Crisis,ESPECIAL,,,,anime,,,AnimeAV1,https://animeav1.com/media/lupin-iii-honoo-no-kioku-tokyo-crisis
animeav1-lodoss-tou-senki-eiyuu-kishi-den,Lodoss-tou Senki: Eiyuu Kishi Den,TV,,,,anime,,,AnimeAV1,https://animeav1.com/media/lodoss-tou-senki-eiyuu-kishi-den
animeav1-legend-of-crystania,Legend of Crystania,OVA,,,,anime,,,AnimeAV1,https://animeav1.com/media/legend-of-crystania
animeav1-lupin-iii-twilight-gemini-no-himitsu,Lupin III: Twilight Gemini no Himitsu,ESPECIAL,,,,anime,,,AnimeAV1,https://animeav1.com/media/lupin-iii-twilight-gemini-no-himitsu
animeav1-lupin-iii-dead-or-alive,Lupin III: Dead or Alive,Movie,,,,anime,,,AnimeAV1,https://animeav1.com/media/lupin-iii-dead-or-alive
animeav1-lupin-iii-harimao-no-zaihou-wo-oe,Lupin III: Harimao no Zaihou wo Oe!!,ESPECIAL,,,,anime,,,AnimeAV1,https://animeav1.com/media/lupin-iii-harimao-no-zaihou-wo-oe
animeav1-lupin-iii-kutabare-nostradamus,Lupin III: Kutabare! Nostradamus,Movie,,,,anime,,,AnimeAV1,https://animeav1.com/media/lupin-iii-kutabare-nostradamus
animeav1-lupin-iii-moeyo-zantetsuken,Lupin III: Moeyo Zantetsuken!,ESPECIAL,,,,anime,,,AnimeAV1,https://animeav1.com/media/lupin-iii-moeyo-zantetsuken
animeav1-lupin-iii-lupin-ansatsu-shirei,Lupin III: Lupin Ansatsu Shirei,ESPECIAL,,,,anime,,,AnimeAV1,https://animeav1.com/media/lupin-iii-lupin-ansatsu-shirei
animeav1-lupin-iii-russia-yori-ai-wo-komete,Lupin III: Russia yori Ai wo Komete,ESPECIAL,,,,anime,,,AnimeAV1,https://animeav1.com/media/lupin-iii-russia-yori-ai-wo-komete
animeav1-lupin-iii-napoleon-no-jisho-wo-ubae,Lupin III: Napoleon no Jisho wo Ubae,ESPECIAL,,,,anime,,,AnimeAV1,https://animeav1.com/media/lupin-iii-napoleon-no-jisho-wo-ubae
animeav1-lupin-iii-hemingway-paper-no-nazo,Lupin III: Hemingway Paper no Nazo,ESPECIAL,,,,anime,,,AnimeAV1,https://animeav1.com/media/lupin-iii-hemingway-paper-no-nazo
animeav1-lodoss-tou-senki,Lodoss-tou Senki,OVA,,,,anime,,,AnimeAV1,https://animeav1.com/media/lodoss-tou-senki
animeav1-lupin-iii-bye-bye-liberty-kiki-ippatsu,Lupin III: Bye Bye Liberty - Kiki Ippatsu!,ESPECIAL,,,,anime,,,AnimeAV1,https://animeav1.com/media/lupin-iii-bye-bye-liberty-kiki-ippatsu
animeav1-lupin-iii-fuuma-ichizoku-no-inbou,Lupin III: Fuuma Ichizoku no Inbou,Movie,,,,anime,,,AnimeAV1,https://animeav1.com/media/lupin-iii-fuuma-ichizoku-no-inbou
animeav1-lupin-iii-babylon-no-ougon-densetsu,Lupin III: Babylon no Ougon Densetsu,Movie,,,,anime,,,AnimeAV1,https://animeav1.com/media/lupin-iii-babylon-no-ougon-densetsu
animeav1-lupin-iii-part-iii,Lupin III: Part III,TV,,,,anime,,,AnimeAV1,https://animeav1.com/media/lupin-iii-part-iii
animeav1-lupin-iii-cagliostro-no-shiro,Lupin III: Cagliostro no Shiro,Movie,,,,anime,,,AnimeAV1,https://animeav1.com/media/lupin-iii-cagliostro-no-shiro
animeav1-lupin-iii-lupin-vs-fukusei-ningen,Lupin III: Lupin vs. Fukusei-ningen,Movie,,,,anime,,,AnimeAV1,https://animeav1.com/media/lupin-iii-lupin-vs-fukusei-ningen
animeav1-lupin-iii-part-ii,Lupin III: Part II,TV,,,,anime,,,AnimeAV1,https://animeav1.com/media/lupin-iii-part-ii
animeav1-lupin-iii,Lupin III,TV,,,,anime,,,AnimeAV1,https://animeav1.com/media/lupin-iii
animeav1-lupin-iii-pilot-film,Lupin III: Pilot Film,Movie,,,,anime,,,AnimeAV1,https://animeav1.com/media/lupin-iii-pilot-film
animeav1-mushoku-tensei-iii-isekai-ittara-honki-dasu,Mushoku Tensei III: Isekai Ittara Honki Dasu,TV,,,,fantasy,,,AnimeAV1,https://animeav1.com/media/mushoku-tensei-iii-isekai-ittara-honki-dasu
animeav1-mahou-shoujo-lyrical-nanoha-exceeds-gun-blaze-vengeance,Mahou Shoujo Lyrical Nanoha EXCEEDS: Gun Blaze Vengeance,TV,,,,romance,,,AnimeAV1,https://animeav1.com/media/mahou-shoujo-lyrical-nanoha-exceeds-gun-blaze-vengeance
animeav1-mujikaku-seijo-wa-kyou-mo-muishiki-ni-chikara-wo-tare-nagasu,Mujikaku Seijo wa Kyou mo Muishiki ni Chikara wo Tare Nagasu,TV,,,,anime,,,AnimeAV1,https://animeav1.com/media/mujikaku-seijo-wa-kyou-mo-muishiki-ni-chikara-wo-tare-nagasu
animeav1-megami-isekai-tensei-nani-ni-naritai-desu-ka-ore-yuusha-no-rokkotsu-de,"Megami ""Isekai Tensei Nani ni Naritai desu ka"" Ore ""Yuusha no Rokkotsu de""",TV,,,,fantasy,,,AnimeAV1,https://animeav1.com/media/megami-isekai-tensei-nani-ni-naritai-desu-ka-ore-yuusha-no-rokkotsu-de
animeav1-marriagetoxin,Marriagetoxin,TV,,,,anime,,,AnimeAV1,https://animeav1.com/media/marriagetoxin
animeav1-marika-chan-no-koukando-wa-bukkowareteiru,Marika-chan no Koukando wa Bukkowareteiru,TV,,,,anime,,,AnimeAV1,https://animeav1.com/media/marika-chan-no-koukando-wa-bukkowareteiru
animeav1-maid-san-wa-taberu-dake,Maid-san wa Taberu dake,TV,,,,anime,,,AnimeAV1,https://animeav1.com/media/maid-san-wa-taberu-dake
animeav1-mairimashita-iruma-kun-4th-season,Mairimashita! Iruma-kun 4th Season,TV,,,,anime,,,AnimeAV1,https://animeav1.com/media/mairimashita-iruma-kun-4th-season
animeav1-mao,Mao,TV,,,,anime,,,AnimeAV1,https://animeav1.com/media/mao
animeav1-mata-korosarete-shimatta-no-desu-ne-tantei-sama,"Mata Korosarete Shimatta no desu ne, Tantei-sama",TV,,,,anime,,,AnimeAV1,https://animeav1.com/media/mata-korosarete-shimatta-no-desu-ne-tantei-sama
animeav1-mamonogurai-no-boukensha-ore-dake-mamono-wo-kuratte-tsuyoku-naru,Mamonogurai no Boukensha: Ore dake Mamono wo Kuratte Tsuyoku Naru,TV,,,,anime,,,AnimeAV1,https://animeav1.com/media/mamonogurai-no-boukensha-ore-dake-mamono-wo-kuratte-tsuyoku-naru
animeav1-medalist-2nd-season,Medalist 2nd Season,TV,,,,anime,,,AnimeAV1,https://animeav1.com/media/medalist-2nd-season
animeav1-mato-seihei-no-slave-2,Mato Seihei no Slave 2,TV,,,,anime,,,AnimeAV1,https://animeav1.com/media/mato-seihei-no-slave-2
animeav1-maou-no-musume-wa-yasashisugiru,Maou no Musume wa Yasashisugiru!!,TV,,,,anime,,,AnimeAV1,https://animeav1.com/media/maou-no-musume-wa-yasashisugiru
animeav1-mayonaka-heart-tune,Mayonaka Heart Tune,TV,,,,anime,,,AnimeAV1,https://animeav1.com/media/mayonaka-heart-tune
animeav1-mf-ghost-3rd-season,MF Ghost 3rd Season,TV,,,,anime,,,AnimeAV1,https://animeav1.com/media/mf-ghost-3rd-season
animeav1-majutsushi-kunon-wa-mieteiru,Majutsushi Kunon wa Mieteiru,TV,,,,anime,,,AnimeAV1,https://animeav1.com/media/majutsushi-kunon-wa-mieteiru
animeav1-mikata-ga-yowasugite-hojo-mahou-ni-tesshiteita-kyuutei-mahoushi-tsuihou-sarete-saikyou-wo-mezashimasu,"Mikata ga Yowasugite Hojo Mahou ni Tesshiteita Kyuutei Mahoushi, Tsuihou sarete Saikyou wo Mezashimasu",TV,,,,anime,,,AnimeAV1,https://animeav1.com/media/mikata-ga-yowasugite-hojo-mahou-ni-tesshiteita-kyuutei-mahoushi-tsuihou-sarete-saikyou-wo-mezashimasu
animeav1-mushoku-no-eiyuu-betsu-ni-skill-nanka-iranakatta-n-da-ga,Mushoku no Eiyuu: Betsu ni Skill Nanka Iranakatta n da ga,TV,,,,anime,,,AnimeAV1,https://animeav1.com/media/mushoku-no-eiyuu-betsu-ni-skill-nanka-iranakatta-n-da-ga
animeav1-mofa-gongzhu-de-xiao-fannao,Mofa Gongzhu de Xiao Fannao,ONA,,,,anime,,,AnimeAV1,https://animeav1.com/media/mofa-gongzhu-de-xiao-fannao
animeav1-muchuu-sa-kimi-ni,"Muchuu sa, Kimi ni.",TV,,,,anime,,,AnimeAV1,https://animeav1.com/media/muchuu-sa-kimi-ni
animeav1-mikadono-sanshimai-wa-angai-choroi,"Mikadono Sanshimai wa Angai, Choroi.",TV,,,,anime,,,AnimeAV1,https://animeav1.com/media/mikadono-sanshimai-wa-angai-choroi
animeav1-mizu-zokusei-no-mahoutsukai,Mizu Zokusei no Mahoutsukai,TV,,,,anime,,,AnimeAV1,https://animeav1.com/media/mizu-zokusei-no-mahoutsukai
animeav1-mattaku-saikin-no-tantei-to-kitara,Mattaku Saikin no Tantei to Kitara,TV,,,,anime,,,AnimeAV1,https://animeav1.com/media/mattaku-saikin-no-tantei-to-kitara
animeav1-mono,Mono,TV,,,,anime,,,AnimeAV1,https://animeav1.com/media/mono
animeav1-maebashi-witches,Maebashi Witches,TV,,,,anime,,,AnimeAV1,https://animeav1.com/media/maebashi-witches
animeav1-mononoke-movie-2-hinezumi,Mononoke Movie 2: Hinezumi,MOVIE,,,,anime,,,AnimeAV1,https://animeav1.com/media/mononoke-movie-2-hinezumi
animeav1-mahoutsukai-precure-mirai-days,Mahoutsukai Precure!! Mirai Days,TV,,,,anime,,,AnimeAV1,https://animeav1.com/media/mahoutsukai-precure-mirai-days
animeav1-magic-maker,Magic Maker: Isekai Mahou no Tsukurikata,TV,,,,fantasy,,,AnimeAV1,https://animeav1.com/media/magic-maker
animeav1-mahoutsukai-no-yakusoku,Mahoutsukai no Yakusoku,TV,,,,anime,,,AnimeAV1,https://animeav1.com/media/mahoutsukai-no-yakusoku
animeav1-medalist,Medalist,TV,,,,anime,,,AnimeAV1,https://animeav1.com/media/medalist
animeav1-momentary-lily,Momentary Lily,TV,,,,anime,,,AnimeAV1,https://animeav1.com/media/momentary-lily
animeav1-maou-2099,Maou 2099,TV,,,,anime,,,AnimeAV1,https://animeav1.com/media/maou-2099
animeav1-mf-ghost-2nd-season,MF Ghost 2nd Season,TV,,,,anime,,,AnimeAV1,https://animeav1.com/media/mf-ghost-2nd-season
animeav1-maou-sama-retry-r,"Maou-sama, Retry! R",TV,,,,anime,,,AnimeAV1,https://animeav1.com/media/maou-sama-retry-r
animeav1-mahoutsukai-ni-narenakatta-onnanoko-no-hanashi,Mahoutsukai ni Narenakatta Onnanoko no Hanashi,TV,,,,anime,,,AnimeAV1,https://animeav1.com/media/mahoutsukai-ni-narenakatta-onnanoko-no-hanashi
animeav1-mecha-ude-tv,Mecha-ude (TV),TV,,,,action,,,AnimeAV1,https://animeav1.com/media/mecha-ude-tv
animeav1-murai-no-koi,Murai no Koi,ONA,,,,anime,,,AnimeAV1,https://animeav1.com/media/murai-no-koi
animeav1-mononoke-movie-1-karakasa,Mononoke Movie 1: Karakasa,MOVIE,,,,anime,,,AnimeAV1,https://animeav1.com/media/mononoke-movie-1-karakasa
animeav1-make-heroine-ga-oosugiru,Make Heroine ga Oosugiru!,TV,,,,anime,,,AnimeAV1,https://animeav1.com/media/make-heroine-ga-oosugiru
animeav1-mayonaka-punch,Mayonaka Punch,TV,,,,anime,,,AnimeAV1,https://animeav1.com/media/mayonaka-punch
animeav1-monogatari-series-off-monster-season,Monogatari Series: Off & Monster Season,ONA,,,,anime,,,AnimeAV1,https://animeav1.com/media/monogatari-series-off-monster-season
animeav1-mob-kara-hajimaru-tansaku-eiyuutan,Mob kara Hajimaru Tansaku Eiyuutan,TV,,,,anime,,,AnimeAV1,https://animeav1.com/media/mob-kara-hajimaru-tansaku-eiyuutan
animeav1-madougushi-dahliya-wa-utsumukanai,Madougushi Dahliya wa Utsumukanai,TV,,,,anime,,,AnimeAV1,https://animeav1.com/media/madougushi-dahliya-wa-utsumukanai
animeav1-megami-no-cafe-terrace-2nd-season,Megami no Café Terrace 2nd Season,TV,,,,anime,,,AnimeAV1,https://animeav1.com/media/megami-no-cafe-terrace-2nd-season
animeav1-maougun-saikyou-no-majutsushi-wa-ningen-datta,Maougun Saikyou no Majutsushi wa Ningen datta,TV,,,,anime,,,AnimeAV1,https://animeav1.com/media/maougun-saikyou-no-majutsushi-wa-ningen-datta
animeav1-mahouka-koukou-no-rettousei-3rd-season,Mahouka Koukou no Rettousei 3rd Season,TV,,,,anime,,,AnimeAV1,https://animeav1.com/media/mahouka-koukou-no-rettousei-3rd-season
animeav1-maou-no-ore-ga-dorei-elf-wo-yome-ni-shitanda-ga-dou-medereba-ii,"Maou no Ore ga Dorei Elf wo Yome ni Shitanda ga, Dou Medereba Ii?",TV,,,,anime,,,AnimeAV1,https://animeav1.com/media/maou-no-ore-ga-dorei-elf-wo-yome-ni-shitanda-ga-dou-medereba-ii
animeav1-meiji-gekken-1874,Meiji Gekken: 1874,TV,,,,anime,,,AnimeAV1,https://animeav1.com/media/meiji-gekken-1874
animeav1-majo-to-yajuu,Majo to Yajuu,TV,,,,anime,,,AnimeAV1,https://animeav1.com/media/majo-to-yajuu
animeav1-metallic-rouge,Metallic Rouge,TV,,,,anime,,,AnimeAV1,https://animeav1.com/media/metallic-rouge
animeav1-mashle-shinkakusha-kouho-senbatsu-shiken-hen,Mashle: Shinkakusha Kouho Senbatsu Shiken-hen,TV,,,,anime,,,AnimeAV1,https://animeav1.com/media/mashle-shinkakusha-kouho-senbatsu-shiken-hen
animeav1-momochi-san-chi-no-ayakashi-ouji,Momochi-san Chi no Ayakashi Ouji,TV,,,,anime,,,AnimeAV1,https://animeav1.com/media/momochi-san-chi-no-ayakashi-ouji
animeav1-mato-seihei-no-slave,Mato Seihei no Slave,TV,,,,anime,,,AnimeAV1,https://animeav1.com/media/mato-seihei-no-slave
animeav1-mahou-shoujo-ni-akogarete,Mahou Shoujo ni Akogarete,TV,,,,romance,,,AnimeAV1,https://animeav1.com/media/mahou-shoujo-ni-akogarete
animeav1-mahoutsukai-no-yome-season-2-part-2,Mahoutsukai no Yome Season 2 Part 2,TV,,,,anime,,,AnimeAV1,https://animeav1.com/media/mahoutsukai-no-yome-season-2-part-2
animeav1-mf-ghost,MF Ghost,TV,,,,anime,,,AnimeAV1,https://animeav1.com/media/mf-ghost
animeav1-migi-to-dali,Migi to Dali,TV,,,,anime,,,AnimeAV1,https://animeav1.com/media/migi-to-dali
animeav1-megumi-no-daigo-kyuukoku-no-orange,Megumi no Daigo: Kyuukoku no Orange,TV,,,,anime,,,AnimeAV1,https://animeav1.com/media/megumi-no-daigo-kyuukoku-no-orange
animeav1-mushoku-tensei-ii-isekai-ittara-honki-dasu,Mushoku Tensei II: Isekai Ittara Honki Dasu,TV,,,,fantasy,,,AnimeAV1,https://animeav1.com/media/mushoku-tensei-ii-isekai-ittara-honki-dasu
animeav1-masamune-kun-no-revenge-r,Masamune-kun no Revenge R,TV,,,,anime,,,AnimeAV1,https://animeav1.com/media/masamune-kun-no-revenge-r
animeav1-majutsushi-orphen-hagure-tabi-seiiki-hen,Majutsushi Orphen Hagure Tabi: Seiiki-hen,TV,,,,anime,,,AnimeAV1,https://animeav1.com/media/majutsushi-orphen-hagure-tabi-seiiki-hen
animeav1-megami-no-cafe-terrace,Megami no Café Terrace,TV,,,,anime,,,AnimeAV1,https://animeav1.com/media/megami-no-cafe-terrace
animeav1-mashle,Mashle,TV,,,,anime,,,AnimeAV1,https://animeav1.com/media/mashle
animeav1-mahou-shoujo-magical-destroyers,Mahou Shoujo Magical Destroyers,TV,,,,romance,,,AnimeAV1,https://animeav1.com/media/mahou-shoujo-magical-destroyers
animeav1-mahoutsukai-no-yome-season-2,Mahoutsukai no Yome Season 2,TV,,,,anime,,,AnimeAV1,https://animeav1.com/media/mahoutsukai-no-yome-season-2
animeav1-my-home-hero,My Home Hero,TV,,,,anime,,,AnimeAV1,https://animeav1.com/media/my-home-hero
animeav1-mix-meisei-story-2nd-season-nidome-no-natsu-sora-no-mukou-e,"Mix: Meisei Story 2nd Season - Nidome no Natsu, Sora no Mukou e",TV,,,,anime,,,AnimeAV1,https://animeav1.com/media/mix-meisei-story-2nd-season-nidome-no-natsu-sora-no-mukou-e
animeav1-mou-ippon,Mou Ippon!,TV,,,,anime,,,AnimeAV1,https://animeav1.com/media/mou-ippon
animeav1-mairimashita-iruma-kun-3rd-season,Mairimashita! Iruma-kun 3rd Season,TV,,,,anime,,,AnimeAV1,https://animeav1.com/media/mairimashita-iruma-kun-3rd-season
animeav1-mushikaburi-hime,Mushikaburi-hime,TV,,,,anime,,,AnimeAV1,https://animeav1.com/media/mushikaburi-hime
animeav1-mob-psycho-100-iii,Mob Psycho 100 III,TV,,,,anime,,,AnimeAV1,https://animeav1.com/media/mob-psycho-100-iii
animeav1-mamahaha-no-tsurego-ga-motokano-datta,Mamahaha no Tsurego ga Motokano datta,TV,,,,anime,,,AnimeAV1,https://animeav1.com/media/mamahaha-no-tsurego-ga-motokano-datta
animeav1-made-in-abyss-retsujitsu-no-ougonkyou,Made in Abyss: Retsujitsu no Ougonkyou,TV,,,,anime,,,AnimeAV1,https://animeav1.com/media/made-in-abyss-retsujitsu-no-ougonkyou
animeav1-machikado-mazoku-2-choume,Machikado Mazoku: 2-choume,TV,,,,anime,,,AnimeAV1,https://animeav1.com/media/machikado-mazoku-2-choume
animeav1-mahoutsukai-reimeiki,Mahoutsukai Reimeiki,TV,,,,anime,,,AnimeAV1,https://animeav1.com/media/mahoutsukai-reimeiki
animeav1-mahouka-koukou-no-rettousei-tsuioku-hen,Mahouka Koukou no Rettousei: Tsuioku-hen,ESPECIAL,,,,anime,,,AnimeAV1,https://animeav1.com/media/mahouka-koukou-no-rettousei-tsuioku-hen
animeav1-mieruko-chan,Mieruko-chan,TV,,,,anime,,,AnimeAV1,https://animeav1.com/media/mieruko-chan
animeav1-mahoutsukai-no-yome-nishi-no-shounen-to-seiran-no-kishi,Mahoutsukai no Yome: Nishi no Shounen to Seiran no Kishi,OVA,,,,action,,,AnimeAV1,https://animeav1.com/media/mahoutsukai-no-yome-nishi-no-shounen-to-seiran-no-kishi
animeav1-mo-dao-zu-shi-wanjie-pian,Mo Dao Zu Shi 3: Wanjie Pian,ONA,,,,anime,,,AnimeAV1,https://animeav1.com/media/mo-dao-zu-shi-wanjie-pian
animeav1-magia-record-mahou-shoujo-madokamagica-gaiden-2nd-season-kakusei-zenya,Magia Record: Mahou Shoujo Madoka☆Magica Gaiden 2nd Season - Kakusei Zenya,TV,,,,romance,,,AnimeAV1,https://animeav1.com/media/magia-record-mahou-shoujo-madokamagica-gaiden-2nd-season-kakusei-zenya
animeav1-megami-ryou-no-ryoubo-kun,Megami-ryou no Ryoubo-kun.,TV,,,,anime,,,AnimeAV1,https://animeav1.com/media/megami-ryou-no-ryoubo-kun
animeav1-meikyuu-black-company,Meikyuu Black Company,TV,,,,anime,,,AnimeAV1,https://animeav1.com/media/meikyuu-black-company
animeav1-mairimashita-iruma-kun-2nd-season,Mairimashita! Iruma-kun 2nd Season,TV,,,,anime,,,AnimeAV1,https://animeav1.com/media/mairimashita-iruma-kun-2nd-season
animeav1-mars-red,Mars Red,TV,,,,anime,,,AnimeAV1,https://animeav1.com/media/mars-red
animeav1-mashiro-no-oto,Mashiro no Oto,TV,,2016,,anime,,,AnimeAV1,https://animeav1.com/media/mashiro-no-oto
animeav1-majutsushi-orphen-hagure-tabi-kimluck-hen,Majutsushi Orphen Hagure Tabi: Kimluck-hen,TV,,,,anime,,,AnimeAV1,https://animeav1.com/media/majutsushi-orphen-hagure-tabi-kimluck-hen
animeav1-mushoku-tensei-isekai-ittara-honki-dasu,Mushoku Tensei: Isekai Ittara Honki Dasu,TV,,,,fantasy,,,AnimeAV1,https://animeav1.com/media/mushoku-tensei-isekai-ittara-honki-dasu
animeav1-mars-red-zero-kikan-nippou,Mars Red: Zero Kikan Nippou,ONA,Currently Airing,,,anime,,,AnimeAV1,https://animeav1.com/media/mars-red-zero-kikan-nippou
animeav1-maoujou-de-oyasumi,Maoujou de Oyasumi,TV,,,,anime,,,AnimeAV1,https://animeav1.com/media/maoujou-de-oyasumi
animeav1-mahouka-koukou-no-rettousei-raihousha-hen,Mahouka Koukou no Rettousei: Raihousha-hen,TV,,,,anime,,,AnimeAV1,https://animeav1.com/media/mahouka-koukou-no-rettousei-raihousha-hen
animeav1-munou-na-nana,Munou na Nana,TV,,,,anime,,,AnimeAV1,https://animeav1.com/media/munou-na-nana
animeav1-majo-no-tabitabi,Majo no Tabitabi,TV,,,,anime,,,AnimeAV1,https://animeav1.com/media/majo-no-tabitabi
animeav1-mo-dao-zu-shi-q,Mo Dao Zu Shi Q,ONA,,,,anime,,,AnimeAV1,https://animeav1.com/media/mo-dao-zu-shi-q
animeav1-monster-musume-no-oishasan,Monster Musume no Oishasan,TV,,,,anime,,,AnimeAV1,https://animeav1.com/media/monster-musume-no-oishasan
animeav1-majutsushi-orphen-hagure-tabi-tennin-no-isan,Majutsushi Orphen Hagure Tabi: Tennin no Isan,TV,,,,anime,,,AnimeAV1,https://animeav1.com/media/majutsushi-orphen-hagure-tabi-tennin-no-isan
animeav1-major-2nd-2nd-season,Major 2nd 2nd Season,TV,,,,anime,,,AnimeAV1,https://animeav1.com/media/major-2nd-2nd-season
animeav1-made-in-abyss-movie-3-fukaki-tamashii-no-reimei,Made in Abyss Movie 3: Fukaki Tamashii no Reimei,MOVIE,,,,anime,,,AnimeAV1,https://animeav1.com/media/made-in-abyss-movie-3-fukaki-tamashii-no-reimei
animeav1-murenase-seton-gakuen,Murenase! Seton Gakuen,TV,,,,anime,,,AnimeAV1,https://animeav1.com/media/murenase-seton-gakuen
animeav1-majutsushi-orphen-hagure-tabi,Majutsushi Orphen Hagure Tabi,TV,,,,anime,,,AnimeAV1,https://animeav1.com/media/majutsushi-orphen-hagure-tabi
animeav1-magia-record-mahou-shoujo-madokamagica-gaiden,Magia Record: Mahou Shoujo Madoka☆Magica Gaiden,TV,,,,romance,,,AnimeAV1,https://animeav1.com/media/magia-record-mahou-shoujo-madokamagica-gaiden
animeav1-mugen-no-juunin-immortal,Mugen no Juunin: Immortal,ONA,,,,anime,,,AnimeAV1,https://animeav1.com/media/mugen-no-juunin-immortal
animeav1-mairimashita-iruma-kun,Mairimashita! Iruma-kun,TV,,,,anime,,,AnimeAV1,https://animeav1.com/media/mairimashita-iruma-kun
animeav1-mob-psycho-100-dai-ikkai-rei-toka-soudansho-ian-ryokou,Mob Psycho 100: Dai Ikkai Rei toka Soudansho Ian Ryokou - Kokoro Mitasu Iyashi no Tabi,OVA,,,,anime,,,AnimeAV1,https://animeav1.com/media/mob-psycho-100-dai-ikkai-rei-toka-soudansho-ian-ryokou
animeav1-miru-tights-cosplay-satsuei-tights,Miru Tights: Cosplay Satsuei Tights,TV,,,,anime,,,AnimeAV1,https://animeav1.com/media/miru-tights-cosplay-satsuei-tights
animeav1-mo-dao-zu-shi-xian-yun-pian,Mo Dao Zu Shi 2: Xian Yun Pian,ONA,,,,anime,,,AnimeAV1,https://animeav1.com/media/mo-dao-zu-shi-xian-yun-pian
animeav1-machikado-mazoku,Machikado Mazoku,TV,,,,anime,,,AnimeAV1,https://animeav1.com/media/machikado-mazoku
animeav1-majimoji-rurumo-kanketsu-hen,Majimoji Rurumo: Kanketsu-hen,OVA,,,,anime,,,AnimeAV1,https://animeav1.com/media/majimoji-rurumo-kanketsu-hen
animeav1-maou-sama-retry,"Maou-sama, Retry!",TV,,,,anime,,,AnimeAV1,https://animeav1.com/media/maou-sama-retry
animeav1-mugyutto-black-clover,Mugyutto! Black Clover,ONA,,,,anime,,,AnimeAV1,https://animeav1.com/media/mugyutto-black-clover
animeav1-miru-tights,Miru Tights,ONA,,,,anime,,,AnimeAV1,https://animeav1.com/media/miru-tights
animeav1-mix-meisei-story,Mix: Meisei Story,TV,,,,anime,,,AnimeAV1,https://animeav1.com/media/mix-meisei-story
animeav1-midara-na-ao-chan-wa-benkyou-ga-dekinai,Midara na Ao-chan wa Benkyou ga Dekinai,TV,,,,anime,,,AnimeAV1,https://animeav1.com/media/midara-na-ao-chan-wa-benkyou-ga-dekinai
animeav1-manaria-friends,Manaria Friends,TV,,,,anime,,,AnimeAV1,https://animeav1.com/media/manaria-friends
animeav1-made-in-abyss-movie-2-hourou-suru-tasogare,Made in Abyss Movie 2: Hourou Suru Tasogare,MOVIE,,,,anime,,,AnimeAV1,https://animeav1.com/media/made-in-abyss-movie-2-hourou-suru-tasogare
animeav1-meiji-tokyo-renka,Meiji Tokyo Renka,TV,,,,anime,,,AnimeAV1,https://animeav1.com/media/meiji-tokyo-renka
animeav1-mob-psycho-100-ii,Mob Psycho 100 II,TV,,,,anime,,,AnimeAV1,https://animeav1.com/media/mob-psycho-100-ii
animeav1-made-in-abyss-movie-1-tabidachi-no-yoake,Made in Abyss Movie 1: Tabidachi no Yoake,MOVIE,,,,anime,,,AnimeAV1,https://animeav1.com/media/made-in-abyss-movie-1-tabidachi-no-yoake
animeav1-mahou-shoujo-lyrical-nanoha-detonation,Mahou Shoujo Lyrical Nanoha: Detonation,Movie,,,,romance,,,AnimeAV1,https://animeav1.com/media/mahou-shoujo-lyrical-nanoha-detonation
animeav1-masamune-kun-no-revenge-uchi-no-mama-ni-kagittetsunade-shima-futatabi12-ji-wo-sugita-cinderella,Masamune-kun no Revenge OVA,OVA,,,,anime,,,AnimeAV1,https://animeav1.com/media/masamune-kun-no-revenge-uchi-no-mama-ni-kagittetsunade-shima-futatabi12-ji-wo-sugita-cinderella
animeav1-mirai-no-mirai,Mirai no Mirai,Movie,,,,anime,,,AnimeAV1,https://animeav1.com/media/mirai-no-mirai
animeav1-mo-dao-zu-shi,Mo Dao Zu Shi,ONA,,,,anime,,,AnimeAV1,https://animeav1.com/media/mo-dao-zu-shi
animeav1-major-2nd,Major 2nd (TV),TV,,,,anime,,,AnimeAV1,https://animeav1.com/media/major-2nd
animeav1-mahou-shoujo-site,Mahou Shoujo Site,TV,,,,romance,,,AnimeAV1,https://animeav1.com/media/mahou-shoujo-site
animeav1-megalo-box,Megalo Box,TV,,,,anime,,,AnimeAV1,https://animeav1.com/media/megalo-box
animeav1-mahou-shoujo-ore,Mahou Shoujo Ore,TV,,,,romance,,,AnimeAV1,https://animeav1.com/media/mahou-shoujo-ore
animeav1-mob-psycho-100-reigen-shirarezaru-kiseki-no-reinouryokusha,Mob Psycho 100: Reigen - Shirarezaru Kiseki no Reinouryokusha,TV,,,,anime,,,AnimeAV1,https://animeav1.com/media/mob-psycho-100-reigen-shirarezaru-kiseki-no-reinouryokusha
animeav1-mazinger-z-movie-infinity,Mazinger Z Movie: Infinity,MOVIE,,,,anime,,,AnimeAV1,https://animeav1.com/media/mazinger-z-movie-infinity
animeav1-miira-no-kaikata,Miira no Kaikata,TV,,,,anime,,,AnimeAV1,https://animeav1.com/media/miira-no-kaikata
animeav1-mitsuboshi-colors,Mitsuboshi Colors,TV,,,,anime,,,AnimeAV1,https://animeav1.com/media/mitsuboshi-colors
animeav1-mahoutsukai-no-yome,Mahoutsukai no Yome,TV,,,,anime,,,AnimeAV1,https://animeav1.com/media/mahoutsukai-no-yome
animeav1-mahou-shoujo-lyrical-nanoha-reflection,Mahou Shoujo Lyrical Nanoha: Reflection,Movie,,,,romance,,,AnimeAV1,https://animeav1.com/media/mahou-shoujo-lyrical-nanoha-reflection
animeav1-made-in-abyss,Made in Abyss,TV,,,,anime,,,AnimeAV1,https://animeav1.com/media/made-in-abyss
animeav1-masamune-kun-no-revenge,Masamune-kun no Revenge,TV,,,,anime,,,AnimeAV1,https://animeav1.com/media/masamune-kun-no-revenge
animeav1-monster-musume-no-iru-nichijou-ova,Monster Musume no Iru Nichijou OVA,OVA,,,,anime,,,AnimeAV1,https://animeav1.com/media/monster-musume-no-iru-nichijou-ova
animeav1-musaigen-no-phantom-world-mizutama-no-kiseki,Musaigen no Phantom World: Mizutama no Kiseki,TV,,,,anime,,,AnimeAV1,https://animeav1.com/media/musaigen-no-phantom-world-mizutama-no-kiseki
animeav1-mahou-shoujo-ikusei-keikaku,Mahou Shoujo Ikusei Keikaku,TV,,,,romance,,,AnimeAV1,https://animeav1.com/media/mahou-shoujo-ikusei-keikaku
animeav1-masou-gakuen-hxh-specials,Masou Gakuen HxH Specials,TV,,,,anime,,,AnimeAV1,https://animeav1.com/media/masou-gakuen-hxh-specials
animeav1-mahoutsukai-no-yome-hoshi-matsu-hito,Mahoutsukai no Yome: Hoshi Matsu Hito,OVA,,,,anime,,,AnimeAV1,https://animeav1.com/media/mahoutsukai-no-yome-hoshi-matsu-hito
animeav1-mob-psycho-100,Mob Psycho 100,TV,,,,anime,,,AnimeAV1,https://animeav1.com/media/mob-psycho-100
animeav1-masou-gakuen-hxh,Masou Gakuen HxH,TV,,,,anime,,,AnimeAV1,https://animeav1.com/media/masou-gakuen-hxh
animeav1-magi-sinbad-no-bouken,Magi: Sinbad no Bouken,TV,,,,anime,,,AnimeAV1,https://animeav1.com/media/magi-sinbad-no-bouken
animeav1-musaigen-no-phantom-world-limitless-phantom-world,Musaigen no Phantom World: Limitless Phantom World,TV,,,,anime,,,AnimeAV1,https://animeav1.com/media/musaigen-no-phantom-world-limitless-phantom-world
animeav1-macross-d,Macross Δ,TV,,,,anime,,,AnimeAV1,https://animeav1.com/media/macross-d
animeav1-mayoiga,Mayoiga,TV,,,,anime,,,AnimeAV1,https://animeav1.com/media/mayoiga
animeav1-mahoutsukai-precure,Mahoutsukai Precure!,TV,,,,anime,,,AnimeAV1,https://animeav1.com/media/mahoutsukai-precure
animeav1-musaigen-no-phantom-world,Musaigen no Phantom World,TV,,,,anime,,,AnimeAV1,https://animeav1.com/media/musaigen-no-phantom-world
animeav1-momokuri,Momokuri,ONA,,,,anime,,,AnimeAV1,https://animeav1.com/media/momokuri
animeav1-monster-musume-no-iru-nichijou,Monster Musume no Iru Nichijou,TV,,,,anime,,,AnimeAV1,https://animeav1.com/media/monster-musume-no-iru-nichijou
animeav1-mushishi-zoku-shou-suzu-no-shizuku,Mushishi Zoku Shou: Suzu no Shizuku,Movie,,,,anime,,,AnimeAV1,https://animeav1.com/media/mushishi-zoku-shou-suzu-no-shizuku
animeav1-mikagura-gakuen-kumikyoku-tv,Mikagura Gakuen Kumikyoku (TV),TV,,,,anime,,,AnimeAV1,https://animeav1.com/media/mikagura-gakuen-kumikyoku-tv
animeav1-military,Military!,TV,,,,anime,,,AnimeAV1,https://animeav1.com/media/military
animeav1-mushishi-zoku-shou-2nd-season,Mushishi Zoku Shou 2nd Season,TV,,,,anime,,,AnimeAV1,https://animeav1.com/media/mushishi-zoku-shou-2nd-season
animeav1-madan-no-ou-to-vanadis,Madan no Ou to Vanadis,TV,,,,anime,,,AnimeAV1,https://animeav1.com/media/madan-no-ou-to-vanadis
animeav1-magic-kaito-1412,Magic Kaito 1412,TV,,,,fantasy,,,AnimeAV1,https://animeav1.com/media/magic-kaito-1412
animeav1-mujaki-no-rakuen,Mujaki no Rakuen,OVA,,,,anime,,,AnimeAV1,https://animeav1.com/media/mujaki-no-rakuen
animeav1-mushishi-zoku-shou-odoro-no-michi,Mushishi Zoku Shou: Odoro no Michi,ESPECIAL,,,,anime,,,AnimeAV1,https://animeav1.com/media/mushishi-zoku-shou-odoro-no-michi
animeav1-mushibugyou-ova,Mushibugyou OVA,OVA,,,,anime,,,AnimeAV1,https://animeav1.com/media/mushibugyou-ova
animeav1-majimoji-rurumo,Majimoji Rurumo,TV,,,,anime,,,AnimeAV1,https://animeav1.com/media/majimoji-rurumo
animeav1-mekakucity-actors,Mekakucity Actors,TV,,,,anime,,,AnimeAV1,https://animeav1.com/media/mekakucity-actors
animeav1-mangaka-san-to-assistant-san-to-the-animation,Mangaka-san to Assistant-san to The Animation,TV,,,,anime,,,AnimeAV1,https://animeav1.com/media/mangaka-san-to-assistant-san-to-the-animation
animeav1-mahouka-koukou-no-rettousei,Mahouka Koukou no Rettousei,TV,,,,anime,,,AnimeAV1,https://animeav1.com/media/mahouka-koukou-no-rettousei
animeav1-mushishi-zoku-shou,Mushishi Zoku Shou,TV,,,,anime,,,AnimeAV1,https://animeav1.com/media/mushishi-zoku-shou
animeav1-maken-ki-two-specials,Maken-Ki! Two Specials,TV,,,,anime,,,AnimeAV1,https://animeav1.com/media/maken-ki-two-specials
animeav1-mikakunin-de-shinkoukei-kamoniku-tte-midori-ppoi-aji-ga-suru-no-ne,Mikakunin de Shinkoukei: Kamoniku tte Midori-ppoi Aji ga Suru no ne.,OVA,,,,anime,,,AnimeAV1,https://animeav1.com/media/mikakunin-de-shinkoukei-kamoniku-tte-midori-ppoi-aji-ga-suru-no-ne
animeav1-mikakunin-de-shinkoukei-mite-are-ga-watashitachi-no-tomatteiru-ryokan-yo,Mikakunin de Shinkoukei: Mite. Are ga Watashitachi no Tomatteiru Ryokan yo.,TV,,,,anime,,,AnimeAV1,https://animeav1.com/media/mikakunin-de-shinkoukei-mite-are-ga-watashitachi-no-tomatteiru-ryokan-yo
animeav1-maken-ki-two,Maken-Ki! Two,TV,,,,anime,,,AnimeAV1,https://animeav1.com/media/maken-ki-two
animeav1-mahou-sensou,Mahou Sensou,TV,,,,anime,,,AnimeAV1,https://animeav1.com/media/mahou-sensou
animeav1-mikakunin-de-shinkoukei,Mikakunin de Shinkoukei,TV,,,,anime,,,AnimeAV1,https://animeav1.com/media/mikakunin-de-shinkoukei
animeav1-mushishi-hihamukage,Mushishi: Hihamukage,ESPECIAL,,,,anime,,,AnimeAV1,https://animeav1.com/media/mushishi-hihamukage
animeav1-machine-doll-wa-kizutsukanai-specials,Machine-Doll wa Kizutsukanai Specials,TV,,,,anime,,,AnimeAV1,https://animeav1.com/media/machine-doll-wa-kizutsukanai-specials
animeav1-mahou-shoujo-madokamagica-movie-3-hangyaku-no-monogatari,Mahou Shoujo Madoka Magica Movie 3: Hangyaku no Monogatari,MOVIE,,,,romance,,,AnimeAV1,https://animeav1.com/media/mahou-shoujo-madokamagica-movie-3-hangyaku-no-monogatari
animeav1-machine-doll-wa-kizutsukanai,Machine-Doll wa Kizutsukanai,TV,,,,anime,,,AnimeAV1,https://animeav1.com/media/machine-doll-wa-kizutsukanai
animeav1-magi-the-kingdom-of-magic,Magi: The Kingdom of Magic,TV,,,,fantasy,,,AnimeAV1,https://animeav1.com/media/magi-the-kingdom-of-magic
animeav1-mondaiji-tachi-ga-isekai-kara-kuru-sou-desu-yo-onsen-manyuuki,Mondaiji-tachi ga Isekai kara Kuru Sou desu yo?: Onsen Manyuuki,OVA,,,,fantasy,,,AnimeAV1,https://animeav1.com/media/mondaiji-tachi-ga-isekai-kara-kuru-sou-desu-yo-onsen-manyuuki
animeav1-makai-ouji-devils-and-realist,Makai Ouji: Devils and Realist,TV,,,,anime,,,AnimeAV1,https://animeav1.com/media/makai-ouji-devils-and-realist
animeav1-monogatari-series-second-season,Monogatari Series: Second Season,TV,,,,anime,,,AnimeAV1,https://animeav1.com/media/monogatari-series-second-season
animeav1-mirai-nikki-redial,Mirai Nikki: Redial,OVA,,,,anime,,,AnimeAV1,https://animeav1.com/media/mirai-nikki-redial
animeav1-magicalstar-kanon-100,Magical☆Star Kanon 100%,OVA,,,,anime,,,AnimeAV1,https://animeav1.com/media/magicalstar-kanon-100
animeav1-miyakawa-ke-no-kuufuku,Miyakawa-ke no Kuufuku,ONA,,,,anime,,,AnimeAV1,https://animeav1.com/media/miyakawa-ke-no-kuufuku
animeav1-mushibugyou,Mushibugyou,TV,,,,anime,,,AnimeAV1,https://animeav1.com/media/mushibugyou
animeav1-mondaiji-tachi-ga-isekai-kara-kuru-sou-desu-yo,Mondaiji-tachi ga Isekai kara Kuru Sou desu yo?,TV,,,,fantasy,,,AnimeAV1,https://animeav1.com/media/mondaiji-tachi-ga-isekai-kara-kuru-sou-desu-yo
animeav1-minami-ke-tadaima,Minami-ke Tadaima,TV,,,,anime,,,AnimeAV1,https://animeav1.com/media/minami-ke-tadaima
animeav1-maoyuu-maou-yuusha,Maoyuu Maou Yuusha,TV,,,,anime,,,AnimeAV1,https://animeav1.com/media/maoyuu-maou-yuusha
animeav1-mahou-shoujo-madokamagica-movie-2-eien-no-monogatari,Mahou Shoujo Madoka Magica Movie 2: Eien no Monogatari,MOVIE,,,,romance,,,AnimeAV1,https://animeav1.com/media/mahou-shoujo-madokamagica-movie-2-eien-no-monogatari
animeav1-medaka-box-abnormal,Medaka Box Abnormal,TV,,,,anime,,,AnimeAV1,https://animeav1.com/media/medaka-box-abnormal
animeav1-magi-the-labyrinth-of-magic,Magi: The Labyrinth of Magic,TV,,,,fantasy,,,AnimeAV1,https://animeav1.com/media/magi-the-labyrinth-of-magic
animeav1-mahou-shoujo-madokamagica-movie-1-hajimari-no-monogatari,Mahou Shoujo Madoka Magica Movie 1: Hajimari no Monogatari,MOVIE,,,,romance,,,AnimeAV1,https://animeav1.com/media/mahou-shoujo-madokamagica-movie-1-hajimari-no-monogatari
animeav1-minami-ke-omatase,Minami-ke Omatase,OVA,,,,anime,,,AnimeAV1,https://animeav1.com/media/minami-ke-omatase
animeav1-mahou-shoujo-lyrical-nanoha-the-movie-2nd-as,Mahou Shoujo Lyrical Nanoha: The Movie 2nd A's,MOVIE,,,,romance,,,AnimeAV1,https://animeav1.com/media/mahou-shoujo-lyrical-nanoha-the-movie-2nd-as
animeav1-muv-luv-alternative-total-eclipse,Muv-Luv Alternative: Total Eclipse,TV,,,,anime,,,AnimeAV1,https://animeav1.com/media/muv-luv-alternative-total-eclipse
animeav1-medaka-box,Medaka Box,TV,,,,anime,,,AnimeAV1,https://animeav1.com/media/medaka-box
animeav1-maken-ki-ova,Maken-Ki! OVA,OVA,,,,anime,,,AnimeAV1,https://animeav1.com/media/maken-ki-ova
animeav1-maken-ki-specials,Maken-Ki! Specials,TV,,,,anime,,,AnimeAV1,https://animeav1.com/media/maken-ki-specials
animeav1-mirai-nikki-tv,Mirai Nikki (TV),TV,,,,anime,,,AnimeAV1,https://animeav1.com/media/mirai-nikki-tv
animeav1-mashiro-iro-symphony-the-color-of-lovers,Mashiro-iro Symphony: The Color of Lovers,TV,,,,anime,,,AnimeAV1,https://animeav1.com/media/mashiro-iro-symphony-the-color-of-lovers
animeav1-maken-ki,Maken-Ki!,TV,,,,anime,,,AnimeAV1,https://animeav1.com/media/maken-ki
animeav1-manyuu-hikenchou-specials,Manyuu Hikenchou Specials,TV,,,,anime,,,AnimeAV1,https://animeav1.com/media/manyuu-hikenchou-specials
animeav1-maji-de-watashi-ni-koi-shinasai,Maji de Watashi ni Koi Shinasai!,TV,,,,anime,,,AnimeAV1,https://animeav1.com/media/maji-de-watashi-ni-koi-shinasai
animeav1-mahou-sensei-negima-movie-anime-final,Mahou Sensei Negima! Movie: Anime Final,MOVIE,,2023,,anime,,,AnimeAV1,https://animeav1.com/media/mahou-sensei-negima-movie-anime-final
animeav1-manyuu-hikenchou,Manyuu Hikenchou,TV,,,,anime,,,AnimeAV1,https://animeav1.com/media/manyuu-hikenchou
animeav1-mayo-chiki,Mayo Chiki!,TV,,,,anime,,,AnimeAV1,https://animeav1.com/media/mayo-chiki
animeav1-mawaru-penguindrum,Mawaru Penguindrum,TV,,,,anime,,,AnimeAV1,https://animeav1.com/media/mawaru-penguindrum
animeav1-mariaholic-alive,Maria†Holic Alive,TV,,,,anime,,,AnimeAV1,https://animeav1.com/media/mariaholic-alive
animeav1-macross-f-movie-2-sayonara-no-tsubasa,Macross F Movie 2: Sayonara no Tsubasa,MOVIE,,,,anime,,,AnimeAV1,https://animeav1.com/media/macross-f-movie-2-sayonara-no-tsubasa
animeav1-mitsudomoe-zouryouchuu,Mitsudomoe Zouryouchuu!,TV,,,,anime,,,AnimeAV1,https://animeav1.com/media/mitsudomoe-zouryouchuu
animeav1-mahou-shoujo-madokamagica,Mahou Shoujo Madoka Magica,TV,,,,romance,,,AnimeAV1,https://animeav1.com/media/mahou-shoujo-madokamagica
animeav1-mazinkaiser-skl,Mazinkaiser SKL,OVA,,,,anime,,,AnimeAV1,https://animeav1.com/media/mazinkaiser-skl
animeav1-motto-to-love-ru,Motto To LOVE-Ru,TV,,,,anime,,,AnimeAV1,https://animeav1.com/media/motto-to-love-ru
animeav1-mm,MM!,TV,,,,anime,,,AnimeAV1,https://animeav1.com/media/mm
animeav1-mitsudomoe,Mitsudomoe,TV,,,,anime,,,AnimeAV1,https://animeav1.com/media/mitsudomoe
animeav1-mayoi-neko-overrun-specials,Mayoi Neko Overrun! Specials,TV,,,,anime,,,AnimeAV1,https://animeav1.com/media/mayoi-neko-overrun-specials
animeav1-magic-kaito,Magic Kaito,ESPECIAL,,,,fantasy,,,AnimeAV1,https://animeav1.com/media/magic-kaito
animeav1-mayoi-neko-overrun,Mayoi Neko Overrun!,TV,,,,anime,,,AnimeAV1,https://animeav1.com/media/mayoi-neko-overrun
animeav1-major-s6,Major S6,TV,,,,anime,,,AnimeAV1,https://animeav1.com/media/major-s6
animeav1-mahou-shoujo-lyrical-nanoha-the-movie-1st,Mahou Shoujo Lyrical Nanoha: The Movie 1st,MOVIE,,,,romance,,,AnimeAV1,https://animeav1.com/media/mahou-shoujo-lyrical-nanoha-the-movie-1st
animeav1-macross-f-movie-1-itsuwari-no-utahime,Macross F Movie 1: Itsuwari no Utahime,MOVIE,,,,anime,,,AnimeAV1,https://animeav1.com/media/macross-f-movie-1-itsuwari-no-utahime
animeav1-mahou-sensei-negima-mou-hitotsu-no-sekai,Mahou Sensei Negima!: Mou Hitotsu no Sekai,OVA,,2022,,anime,,,AnimeAV1,https://animeav1.com/media/mahou-sensei-negima-mou-hitotsu-no-sekai
animeav1-minami-ke-betsubara,Minami-ke Betsubara,OVA,,,,anime,,,AnimeAV1,https://animeav1.com/media/minami-ke-betsubara
animeav1-metal-fight-beyblade,Metal Fight Beyblade,TV,,,,anime,,,AnimeAV1,https://animeav1.com/media/metal-fight-beyblade
animeav1-maria-sama-ga-miteru-4th-specials,Maria-sama ga Miteru 4th Specials,TV,,,,anime,,,AnimeAV1,https://animeav1.com/media/maria-sama-ga-miteru-4th-specials
animeav1-major-s5,Major S5,TV,,,,anime,,,AnimeAV1,https://animeav1.com/media/major-s5
animeav1-minami-ke-okaeri,Minami-ke Okaeri,TV,,,,anime,,,AnimeAV1,https://animeav1.com/media/minami-ke-okaeri
animeav1-mariaholic,Maria†Holic,TV,,,,anime,,,AnimeAV1,https://animeav1.com/media/mariaholic
animeav1-maria-sama-ga-miteru-4th,Maria-sama ga Miteru 4th,TV,,,,anime,,,AnimeAV1,https://animeav1.com/media/maria-sama-ga-miteru-4th
animeav1-major-movie-yuujou-no-winning-shot,Major Movie: Yuujou no Winning Shot,MOVIE,,,,anime,,,AnimeAV1,https://animeav1.com/media/major-movie-yuujou-no-winning-shot
animeav1-michiko-to-hatchin,Michiko to Hatchin,TV,,,,anime,,,AnimeAV1,https://animeav1.com/media/michiko-to-hatchin
animeav1-mahou-sensei-negima-shiroki-tsubasa-ala-alba,Mahou Sensei Negima!: Shiroki Tsubasa Ala Alba,OVA,,2021,,anime,,,AnimeAV1,https://animeav1.com/media/mahou-sensei-negima-shiroki-tsubasa-ala-alba
animeav1-mission-e,Mission-E,TV,,,,anime,,,AnimeAV1,https://animeav1.com/media/mission-e
animeav1-macross-f,Macross F,TV,,,,anime,,,AnimeAV1,https://animeav1.com/media/macross-f
animeav1-mai-otome-0-sifr,Mai-Otome 0: S.ifr,OVA,,,,anime,,,AnimeAV1,https://animeav1.com/media/mai-otome-0-sifr
animeav1-mnemosyne-mnemosyne-no-musume-tachi,Mnemosyne: Mnemosyne no Musume-tachi,TV,,,,anime,,,AnimeAV1,https://animeav1.com/media/mnemosyne-mnemosyne-no-musume-tachi
animeav1-minami-ke-okawari,Minami-ke Okawari,TV,,,,anime,,,AnimeAV1,https://animeav1.com/media/minami-ke-okawari
animeav1-major-s4,Major S4,TV,,,,anime,,,AnimeAV1,https://animeav1.com/media/major-s4
animeav1-mahou-shoujo-tai-arusu-the-adventure,Mahou Shoujo-tai Arusu the Adventure,OVA,,,,action,,,AnimeAV1,https://animeav1.com/media/mahou-shoujo-tai-arusu-the-adventure
animeav1-minami-ke,Minami-ke,TV,,,,anime,,,AnimeAV1,https://animeav1.com/media/minami-ke
animeav1-majin-tantei-nougami-neuro,Majin Tantei Nougami Neuro,TV,,,,anime,,,AnimeAV1,https://animeav1.com/media/majin-tantei-nougami-neuro
animeav1-myself-yourself,Myself; Yourself,TV,,,,anime,,,AnimeAV1,https://animeav1.com/media/myself-yourself
animeav1-mononoke,Mononoke,TV,,,,anime,,,AnimeAV1,https://animeav1.com/media/mononoke
animeav1-moetan,Moetan,TV,,,,anime,,,AnimeAV1,https://animeav1.com/media/moetan
animeav1-mahou-shoujo-lyrical-nanoha-strikers,Mahou Shoujo Lyrical Nanoha 3 StrikerS,TV,Finished Airing,,,romance,,,AnimeAV1,https://animeav1.com/media/mahou-shoujo-lyrical-nanoha-strikers
animeav1-major-s3,Major S3,TV,,,,anime,,,AnimeAV1,https://animeav1.com/media/major-s3
animeav1-maria-sama-ga-miteru-3rd-specials,Maria-sama ga Miteru 3rd Specials,TV,,,,anime,,,AnimeAV1,https://animeav1.com/media/maria-sama-ga-miteru-3rd-specials
animeav1-maria-sama-ga-miteru-3rd,Maria-sama ga Miteru 3rd,OVA,,,,anime,,,AnimeAV1,https://animeav1.com/media/maria-sama-ga-miteru-3rd
animeav1-mai-otome-zwei,Mai-Otome Zwei,OVA,,,,anime,,,AnimeAV1,https://animeav1.com/media/mai-otome-zwei
animeav1-mai-otome-specials,Mai-Otome Specials,TV,,,,anime,,,AnimeAV1,https://animeav1.com/media/mai-otome-specials
animeav1-magikano,Magikano,TV,,,,anime,,,AnimeAV1,https://animeav1.com/media/magikano
animeav1-major-s2,Major S2,TV,,,,anime,,,AnimeAV1,https://animeav1.com/media/major-s2
animeav1-mushishi,Mushishi,TV,,,,anime,,,AnimeAV1,https://animeav1.com/media/mushishi
animeav1-mai-otome,Mai-Otome,TV,,,,anime,,,AnimeAV1,https://animeav1.com/media/mai-otome
animeav1-mahou-shoujo-lyrical-nanoha-as,Mahou Shoujo Lyrical Nanoha 2 A's,TV,,,,romance,,,AnimeAV1,https://animeav1.com/media/mahou-shoujo-lyrical-nanoha-as
animeav1-mar,MÄR,TV,,,,anime,,,AnimeAV1,https://animeav1.com/media/mar
animeav1-mahoraba-heartful-days,Mahoraba: Heartful Days,TV,,,,anime,,,AnimeAV1,https://animeav1.com/media/mahoraba-heartful-days
animeav1-mahou-sensei-negima,Mahou Sensei Negima!,TV,,2020,,anime,,,AnimeAV1,https://animeav1.com/media/mahou-sensei-negima
animeav1-major-s1,Major S1,TV,,,,anime,,,AnimeAV1,https://animeav1.com/media/major-s1
animeav1-maria-sama-ga-miteru-haru-specials,Maria-sama ga Miteru: Haru Specials,TV,,,,anime,,,AnimeAV1,https://animeav1.com/media/maria-sama-ga-miteru-haru-specials
animeav1-mahou-shoujo-lyrical-nanoha,Mahou Shoujo Lyrical Nanoha,TV,,,,romance,,,AnimeAV1,https://animeav1.com/media/mahou-shoujo-lyrical-nanoha
animeav1-mai-hime,Mai-HiME,TV,,,,anime,,,AnimeAV1,https://animeav1.com/media/mai-hime
animeav1-maria-sama-ga-miteru-haru,Maria-sama ga Miteru: Haru,TV,,,,anime,,,AnimeAV1,https://animeav1.com/media/maria-sama-ga-miteru-haru
animeav1-mahou-shoujo-tai-arusu,Mahou Shoujo-tai Arusu,TV,,,,romance,,,AnimeAV1,https://animeav1.com/media/mahou-shoujo-tai-arusu
animeav1-monster,Monster,TV,,,,anime,,,AnimeAV1,https://animeav1.com/media/monster
animeav1-midori-no-hibi,Midori no Hibi,TV,,,,anime,,,AnimeAV1,https://animeav1.com/media/midori-no-hibi
animeav1-maria-sama-ga-miteru-specials,Maria-sama ga Miteru Specials,TV,,,,anime,,,AnimeAV1,https://animeav1.com/media/maria-sama-ga-miteru-specials
animeav1-mermaid-melody-pichi-pichi-pitch-pure,Mermaid Melody Pichi Pichi Pitch Pure,TV,,,,anime,,,AnimeAV1,https://animeav1.com/media/mermaid-melody-pichi-pichi-pitch-pure
animeav1-mousou-dairinin,Mousou Dairinin,TV,,,,anime,,,AnimeAV1,https://animeav1.com/media/mousou-dairinin
animeav1-maria-sama-ga-miteru,Maria-sama ga Miteru,TV,,,,anime,,,AnimeAV1,https://animeav1.com/media/maria-sama-ga-miteru
animeav1-mezzo-dsa,Mezzo DSA,TV,,,,anime,,,AnimeAV1,https://animeav1.com/media/mezzo-dsa
animeav1-mujin-wakusei-survive,Mujin Wakusei Survive,TV,,,,anime,,,AnimeAV1,https://animeav1.com/media/mujin-wakusei-survive
animeav1-maburaho,Maburaho,TV,,,,anime,,,AnimeAV1,https://animeav1.com/media/maburaho
animeav1-mazinkaiser-shitou-ankoku-dai-shougun,Mazinkaiser: Shitou! Ankoku Dai Shougun,OVA,,,,anime,,,AnimeAV1,https://animeav1.com/media/mazinkaiser-shitou-ankoku-dai-shougun
animeav1-matantei-loki-ragnarok,Matantei Loki Ragnarok,TV,,,,anime,,,AnimeAV1,https://animeav1.com/media/matantei-loki-ragnarok
animeav1-mermaid-melody-pichi-pichi-pitch,Mermaid Melody Pichi Pichi Pitch,TV,,,,anime,,,AnimeAV1,https://animeav1.com/media/mermaid-melody-pichi-pichi-pitch
animeav1-macross-zero,Macross Zero,OVA,,,,anime,,,AnimeAV1,https://animeav1.com/media/macross-zero
animeav1-sennen-joyuu,Millennium Actress,Movie,,,,anime,,,AnimeAV1,https://animeav1.com/media/sennen-joyuu
animeav1-minipato,MiniPato,Movie,,,,anime,,,AnimeAV1,https://animeav1.com/media/minipato
animeav1-mahoromatic-automatic-maiden,Mahoromatic: Automatic Maiden,TV,,,,anime,,,AnimeAV1,https://animeav1.com/media/mahoromatic-automatic-maiden
animeav1-mazinkaiser,Mazinkaiser,OVA,,,,anime,,,AnimeAV1,https://animeav1.com/media/mazinkaiser
animeav1-maetel-legend,Maetel Legend,OVA,,,,anime,,,AnimeAV1,https://animeav1.com/media/maetel-legend
animeav1-medabots-spirits,Medabots Spirits,TV,,,,anime,,,AnimeAV1,https://animeav1.com/media/medabots-spirits
animeav1-master-keaton-ova,Master Keaton OVA,OVA,,,,anime,,,AnimeAV1,https://animeav1.com/media/master-keaton-ova
animeav1-majutsushi-orphen-revenge,Majutsushi Orphen: Revenge,TV,,,,anime,,,AnimeAV1,https://animeav1.com/media/majutsushi-orphen-revenge
animeav1-medabots,Medabots,TV,,,,anime,,,AnimeAV1,https://animeav1.com/media/medabots
animeav1-master-keaton,Master Keaton,TV,,,,anime,,,AnimeAV1,https://animeav1.com/media/master-keaton
animeav1-majutsushi-orphen,Majutsushi Orphen,TV,,,,anime,,,AnimeAV1,https://animeav1.com/media/majutsushi-orphen
animeav1-macross-dynamite-7,Macross Dynamite 7,OVA,,,,anime,,,AnimeAV1,https://animeav1.com/media/macross-dynamite-7
animeav1-mononoke-hime,Mononoke Hime,Movie,,,,anime,,,AnimeAV1,https://animeav1.com/media/mononoke-hime
animeav1-mahou-shoujo-pretty-sammy-1996,Mahou Shoujo Pretty Sammy (1996),TV,,,,romance,,,AnimeAV1,https://animeav1.com/media/mahou-shoujo-pretty-sammy-1996
animeav1-memories,Memories,Movie,,,,anime,,,AnimeAV1,https://animeav1.com/media/memories
animeav1-macross-7-encore,Macross 7 Encore,OVA,,,,anime,,,AnimeAV1,https://animeav1.com/media/macross-7-encore
animeav1-macross-plus-movie-edition,Macross Plus Movie Edition,MOVIE,,,,anime,,,AnimeAV1,https://animeav1.com/media/macross-plus-movie-edition
animeav1-macross-7-movie-ginga-ga-ore-wo-yondeiru,Macross 7 Movie: Ginga ga Ore wo Yondeiru!,MOVIE,,,,anime,,,AnimeAV1,https://animeav1.com/media/macross-7-movie-ginga-ga-ore-wo-yondeiru
animeav1-mahou-shoujo-pretty-sammy,Mahou Shoujo Pretty Sammy,OVA,,,,romance,,,AnimeAV1,https://animeav1.com/media/mahou-shoujo-pretty-sammy
animeav1-mimi-wo-sumaseba,Mimi wo Sumaseba,Movie,,,,anime,,,AnimeAV1,https://animeav1.com/media/mimi-wo-sumaseba
animeav1-magic-knight-rayearth-ii,Magic Knight Rayearth II,TV,,,,fantasy,,,AnimeAV1,https://animeav1.com/media/magic-knight-rayearth-ii
animeav1-macross-7-plus,Macross 7 Plus,TV,,,,anime,,,AnimeAV1,https://animeav1.com/media/macross-7-plus
animeav1-magic-knight-rayearth,Magic Knight Rayearth,TV,,,,fantasy,,,AnimeAV1,https://animeav1.com/media/magic-knight-rayearth
animeav1-macross-7,Macross 7,TV,,,,anime,,,AnimeAV1,https://animeav1.com/media/macross-7
animeav1-macross-plus,Macross Plus,OVA,,,,anime,,,AnimeAV1,https://animeav1.com/media/macross-plus
animeav1-macross-ii-lovers-again,Macross II: Lovers Again,OVA,,,,anime,,,AnimeAV1,https://animeav1.com/media/macross-ii-lovers-again
animeav1-maison-ikkoku-bangai-hen-ikkokujima-nanpa-shimatsuki,Maison Ikkoku: Bangai-hen - Ikkokujima Nanpa Shimatsuki,OVA,,,,anime,,,AnimeAV1,https://animeav1.com/media/maison-ikkoku-bangai-hen-ikkokujima-nanpa-shimatsuki
animeav1-mamono-hunter-youko,Mamono Hunter Youko,OVA,,,,anime,,,AnimeAV1,https://animeav1.com/media/mamono-hunter-youko
animeav1-majo-no-takkyuubin,Majo no Takkyuubin,Movie,,,,anime,,,AnimeAV1,https://animeav1.com/media/majo-no-takkyuubin
animeav1-maison-ikkoku-kanketsu-hen,Maison Ikkoku: Kanketsu-hen,Movie,,,,anime,,,AnimeAV1,https://animeav1.com/media/maison-ikkoku-kanketsu-hen
animeav1-manie-manie-meikyuu-monogatari,Manie-Manie: Meikyuu Monogatari,Movie,,,,anime,,,AnimeAV1,https://animeav1.com/media/manie-manie-meikyuu-monogatari
animeav1-macross-flash-back-2012,Macross Flash Back 2012,OVA,,2012,,anime,,,AnimeAV1,https://animeav1.com/media/macross-flash-back-2012
animeav1-maison-ikkoku,Maison Ikkoku,TV,,,,anime,,,AnimeAV1,https://animeav1.com/media/maison-ikkoku
animeav1-macross-do-you-remember-love,Macross: Do You Remember Love?,Movie,,,,anime,,,AnimeAV1,https://animeav1.com/media/macross-do-you-remember-love
animeav1-macross,Macross,TV,,,,anime,,,AnimeAV1,https://animeav1.com/media/macross
animeav1-mazinger-z,Mazinger Z,TV,,,,anime,,,AnimeAV1,https://animeav1.com/media/mazinger-z
animeav1-nijusseiki-denki-mokuroku-eureka-evrika,Nijusseiki Denki Mokuroku: Eureka Evrika,TV,,,,anime,,,AnimeAV1,https://animeav1.com/media/nijusseiki-denki-mokuroku-eureka-evrika
animeav1-neko-to-ryuu,Neko to Ryuu,TV,,,,anime,,,AnimeAV1,https://animeav1.com/media/neko-to-ryuu
animeav1-nippon-sangoku,Nippon Sangoku,TV,,,,anime,,,AnimeAV1,https://animeav1.com/media/nippon-sangoku
animeav1-niwatori-fighter,Niwatori Fighter,TV,,,,anime,,,AnimeAV1,https://animeav1.com/media/niwatori-fighter
animeav1-needy-girl-overdose,Needy Girl Overdose,TV,,,,anime,,,AnimeAV1,https://animeav1.com/media/needy-girl-overdose
animeav1-nigashita-sakana-wa-ookikatta-ga-tsuriageta-sakana-ga-ookisugita-ken,Nigashita Sakana wa Ookikatta ga Tsuriageta Sakana ga Ookisugita Ken,TV,,,,anime,,,AnimeAV1,https://animeav1.com/media/nigashita-sakana-wa-ookikatta-ga-tsuriageta-sakana-ga-ookisugita-ken
animeav1-nukitashi-the-animation-specials,Nukitashi the Animation Specials,TV,,,,anime,,,AnimeAV1,https://animeav1.com/media/nukitashi-the-animation-specials
animeav1-ninja-to-gokudou,Ninja to Gokudou,TV,,,,anime,,,AnimeAV1,https://animeav1.com/media/ninja-to-gokudou
animeav1-nageki-no-bourei-wa-intai-shitai-part-2,Nageki no Bourei wa Intai shitai Part 2,TV,,,,anime,,,AnimeAV1,https://animeav1.com/media/nageki-no-bourei-wa-intai-shitai-part-2
animeav1-nukitashi-the-animation,Nukitashi the Animation,TV,,,,anime,,,AnimeAV1,https://animeav1.com/media/nukitashi-the-animation
animeav1-new-panty-stocking-with-garterbelt,New Panty & Stocking with Garterbelt,TV,,,,anime,,,AnimeAV1,https://animeav1.com/media/new-panty-stocking-with-garterbelt
animeav1-nyaight-of-the-living-cat,Nyaight of the Living Cat,TV,,,,anime,,,AnimeAV1,https://animeav1.com/media/nyaight-of-the-living-cat
animeav1-necronomico-no-cosmic-horror-show,Necronomico no Cosmic Horror Show,TV,,,,drama,,,AnimeAV1,https://animeav1.com/media/necronomico-no-cosmic-horror-show
animeav1-ninja-to-koroshiya-no-futarigurashi,Ninja to Koroshiya no Futarigurashi,TV,,,,anime,,,AnimeAV1,https://animeav1.com/media/ninja-to-koroshiya-no-futarigurashi
animeav1-nazotoki-wa-dinner-no-ato-de,Nazotoki wa Dinner no Ato de,TV,,,,anime,,,AnimeAV1,https://animeav1.com/media/nazotoki-wa-dinner-no-ato-de
animeav1-nihon-e-youkoso-elf-san,Nihon e Youkoso Elf-san.,TV,,,,anime,,,AnimeAV1,https://animeav1.com/media/nihon-e-youkoso-elf-san
animeav1-neet-kunoichi-to-nazeka-dousei-hajimemashita,NEET Kunoichi to Nazeka Dousei Hajimemashita,TV,,,,anime,,,AnimeAV1,https://animeav1.com/media/neet-kunoichi-to-nazeka-dousei-hajimemashita
animeav1-natsume-yuujinchou-shichi,Natsume Yuujinchou Shichi,TV,,,,anime,,,AnimeAV1,https://animeav1.com/media/natsume-yuujinchou-shichi
animeav1-nanatsu-no-taizai-mokushiroku-no-yonkishi-2nd-season,Nanatsu no Taizai: Mokushiroku no Yonkishi 2nd Season,TV,,,,anime,,,AnimeAV1,https://animeav1.com/media/nanatsu-no-taizai-mokushiroku-no-yonkishi-2nd-season
animeav1-negaposi-angler,NegaPosi Angler,TV,,,,anime,,,AnimeAV1,https://animeav1.com/media/negaposi-angler
animeav1-nageki-no-bourei-wa-intai-shitai,Nageki no Bourei wa Intai shitai,TV,,,,anime,,,AnimeAV1,https://animeav1.com/media/nageki-no-bourei-wa-intai-shitai
animeav1-naze-boku-no-sekai-wo-daremo-oboeteinai-no-ka,Naze Boku no Sekai wo Daremo Oboeteinai no ka?,TV,,,,anime,,,AnimeAV1,https://animeav1.com/media/naze-boku-no-sekai-wo-daremo-oboeteinai-no-ka
animeav1-na-nare-hana-nare,Na Nare Hana Nare,TV,,,,anime,,,AnimeAV1,https://animeav1.com/media/na-nare-hana-nare
animeav1-nige-jouzu-no-wakagimi,Nige Jouzu no Wakagimi,TV,,,,anime,,,AnimeAV1,https://animeav1.com/media/nige-jouzu-no-wakagimi
animeav1-nierautomata-ver11a-part-2,NieR:Automata Ver1.1a Part 2,TV,,,,anime,,,AnimeAV1,https://animeav1.com/media/nierautomata-ver11a-part-2
animeav1-nijiyon-animation-2,Nijiyon Animation 2,TV,,,,anime,,,AnimeAV1,https://animeav1.com/media/nijiyon-animation-2
animeav1-ninja-kamui,Ninja Kamui,TV,,,,anime,,,AnimeAV1,https://animeav1.com/media/ninja-kamui
animeav1-nozomanu-fushi-no-boukensha,Nozomanu Fushi no Boukensha,TV,,,,anime,,,AnimeAV1,https://animeav1.com/media/nozomanu-fushi-no-boukensha
animeav1-nanatsu-no-taizai-mokushiroku-no-yonkishi,Nanatsu no Taizai: Mokushiroku no Yonkishi,TV,,,,anime,,,AnimeAV1,https://animeav1.com/media/nanatsu-no-taizai-mokushiroku-no-yonkishi
animeav1-nanatsu-no-taizai-ensa-no-edinburgh-part-2,Nanatsu no Taizai: Ensa no Edinburgh Part 2,ONA,,,,anime,,,AnimeAV1,https://animeav1.com/media/nanatsu-no-taizai-ensa-no-edinburgh-part-2
animeav1-nanatsu-no-maken-ga-shihai-suru,Nanatsu no Maken ga Shihai suru,TV,,,,anime,,,AnimeAV1,https://animeav1.com/media/nanatsu-no-maken-ga-shihai-suru
animeav1-niehime-to-kemono-no-ou,Niehime to Kemono no Ou,TV,,,,anime,,,AnimeAV1,https://animeav1.com/media/niehime-to-kemono-no-ou
animeav1-ningen-fushin-no-boukensha-tachi-ga-sekai-wo-sukuu-you-desu,Ningen Fushin no Boukensha-tachi ga Sekai wo Sukuu you desu,TV,,,,anime,,,AnimeAV1,https://animeav1.com/media/ningen-fushin-no-boukensha-tachi-ga-sekai-wo-sukuu-you-desu
animeav1-nierautomata-ver11a,NieR:Automata Ver1.1a,TV,,,,anime,,,AnimeAV1,https://animeav1.com/media/nierautomata-ver11a
animeav1-nanatsu-no-taizai-ensa-no-edinburgh,Nanatsu no Taizai: Ensa no Edinburgh,ONA,,,,anime,,,AnimeAV1,https://animeav1.com/media/nanatsu-no-taizai-ensa-no-edinburgh
animeav1-noumin-kanren-no-skill-bakka-agetetara-nazeka-tsuyoku-natta,Noumin Kanren no Skill bakka Agetetara Nazeka Tsuyoku Natta.,TV,,,,anime,,,AnimeAV1,https://animeav1.com/media/noumin-kanren-no-skill-bakka-agetetara-nazeka-tsuyoku-natta
animeav1-natsu-e-no-tunnel-sayonara-no-deguchi,"Natsu e no Tunnel, Sayonara no Deguchi",Movie,,,,anime,,,AnimeAV1,https://animeav1.com/media/natsu-e-no-tunnel-sayonara-no-deguchi
animeav1-shin-tennis-no-oujisama-u-17-world-cup-1,New Prince of Tennis II: U-17 World Cup,TV,,,,anime,,,AnimeAV1,https://animeav1.com/media/shin-tennis-no-oujisama-u-17-world-cup-1
animeav1-night-head-2041,Night Head 2041,TV,,,,anime,,,AnimeAV1,https://animeav1.com/media/night-head-2041
animeav1-nanatsu-no-taizai-movie-2-hikari-ni-norowareshi-mono-tachi,Nanatsu no Taizai Movie 2: Hikari ni Norowareshi Mono-tachi,MOVIE,,,,anime,,,AnimeAV1,https://animeav1.com/media/nanatsu-no-taizai-movie-2-hikari-ni-norowareshi-mono-tachi
animeav1-nomad-megalo-box-2,Nomad: Megalo Box 2,TV,,,,anime,,,AnimeAV1,https://animeav1.com/media/nomad-megalo-box-2
animeav1-nanatsu-no-taizai-funnu-no-shinpan,Nanatsu no Taizai: Funnu no Shinpan,TV,,,,anime,,,AnimeAV1,https://animeav1.com/media/nanatsu-no-taizai-funnu-no-shinpan
animeav1-non-non-biyori-nonstop,Non Non Biyori Nonstop,TV,,,,anime,,,AnimeAV1,https://animeav1.com/media/non-non-biyori-nonstop
animeav1-noblesse,Noblesse,TV,,,,anime,,,AnimeAV1,https://animeav1.com/media/noblesse
animeav1-no-guns-life-2nd-season,No Guns Life 2nd Season,TV,,,,anime,,,AnimeAV1,https://animeav1.com/media/no-guns-life-2nd-season
animeav1-nihon-chinbotsu-2020,Nihon Chinbotsu 2020,ONA,,2020,,anime,,,AnimeAV1,https://animeav1.com/media/nihon-chinbotsu-2020
animeav1-nakitai-watashi-wa-neko-wo-kaburu,Nakitai Watashi wa Neko wo Kaburu,ONA,,,,anime,,,AnimeAV1,https://animeav1.com/media/nakitai-watashi-wa-neko-wo-kaburu
animeav1-nekopara,Nekopara,TV,,,,anime,,,AnimeAV1,https://animeav1.com/media/nekopara
animeav1-nande-koko-ni-sensei-ga-nande-koko-ni-sensei-tachi-ga,Nande Koko ni Sensei ga!? Nande Koko ni Sensei-tachi ga!?,TV,,,,anime,,,AnimeAV1,https://animeav1.com/media/nande-koko-ni-sensei-ga-nande-koko-ni-sensei-tachi-ga
animeav1-no-guns-life,No Guns Life,TV,,,,anime,,,AnimeAV1,https://animeav1.com/media/no-guns-life
animeav1-nanatsu-no-taizai-kamigami-no-gekirin,Nanatsu no Taizai: Kamigami no Gekirin,TV,,,,anime,,,AnimeAV1,https://animeav1.com/media/nanatsu-no-taizai-kamigami-no-gekirin
animeav1-nande-koko-ni-sensei-ga,Nande Koko ni Sensei ga!?,TV,,,,anime,,,AnimeAV1,https://animeav1.com/media/nande-koko-ni-sensei-ga
animeav1-nobunaga-sensei-no-osanazuma,Nobunaga-sensei no Osanazuma,TV,,,,anime,,,AnimeAV1,https://animeav1.com/media/nobunaga-sensei-no-osanazuma
animeav1-natsume-yuujinchou-movie-utsusemi-ni-musubu,Natsume Yuujinchou Movie: Utsusemi ni Musubu,MOVIE,,,,anime,,,AnimeAV1,https://animeav1.com/media/natsume-yuujinchou-movie-utsusemi-ni-musubu
animeav1-non-non-biyori-movie-vacation,Non Non Biyori Movie: Vacation,MOVIE,,,,anime,,,AnimeAV1,https://animeav1.com/media/non-non-biyori-movie-vacation
animeav1-nanatsu-no-taizai-movie-1-tenkuu-no-torawarebito,Nanatsu no Taizai Movie 1: Tenkuu no Torawarebito,MOVIE,,,,anime,,,AnimeAV1,https://animeav1.com/media/nanatsu-no-taizai-movie-1-tenkuu-no-torawarebito
animeav1-nanatsu-no-taizai-imashime-no-fukkatsu,Nanatsu no Taizai: Imashime no Fukkatsu,TV,,,,anime,,,AnimeAV1,https://animeav1.com/media/nanatsu-no-taizai-imashime-no-fukkatsu
animeav1-nekopara-ova,Nekopara OVA,OVA,,,,anime,,,AnimeAV1,https://animeav1.com/media/nekopara-ova
animeav1-net-juu-no-susume-special,Net-juu no Susume Special,SPECIAL,,,,anime,,,AnimeAV1,https://animeav1.com/media/net-juu-no-susume-special
animeav1-net-juu-no-susume,Net-juu no Susume,TV,,,,anime,,,AnimeAV1,https://animeav1.com/media/net-juu-no-susume
animeav1-natsume-yuujinchou-roku-specials,Natsume Yuujinchou Roku Specials,TV,,,,anime,,,AnimeAV1,https://animeav1.com/media/natsume-yuujinchou-roku-specials
animeav1-no-game-no-life-zero,No Game No Life: Zero,Movie,,,,anime,,,AnimeAV1,https://animeav1.com/media/no-game-no-life-zero
animeav1-new-game-s2,New Game!!,TV,,,,anime,,,AnimeAV1,https://animeav1.com/media/new-game-s2
animeav1-netsuzou-trap,Netsuzou TRap,TV,,,,anime,,,AnimeAV1,https://animeav1.com/media/netsuzou-trap
animeav1-new-game-watashi-shain-ryokou-tte-hajimete-nanode,"New Game! Watashi, Shain Ryokou tte Hajimete nanode...",OVA,,,,anime,,,AnimeAV1,https://animeav1.com/media/new-game-watashi-shain-ryokou-tte-hajimete-nanode
animeav1-nanbaka-shusseki-bangou-no-tsuita-baka-tachi,Nanbaka: Shusseki Bangou no Tsuita Baka-tachi!,TV,,,,anime,,,AnimeAV1,https://animeav1.com/media/nanbaka-shusseki-bangou-no-tsuita-baka-tachi
animeav1-natsume-yuujinchou-roku,Natsume Yuujinchou Roku,TV,,,,anime,,,AnimeAV1,https://animeav1.com/media/natsume-yuujinchou-roku
animeav1-natsume-yuujinchou-go-specials,Natsume Yuujinchou Go Specials,TV,,,,anime,,,AnimeAV1,https://animeav1.com/media/natsume-yuujinchou-go-specials
animeav1-nanbaka-2,Nanbaka 2,ONA,,,,anime,,,AnimeAV1,https://animeav1.com/media/nanbaka-2
animeav1-nanbaka,Nanbaka,TV,,,,anime,,,AnimeAV1,https://animeav1.com/media/nanbaka
animeav1-natsume-yuujinchou-go,Natsume Yuujinchou Go,TV,,,,anime,,,AnimeAV1,https://animeav1.com/media/natsume-yuujinchou-go
animeav1-nanatsu-no-taizai-seisen-no-shirushi,Nanatsu no Taizai: Seisen no Shirushi,TV,,,,anime,,,AnimeAV1,https://animeav1.com/media/nanatsu-no-taizai-seisen-no-shirushi
animeav1-nejimaki-seirei-senki-tenkyou-no-alderamin,Nejimaki Seirei Senki: Tenkyou no Alderamin,TV,,,,anime,,,AnimeAV1,https://animeav1.com/media/nejimaki-seirei-senki-tenkyou-no-alderamin
animeav1-new-game-s1,New Game!,TV,,,,anime,,,AnimeAV1,https://animeav1.com/media/new-game-s1
animeav1-netoge-no-yome-wa-onnanoko-ja-nai-to-omotta,Netoge no Yome wa Onnanoko ja Nai to Omotta?,TV,,,,anime,,,AnimeAV1,https://animeav1.com/media/netoge-no-yome-wa-onnanoko-ja-nai-to-omotta
animeav1-new-initial-d-movie-legend-3-mugen,New Initial D Movie: Legend 3 - Mugen,MOVIE,,,,anime,,,AnimeAV1,https://animeav1.com/media/new-initial-d-movie-legend-3-mugen
animeav1-noblesse-awakening,Noblesse: Awakening,ONA,,,,anime,,,AnimeAV1,https://animeav1.com/media/noblesse-awakening
animeav1-nurse-witch-komugi-chan-r,Nurse Witch Komugi-chan R,TV,,,,anime,,,AnimeAV1,https://animeav1.com/media/nurse-witch-komugi-chan-r
animeav1-noblesse-pamyeol-ui-sijak,Noblesse: Pamyeol-ui Sijak,OVA,,,,anime,,,AnimeAV1,https://animeav1.com/media/noblesse-pamyeol-ui-sijak
animeav1-nagato-yuki-chan-no-shoushitsu-owarenai-natsuyasumi,Nagato Yuki-chan no Shoushitsu OVA,OVA,,,,anime,,,AnimeAV1,https://animeav1.com/media/nagato-yuki-chan-no-shoushitsu-owarenai-natsuyasumi
animeav1-noragami-aragoto,Noragami Aragoto,TV,,,,anime,,,AnimeAV1,https://animeav1.com/media/noragami-aragoto
animeav1-non-non-biyori-repeat,Non Non Biyori Repeat,TV,,,,anime,,,AnimeAV1,https://animeav1.com/media/non-non-biyori-repeat
animeav1-nanatsu-no-taizai-ova,Nanatsu no Taizai OVA,OVA,,,,anime,,,AnimeAV1,https://animeav1.com/media/nanatsu-no-taizai-ova
animeav1-new-initial-d-movie-legend-2-tousou,New Initial D Movie: Legend 2 - Tousou,MOVIE,,,,anime,,,AnimeAV1,https://animeav1.com/media/new-initial-d-movie-legend-2-tousou
animeav1-nisekoi-s2,Nisekoi 2,TV,,,,anime,,,AnimeAV1,https://animeav1.com/media/nisekoi-s2
animeav1-nagato-yuki-chan-no-shoushitsu,Nagato Yuki-chan no Shoushitsu,TV,,,,anime,,,AnimeAV1,https://animeav1.com/media/nagato-yuki-chan-no-shoushitsu
animeav1-shin-tennis-no-oujisama-vs-genius-10,New Prince of Tennis OVA vs Genius10,OVA,,,,anime,,,AnimeAV1,https://animeav1.com/media/shin-tennis-no-oujisama-vs-genius-10
animeav1-nanatsu-no-taizai,Nanatsu no Taizai,TV,,,,anime,,,AnimeAV1,https://animeav1.com/media/nanatsu-no-taizai
animeav1-nisekoi-ova,Nisekoi OVA,OVA,,,,anime,,,AnimeAV1,https://animeav1.com/media/nisekoi-ova
animeav1-new-initial-d-movie-legend-1-kakusei,New Initial D Movie: Legend 1 - Kakusei,MOVIE,,,,anime,,,AnimeAV1,https://animeav1.com/media/new-initial-d-movie-legend-1-kakusei
animeav1-nozo-x-kimi,Nozo x Kimi,OVA,,,,anime,,,AnimeAV1,https://animeav1.com/media/nozo-x-kimi
animeav1-no-game-no-life-specials,No Game No Life Specials,TV,,,,anime,,,AnimeAV1,https://animeav1.com/media/no-game-no-life-specials
animeav1-no-game-no-life,No Game No Life,TV,,,,anime,,,AnimeAV1,https://animeav1.com/media/no-game-no-life
animeav1-natsume-yuujinchou-itsuka-yuki-no-hi-ni,Natsume Yuujinchou: Itsuka Yuki no Hi ni,OVA,,,,anime,,,AnimeAV1,https://animeav1.com/media/natsume-yuujinchou-itsuka-yuki-no-hi-ni
animeav1-nourin,Nourin,TV,,,,anime,,,AnimeAV1,https://animeav1.com/media/nourin
animeav1-nisekoi-s1,Nisekoi,TV,,,,anime,,,AnimeAV1,https://animeav1.com/media/nisekoi-s1
animeav1-noragami,Noragami,TV,,,,anime,,,AnimeAV1,https://animeav1.com/media/noragami
animeav1-natsume-yuujinchou-nyanko-sensei-to-hajimete-no-otsukai,Natsume Yuujinchou: Nyanko-sensei to Hajimete no Otsukai,TV,,,,anime,,,AnimeAV1,https://animeav1.com/media/natsume-yuujinchou-nyanko-sensei-to-hajimete-no-otsukai
animeav1-ore-no-nounai-sentakushi-ga-gakuen-love-comedy-wo-zenryoku-de-jama-shiteiru,Noucome,TV,,,,comedy,,,AnimeAV1,https://animeav1.com/media/ore-no-nounai-sentakushi-ga-gakuen-love-comedy-wo-zenryoku-de-jama-shiteiru
animeav1-non-non-biyori,Non Non Biyori,TV,,,,anime,,,AnimeAV1,https://animeav1.com/media/non-non-biyori
animeav1-naruto-shippuuden-sunny-side-battle,Naruto: Shippuuden - Sunny Side Battle,TV,,,,anime,,,AnimeAV1,https://animeav1.com/media/naruto-shippuuden-sunny-side-battle
animeav1-nagi-no-asu-kara,Nagi no Asu kara,TV,,,,anime,,,AnimeAV1,https://animeav1.com/media/nagi-no-asu-kara
animeav1-namiuchigiwa-no-muromi-san,Namiuchigiwa no Muromi-san,TV,,,,anime,,,AnimeAV1,https://animeav1.com/media/namiuchigiwa-no-muromi-san
animeav1-nozoki-ana,Nozoki Ana,OVA,,,,anime,,,AnimeAV1,https://animeav1.com/media/nozoki-ana
animeav1-nekomonogatari-kuro,Nekomonogatari: Kuro,ESPECIAL,,,,anime,,,AnimeAV1,https://animeav1.com/media/nekomonogatari-kuro
animeav1-nerawareta-gakuen,Nerawareta Gakuen,Movie,,,,anime,,,AnimeAV1,https://animeav1.com/media/nerawareta-gakuen
animeav1-nazo-no-kanojo-x-nazo-no-natsu-matsuri,Nazo no Kanojo X: Nazo no Natsu Matsuri,OVA,,,,anime,,,AnimeAV1,https://animeav1.com/media/nazo-no-kanojo-x-nazo-no-natsu-matsuri
animeav1-nogizaka-haruka-no-himitsu-finale,Nogizaka Haruka no Himitsu Finale ♪,OVA,,,,anime,,,AnimeAV1,https://animeav1.com/media/nogizaka-haruka-no-himitsu-finale
animeav1-naruto-shippuuden-movie-6-road-to-ninja,Naruto: Shippuuden Movie 6 - Road to Ninja,MOVIE,,,,anime,,,AnimeAV1,https://animeav1.com/media/naruto-shippuuden-movie-6-road-to-ninja
animeav1-natsuyuki-rendezvous,Natsuyuki Rendezvous,TV,,,,anime,,,AnimeAV1,https://animeav1.com/media/natsuyuki-rendezvous
animeav1-nazo-no-kanojo-x,Nazo no Kanojo X,TV,,,,anime,,,AnimeAV1,https://animeav1.com/media/nazo-no-kanojo-x
animeav1-naruto-sd-rock-lee-no-seishun-full-power-ninden,Naruto SD: Rock Lee no Seishun Full-Power Ninden,TV,,,,anime,,,AnimeAV1,https://animeav1.com/media/naruto-sd-rock-lee-no-seishun-full-power-ninden
animeav1-nisemonogatari,Nisemonogatari,TV,,,,anime,,,AnimeAV1,https://animeav1.com/media/nisemonogatari
animeav1-shin-tennis-no-oujisama-11,New Prince of Tennis,TV,,,,anime,,,AnimeAV1,https://animeav1.com/media/shin-tennis-no-oujisama-11
animeav1-natsume-yuujinchou-shi,Natsume Yuujinchou Shi,TV,,,,anime,,,AnimeAV1,https://animeav1.com/media/natsume-yuujinchou-shi
animeav1-nurarihyon-no-mago-sennen-makyou-recaps,Nurarihyon no Mago: Sennen Makyou Recaps,ESPECIAL,,,,anime,,,AnimeAV1,https://animeav1.com/media/nurarihyon-no-mago-sennen-makyou-recaps
animeav1-naruto-shippuuden-movie-5-blood-prison,Naruto: Shippuuden Movie 5 - Blood Prison,MOVIE,,,,anime,,,AnimeAV1,https://animeav1.com/media/naruto-shippuuden-movie-5-blood-prison
animeav1-naruto-honoo-no-chuunin-shiken-naruto-vs-konohamaru,Naruto: Honoo no Chuunin Shiken! Naruto vs. Konohamaru!!,Movie,,,,anime,,,AnimeAV1,https://animeav1.com/media/naruto-honoo-no-chuunin-shiken-naruto-vs-konohamaru
animeav1-no6,No.6,TV,,,,anime,,,AnimeAV1,https://animeav1.com/media/no6
animeav1-natsume-yuujinchou-san,Natsume Yuujinchou San,TV,,,,anime,,,AnimeAV1,https://animeav1.com/media/natsume-yuujinchou-san
animeav1-nurarihyon-no-mago-sennen-makyou,Nurarihyon no Mago: Sennen Makyou,TV,,,,anime,,,AnimeAV1,https://animeav1.com/media/nurarihyon-no-mago-sennen-makyou
animeav1-nichijou,Nichijou,TV,,,,anime,,,AnimeAV1,https://animeav1.com/media/nichijou
animeav1-nana-to-kaoru,Nana to Kaoru,OVA,,,,anime,,,AnimeAV1,https://animeav1.com/media/nana-to-kaoru
animeav1-nichijou-nichijou-no-0-wa,Nichijou: Nichijou no 0-wa,OVA,,,,anime,,,AnimeAV1,https://animeav1.com/media/nichijou-nichijou-no-0-wa
animeav1-nurarihyon-no-mago-recaps,Nurarihyon no Mago Recaps,ESPECIAL,,,,anime,,,AnimeAV1,https://animeav1.com/media/nurarihyon-no-mago-recaps
animeav1-naruto-shippuuden-movie-4-the-lost-tower,Naruto: Shippuuden Movie 4 - The Lost Tower,MOVIE,,,,anime,,,AnimeAV1,https://animeav1.com/media/naruto-shippuuden-movie-4-the-lost-tower
animeav1-nurarihyon-no-mago,Nurarihyon no Mago,TV,,,,anime,,,AnimeAV1,https://animeav1.com/media/nurarihyon-no-mago
animeav1-nodame-cantabile-finale-ova,Nodame Cantabile Finale OVA,OVA,,,,anime,,,AnimeAV1,https://animeav1.com/media/nodame-cantabile-finale-ova
animeav1-nodame-cantabile-finale-mine-to-kiyora-no-saikai,Nodame Cantabile: Finale - Mine to Kiyora no Saikai,TV,,,,anime,,,AnimeAV1,https://animeav1.com/media/nodame-cantabile-finale-mine-to-kiyora-no-saikai
animeav1-nodame-cantabile-finale,Nodame Cantabile Finale,TV,,,,anime,,,AnimeAV1,https://animeav1.com/media/nodame-cantabile-finale
animeav1-nogizaka-haruka-no-himitsu-purezza,Nogizaka Haruka no Himitsu Purezza ♪,TV,,,,anime,,,AnimeAV1,https://animeav1.com/media/nogizaka-haruka-no-himitsu-purezza
animeav1-natsu-no-arashi-akinaichuu,Natsu no Arashi! Akinaichuu,TV,,,,anime,,,AnimeAV1,https://animeav1.com/media/natsu-no-arashi-akinaichuu
animeav1-nyan-koi,Nyan Koi!,TV,,,,anime,,,AnimeAV1,https://animeav1.com/media/nyan-koi
animeav1-naruto-shippuuden-movie-3-hi-no-ishi-wo-tsugu-mono,Naruto: Shippuuden Movie 3 - Hi no Ishi wo Tsugu Mono,MOVIE,,,,anime,,,AnimeAV1,https://animeav1.com/media/naruto-shippuuden-movie-3-hi-no-ishi-wo-tsugu-mono
animeav1-needless,Needless,TV,,,,anime,,,AnimeAV1,https://animeav1.com/media/needless
animeav1-natsu-no-arashi,Natsu no Arashi!,TV,,,,anime,,,AnimeAV1,https://animeav1.com/media/natsu-no-arashi
animeav1-nodame-cantabile-paris-hen,Nodame Cantabile: Paris-hen,TV,,,,anime,,,AnimeAV1,https://animeav1.com/media/nodame-cantabile-paris-hen
animeav1-naruto-shippuuden-movie-2-kizuna,Naruto: Shippuuden Movie 2 - Kizuna,MOVIE,,,,anime,,,AnimeAV1,https://animeav1.com/media/naruto-shippuuden-movie-2-kizuna
animeav1-nogizaka-haruka-no-himitsu,Nogizaka Haruka no Himitsu,TV,,,,anime,,,AnimeAV1,https://animeav1.com/media/nogizaka-haruka-no-himitsu
animeav1-natsume-yuujinchou,Natsume Yuujinchou,TV,,,,anime,,,AnimeAV1,https://animeav1.com/media/natsume-yuujinchou
animeav1-naruto-shippuuden-movie-1,Naruto: Shippuuden Movie 1,MOVIE,,,,anime,,,AnimeAV1,https://animeav1.com/media/naruto-shippuuden-movie-1
animeav1-nagasarete-airantou,Nagasarete Airantou,TV,,,,anime,,,AnimeAV1,https://animeav1.com/media/nagasarete-airantou
animeav1-naruto-shippuuden,Naruto Shippuden,TV,,,,anime,,,AnimeAV1,https://animeav1.com/media/naruto-shippuuden
animeav1-nodame-cantabile,Nodame Cantabile,TV,,,,anime,,,AnimeAV1,https://animeav1.com/media/nodame-cantabile
animeav1-negima,Negima!?,TV,,2024,,anime,,,AnimeAV1,https://animeav1.com/media/negima
animeav1-night-head-genesis,Night Head Genesis,TV,,,,anime,,,AnimeAV1,https://animeav1.com/media/night-head-genesis
animeav1-nhk-ni-youkoso,NHK ni Youkoso!,TV,,,,anime,,,AnimeAV1,https://animeav1.com/media/nhk-ni-youkoso
animeav1-nana-recaps,NANA Recaps,ESPECIAL,,,,anime,,,AnimeAV1,https://animeav1.com/media/nana-recaps
animeav1-nana,NANA,TV,,,,anime,,,AnimeAV1,https://animeav1.com/media/nana
animeav1-noein-mou-hitori-no-kimi-e,Noein: Mou Hitori no Kimi e,TV,,,,anime,,,AnimeAV1,https://animeav1.com/media/noein-mou-hitori-no-kimi-e
animeav1-nurse-witch-komugi-chan-magikarte-z,Nurse Witch Komugi-chan Magikarte Z,OVA,,,,anime,,,AnimeAV1,https://animeav1.com/media/nurse-witch-komugi-chan-magikarte-z
animeav1-naruto-dai-katsugeki-yuki-hime-ninpouchou-dattebayo-konoha-no-sato-no-dai-undoukai,Naruto: Dai Katsugeki!! Yuki Hime Ninpouchou Dattebayo! - Konoha no Sato no Dai Undoukai,TV,,,,anime,,,AnimeAV1,https://animeav1.com/media/naruto-dai-katsugeki-yuki-hime-ninpouchou-dattebayo-konoha-no-sato-no-dai-undoukai
animeav1-naruto-movie-1-dai-katsugeki-yuki-hime-ninpouchou-dattebayo,Naruto Movie 1: Dai Katsugeki!! Yuki Hime Ninpouchou Dattebayo!,MOVIE,,,,anime,,,AnimeAV1,https://animeav1.com/media/naruto-movie-1-dai-katsugeki-yuki-hime-ninpouchou-dattebayo
animeav1-narutaru-mukuro-naru-hoshi-tama-taru-ko,Narutaru: Mukuro Naru Hoshi Tama Taru Ko,TV,,,,anime,,,AnimeAV1,https://animeav1.com/media/narutaru-mukuro-naru-hoshi-tama-taru-ko
animeav1-nurse-witch-komugi-chan-magikarte-special,Nurse Witch Komugi-chan Magikarte Special,SPECIAL,,,,anime,,,AnimeAV1,https://animeav1.com/media/nurse-witch-komugi-chan-magikarte-special
animeav1-naruto,Naruto,TV,,,,anime,,,AnimeAV1,https://animeav1.com/media/naruto
animeav1-nurse-witch-komugi-chan-magikarte,Nurse Witch Komugi-chan Magikarte,OVA,,,,anime,,,AnimeAV1,https://animeav1.com/media/nurse-witch-komugi-chan-magikarte
animeav1-neko-no-ongaeshi,Neko no Ongaeshi,Movie,,,,anime,,,AnimeAV1,https://animeav1.com/media/neko-no-ongaeshi
animeav1-najica-dengeki-sakusen,Najica Dengeki Sakusen,TV,,,,anime,,,AnimeAV1,https://animeav1.com/media/najica-dengeki-sakusen
animeav1-noir,Noir,TV,,,,anime,,,AnimeAV1,https://animeav1.com/media/noir
animeav1-niea-under-7,NieA Under 7,TV,,,,anime,,,AnimeAV1,https://animeav1.com/media/niea-under-7
animeav1-nanako-kaitai-shinsho,Nanako Kaitai Shinsho,OVA,,,,anime,,,AnimeAV1,https://animeav1.com/media/nanako-kaitai-shinsho
animeav1-night-walker-mayonaka-no-tantei,Night Walker: Mayonaka no Tantei,TV,,,,anime,,,AnimeAV1,https://animeav1.com/media/night-walker-mayonaka-no-tantei
animeav1-neo-ranga,Neo Ranga,TV,,,,anime,,,AnimeAV1,https://animeav1.com/media/neo-ranga
animeav1-oni-no-hanayome,Oni no Hanayome,TV,,,,anime,,,AnimeAV1,https://animeav1.com/media/oni-no-hanayome
animeav1-one-piece-heroines,One Piece: Heroines,ESPECIAL,,,,anime,,,AnimeAV1,https://animeav1.com/media/one-piece-heroines
animeav1-otome-kaijuu-carameliser,Otome Kaijuu Caraméliser,TV,,,,anime,,,AnimeAV1,https://animeav1.com/media/otome-kaijuu-carameliser
animeav1-otaku-ni-yasashii-gal-wa-inai,Otaku ni Yasashii Gal wa Inai!?,TV,,,,anime,,,AnimeAV1,https://animeav1.com/media/otaku-ni-yasashii-gal-wa-inai
animeav1-otonari-no-tenshi-sama-ni-itsunomanika-dame-ningen-ni-sareteita-ken-2,Otonari no Tenshi-sama ni Itsunomanika Dame Ningen ni Sareteita Ken 2,TV,,,,anime,,,AnimeAV1,https://animeav1.com/media/otonari-no-tenshi-sama-ni-itsunomanika-dame-ningen-ni-sareteita-ken-2
animeav1-okiraku-ryoushu-no-tanoshii-ryouchi-bouei-seisankei-majutsu-de-na-mo-naki-mura-wo-saikyou-no-jousai-toshi-ni,Okiraku Ryoushu no Tanoshii Ryouchi Bouei: Seisankei Majutsu de Na mo Naki Mura wo Saikyou no Jousai Toshi ni,TV,,,,anime,,,AnimeAV1,https://animeav1.com/media/okiraku-ryoushu-no-tanoshii-ryouchi-bouei-seisankei-majutsu-de-na-mo-naki-mura-wo-saikyou-no-jousai-toshi-ni
animeav1-odayaka-kizoku-no-kyuuka-no-susume,Odayaka Kizoku no Kyuuka no Susume.,TV,,,,anime,,,AnimeAV1,https://animeav1.com/media/odayaka-kizoku-no-kyuuka-no-susume
animeav1-osananajimi-to-wa-love-comedy-ni-naranai,Osananajimi to wa Love Comedy ni Naranai,TV,,,,comedy,,,AnimeAV1,https://animeav1.com/media/osananajimi-to-wa-love-comedy-ni-naranai
animeav1-one-punch-man-3,One Punch Man 3,TV,,,,anime,,,AnimeAV1,https://animeav1.com/media/one-punch-man-3
animeav1-osomatsu-san-4th-season,Osomatsu-san 4th Season,TV,,,,anime,,,AnimeAV1,https://animeav1.com/media/osomatsu-san-4th-season
animeav1-onmyou-kaiten-rebirth,Onmyou Kaiten Re:Birth,TV,,,,anime,,,AnimeAV1,https://animeav1.com/media/onmyou-kaiten-rebirth
animeav1-ore-wa-seikan-kokka-no-akutoku-ryoushu,Ore wa Seikan Kokka no Akutoku Ryoushu!,TV,,,,anime,,,AnimeAV1,https://animeav1.com/media/ore-wa-seikan-kokka-no-akutoku-ryoushu
animeav1-ore-dake-level-up-na-ken-season-2,Ore dake Level Up na Ken Season 2: Arise from the Shadow,TV,,,,anime,,,AnimeAV1,https://animeav1.com/media/ore-dake-level-up-na-ken-season-2
animeav1-okitsura,Okinawa de Suki ni Natta Ko ga Hougen Sugite Tsurasugiru,TV,,,,anime,,,AnimeAV1,https://animeav1.com/media/okitsura
animeav1-one-piece-gyojin-tou-hen,One Piece: Gyojin Tou-hen,TV,,,,anime,,,AnimeAV1,https://animeav1.com/media/one-piece-gyojin-tou-hen
animeav1-one-piece-fan-letter,One Piece Fan Letter,ESPECIAL,,,,anime,,,AnimeAV1,https://animeav1.com/media/one-piece-fan-letter
animeav1-overlord-movie-3-sei-oukoku-hen,Overlord Movie 3: Sei Oukoku-hen,MOVIE,,,,anime,,,AnimeAV1,https://animeav1.com/media/overlord-movie-3-sei-oukoku-hen
animeav1-ore-wa-subete-wo-parry-suru,"Ore wa Subete wo ""Parry"" suru: Gyaku Kanchigai no Sekai Saikyou wa Boukensha ni Naritai",TV,,,,anime,,,AnimeAV1,https://animeav1.com/media/ore-wa-subete-wo-parry-suru
animeav1-oomuro-ke-dear-friends,Oomuro-ke: Dear Friends,Movie,,,,anime,,,AnimeAV1,https://animeav1.com/media/oomuro-ke-dear-friends
animeav1-one-room-hiatari-futsuu-tenshi-tsuki,"One Room, Hiatari Futsuu, Tenshi-tsuki.",TV,,,,anime,,,AnimeAV1,https://animeav1.com/media/one-room-hiatari-futsuu-tenshi-tsuki
animeav1-ookami-to-koushinryou-merchant-meets-the-wise-wolf,Ookami to Koushinryou: Merchant Meets the Wise Wolf,TV,,,,anime,,,AnimeAV1,https://animeav1.com/media/ookami-to-koushinryou-merchant-meets-the-wise-wolf
animeav1-oomuro-ke-dear-sisters,Oomuro-ke: Dear Sisters,Movie,,,,anime,,,AnimeAV1,https://animeav1.com/media/oomuro-ke-dear-sisters
animeav1-oroka-na-tenshi-wa-akuma-to-odoru,Oroka na Tenshi wa Akuma to Odoru,TV,,,,anime,,,AnimeAV1,https://animeav1.com/media/oroka-na-tenshi-wa-akuma-to-odoru
animeav1-ore-dake-level-up-na-ken,Ore dake Level Up na Ken,TV,,,,anime,,,AnimeAV1,https://animeav1.com/media/ore-dake-level-up-na-ken
animeav1-otome-game-no-hametsu-flag-shika-nai-akuyaku-reijou-ni-tensei-shiteshimatta-movie,Otome Game no Hametsu Flag shika Nai Akuyaku Reijou ni Tensei shiteshimatta... Movie,MOVIE,,,,anime,,,AnimeAV1,https://animeav1.com/media/otome-game-no-hametsu-flag-shika-nai-akuyaku-reijou-ni-tensei-shiteshimatta-movie
animeav1-ooyukiumi-no-kaina-hoshi-no-kenja,Ooyukiumi no Kaina: Hoshi no Kenja,Movie,,,,anime,,,AnimeAV1,https://animeav1.com/media/ooyukiumi-no-kaina-hoshi-no-kenja
animeav1-ojou-to-banken-kun,Ojou to Banken-kun,TV,,,,anime,,,AnimeAV1,https://animeav1.com/media/ojou-to-banken-kun
animeav1-okashi-na-tensei,Okashi na Tensei,TV,,,,anime,,,AnimeAV1,https://animeav1.com/media/okashi-na-tensei
animeav1-ousama-ranking-yuuki-no-takarabako,Ousama Ranking: Yuuki no Takarabako,TV,,,,anime,,,AnimeAV1,https://animeav1.com/media/ousama-ranking-yuuki-no-takarabako
animeav1-otonari-ni-ginga,Otonari ni Ginga,TV,,,,anime,,,AnimeAV1,https://animeav1.com/media/otonari-ni-ginga
animeav1-ooyukiumi-no-kaina,Ooyukiumi no Kaina,TV,,,,anime,,,AnimeAV1,https://animeav1.com/media/ooyukiumi-no-kaina
animeav1-otonari-no-tenshi-sama-ni-itsunomanika-dame-ningen-ni-sareteita-ken,Otonari no Tenshi-sama ni Itsunomanika Dame Ningen ni Sareteita Ken,TV,,,,anime,,,AnimeAV1,https://animeav1.com/media/otonari-no-tenshi-sama-ni-itsunomanika-dame-ningen-ni-sareteita-ken
animeav1-oniichan-wa-oshimai,Oniichan wa Oshimai!,TV,,,,anime,,,AnimeAV1,https://animeav1.com/media/oniichan-wa-oshimai
animeav1-oemojisangjuui,Oemojisangjuui,ONA,,,,anime,,,AnimeAV1,https://animeav1.com/media/oemojisangjuui
animeav1-one-piece-film-red,One Piece Film: Red,Movie,,,,anime,,,AnimeAV1,https://animeav1.com/media/one-piece-film-red
animeav1-orient-awajishima-gekitou-hen,Orient: Awajishima Gekitou-hen,TV,,,,anime,,,AnimeAV1,https://animeav1.com/media/orient-awajishima-gekitou-hen
animeav1-overlord-iv,Overlord IV,TV,,,,anime,,,AnimeAV1,https://animeav1.com/media/overlord-iv
animeav1-otome-game-sekai-wa-mob-ni-kibishii-sekai-desu,Otome Game Sekai wa Mob ni Kibishii Sekai desu,TV,,,,anime,,,AnimeAV1,https://animeav1.com/media/otome-game-sekai-wa-mob-ni-kibishii-sekai-desu
animeav1-odd-taxi-movie-in-the-woods,Odd Taxi Movie: In the Woods,MOVIE,,,,anime,,,AnimeAV1,https://animeav1.com/media/odd-taxi-movie-in-the-woods
animeav1-orient,Orient,TV,,,,anime,,,AnimeAV1,https://animeav1.com/media/orient
animeav1-ousama-ranking,Ousama Ranking,TV,,,,anime,,,AnimeAV1,https://animeav1.com/media/ousama-ranking
animeav1-otome-game-no-hametsu-flag-shika-nai-akuyaku-reijou-ni-tensei-shiteshimatta-x,Otome Game no Hametsu Flag shika Nai Akuyaku Reijou ni Tensei shiteshimatta... X,TV,,,,anime,,,AnimeAV1,https://animeav1.com/media/otome-game-no-hametsu-flag-shika-nai-akuyaku-reijou-ni-tensei-shiteshimatta-x
animeav1-osananajimi-ga-zettai-ni-makenai-love-comedy,Osananajimi ga Zettai ni Makenai Love Comedy,TV,,,,comedy,,,AnimeAV1,https://animeav1.com/media/osananajimi-ga-zettai-ni-makenai-love-comedy
animeav1-odd-taxi,Odd Taxi,TV,,,,anime,,,AnimeAV1,https://animeav1.com/media/odd-taxi
animeav1-ore-dake-haireru-kakushi-dungeon,Ore dake Haireru Kakushi Dungeon,TV,,,,anime,,,AnimeAV1,https://animeav1.com/media/ore-dake-haireru-kakushi-dungeon
animeav1-otona-no-bouguya-san-ii,Otona no Bouguya-san II,ONA,,,,anime,,,AnimeAV1,https://animeav1.com/media/otona-no-bouguya-san-ii
animeav1-osomatsu-san-3rd-season,Osomatsu-san 3rd Season,TV,,,,anime,,,AnimeAV1,https://animeav1.com/media/osomatsu-san-3rd-season
animeav1-ore-wo-suki-nano-wa-omae-dake-ka-yo-oretachi-no-game-set,Ore wo Suki nano wa Omae dake ka yo: Oretachi no Game Set,OVA,,,,anime,,,AnimeAV1,https://animeav1.com/media/ore-wo-suki-nano-wa-omae-dake-ka-yo-oretachi-no-game-set
animeav1-otome-game-no-hametsu-flag-shika-nai-akuyaku-reijou-ni-tensei-shiteshimatta,Otome Game no Hametsu Flag shika Nai Akuyaku Reijou ni Tensei shiteshimatta...,TV,,,,anime,,,AnimeAV1,https://animeav1.com/media/otome-game-no-hametsu-flag-shika-nai-akuyaku-reijou-ni-tensei-shiteshimatta
animeav1-one-punch-man-2nd-season-specials,One Punch Man 2nd Season Specials,TV,,,,anime,,,AnimeAV1,https://animeav1.com/media/one-punch-man-2nd-season-specials
animeav1-ore-wo-suki-nano-wa-omae-dake-ka-yo,Ore wo Suki nano wa Omae dake ka yo,TV,,,,anime,,,AnimeAV1,https://animeav1.com/media/ore-wo-suki-nano-wa-omae-dake-ka-yo
animeav1-one-piece-movie-14-stampede,One Piece Movie 14: Stampede,MOVIE,,,,anime,,,AnimeAV1,https://animeav1.com/media/one-piece-movie-14-stampede
animeav1-one-punch-man-2nd-season,One Punch Man 2nd Season,TV,,,,anime,,,AnimeAV1,https://animeav1.com/media/one-punch-man-2nd-season
animeav1-otona-no-bouguya-san-rimen,Otona no Bouguya-san (Rimen),ONA,,,,anime,,,AnimeAV1,https://animeav1.com/media/otona-no-bouguya-san-rimen
animeav1-ore-ga-suki-nano-wa-imouto-dakedo-imouto-ja-nai-specials,Ore ga Suki nano wa Imouto dakedo Imouto ja Nai Specials,TV,,,,anime,,,AnimeAV1,https://animeav1.com/media/ore-ga-suki-nano-wa-imouto-dakedo-imouto-ja-nai-specials
animeav1-ore-ga-suki-nano-wa-imouto-dakedo-imouto-ja-nai,Ore ga Suki nano wa Imouto dakedo Imouto ja Nai,TV,,,,anime,,,AnimeAV1,https://animeav1.com/media/ore-ga-suki-nano-wa-imouto-dakedo-imouto-ja-nai
animeav1-otona-no-bouguya-san,Otona no Bouguya-san,ONA,,,,anime,,,AnimeAV1,https://animeav1.com/media/otona-no-bouguya-san
animeav1-osake-wa-fuufu-ni-natte-kara-yuzu-atsukan,Osake wa Fuufu ni Natte kara: Yuzu Atsukan,ONA,,,,anime,,,AnimeAV1,https://animeav1.com/media/osake-wa-fuufu-ni-natte-kara-yuzu-atsukan
animeav1-one-piece-episode-of-sorajima,One Piece: Episode of Sorajima,ESPECIAL,,,,anime,,,AnimeAV1,https://animeav1.com/media/one-piece-episode-of-sorajima
animeav1-overlord-iii,Overlord III,TV,,,,anime,,,AnimeAV1,https://animeav1.com/media/overlord-iii
animeav1-overlord-ii,Overlord II,TV,,,,anime,,,AnimeAV1,https://animeav1.com/media/overlord-ii
animeav1-ousama-game-the-animation,Ousama Game The Animation,TV,,,,anime,,,AnimeAV1,https://animeav1.com/media/ousama-game-the-animation
animeav1-osake-wa-fuufu-ni-natte-kara,Osake wa Fuufu ni Natte kara,TV,,,,anime,,,AnimeAV1,https://animeav1.com/media/osake-wa-fuufu-ni-natte-kara
animeav1-osomatsu-san-2nd-season,Osomatsu-san 2nd Season,TV,,,,anime,,,AnimeAV1,https://animeav1.com/media/osomatsu-san-2nd-season
animeav1-one-piece-episode-of-east-blue-luffy-to-4-nin-no-nakama-no-daibouken,One Piece: Episode of East Blue - Luffy to 4-nin no Nakama no Daibouken,ESPECIAL,,,,anime,,,AnimeAV1,https://animeav1.com/media/one-piece-episode-of-east-blue-luffy-to-4-nin-no-nakama-no-daibouken
animeav1-owarimonogatari-2nd-season,Owarimonogatari 2nd Season,ESPECIAL,,,,anime,,,AnimeAV1,https://animeav1.com/media/owarimonogatari-2nd-season
animeav1-overlord-movie-2-shikkoku-no-eiyuu,Overlord Movie 2: Shikkoku no Eiyuu,MOVIE,,,,anime,,,AnimeAV1,https://animeav1.com/media/overlord-movie-2-shikkoku-no-eiyuu
animeav1-overlord-movie-1-fushisha-no-ou,Overlord Movie 1: Fushisha no Ou,MOVIE,,,,anime,,,AnimeAV1,https://animeav1.com/media/overlord-movie-1-fushisha-no-ou
animeav1-oshiete-galko-chan-natsuyasumi-tte-hontou-desu-ka,Oshiete! Galko-chan: Natsuyasumi tte Hontou desu ka?,OVA,,,,anime,,,AnimeAV1,https://animeav1.com/media/oshiete-galko-chan-natsuyasumi-tte-hontou-desu-ka
animeav1-orange-mirai,Orange: Mirai,Movie,,,,anime,,,AnimeAV1,https://animeav1.com/media/orange-mirai
animeav1-occulticnine,Occultic;Nine,TV,,,,anime,,,AnimeAV1,https://animeav1.com/media/occulticnine
animeav1-okusama-ga-seitokaichou-s2,Okusama ga Seitokaichou!+!,TV,,,,anime,,,AnimeAV1,https://animeav1.com/media/okusama-ga-seitokaichou-s2
animeav1-one-piece-film-gold,One Piece Film: Gold,Movie,,,,anime,,,AnimeAV1,https://animeav1.com/media/one-piece-film-gold
animeav1-orange,Orange,TV,,,,anime,,,AnimeAV1,https://animeav1.com/media/orange
animeav1-one-piece-film-gold-episode-0-711-ver,One Piece Film: Gold Episode 0 - 711 ver.,ONA,,,,anime,,,AnimeAV1,https://animeav1.com/media/one-piece-film-gold-episode-0-711-ver
animeav1-ojisan-to-marshmallow-hige-san-to-yume-mashmallow,Ojisan to Marshmallow: Hige-san to Yume Mashmallow,TV,,,,anime,,,AnimeAV1,https://animeav1.com/media/ojisan-to-marshmallow-hige-san-to-yume-mashmallow
animeav1-osomatsu-san-short-film-series,Osomatsu-san Short Film Series,TV,,,,anime,,,AnimeAV1,https://animeav1.com/media/osomatsu-san-short-film-series
animeav1-okusama-ga-seitokaichou-seitokaichou-to-ofuro-asobi,Okusama ga Seitokaichou! Seitokaichou to Ofuro Asobi,OVA,,,,anime,,,AnimeAV1,https://animeav1.com/media/okusama-ga-seitokaichou-seitokaichou-to-ofuro-asobi
animeav1-ooya-san-wa-shishunki,Ooya-san wa Shishunki!,TV,,,,anime,,,AnimeAV1,https://animeav1.com/media/ooya-san-wa-shishunki
animeav1-oshiete-galko-chan,Oshiete! Galko-chan,TV,,,,anime,,,AnimeAV1,https://animeav1.com/media/oshiete-galko-chan
animeav1-ojisan-to-marshmallow,Ojisan to Marshmallow,TV,,,,anime,,,AnimeAV1,https://animeav1.com/media/ojisan-to-marshmallow
animeav1-one-punch-man-specials,One Punch Man Specials,TV,,,,anime,,,AnimeAV1,https://animeav1.com/media/one-punch-man-specials
animeav1-one-punch-man-road-to-hero,One Punch Man: Road to Hero,OVA,,,,anime,,,AnimeAV1,https://animeav1.com/media/one-punch-man-road-to-hero
animeav1-owari-no-seraph-nagoya-kessen-hen,Owari no Seraph: Nagoya Kessen-hen,TV,,,,anime,,,AnimeAV1,https://animeav1.com/media/owari-no-seraph-nagoya-kessen-hen
animeav1-ore-ga-ojousama-gakkou-ni-shomin-sample-toshite-getssareta-ken,"Ore ga Ojousama Gakkou ni ""Shomin Sample"" Toshite Gets♥Sareta Ken",TV,,,,anime,,,AnimeAV1,https://animeav1.com/media/ore-ga-ojousama-gakkou-ni-shomin-sample-toshite-getssareta-ken
animeav1-osomatsu-san,Osomatsu-san,TV,,,,anime,,,AnimeAV1,https://animeav1.com/media/osomatsu-san
animeav1-one-punch-man,One Punch Man,TV,,,,anime,,,AnimeAV1,https://animeav1.com/media/one-punch-man
animeav1-owarimonogatari,Owarimonogatari,TV,,,,anime,,,AnimeAV1,https://animeav1.com/media/owarimonogatari
animeav1-overlord-ple-ple-pleiades,Overlord: Ple Ple Pleiades,TV,,,,anime,,,AnimeAV1,https://animeav1.com/media/overlord-ple-ple-pleiades
animeav1-one-piece-episode-of-sabo-3-kyoudai-no-kizuna-kiseki-no-saikai-to-uketsugareru-ishi,One Piece: Episode of Sabo - 3 Kyoudai no Kizuna Kiseki no Saikai to Uketsugareru Ishi,ESPECIAL,,,,anime,,,AnimeAV1,https://animeav1.com/media/one-piece-episode-of-sabo-3-kyoudai-no-kizuna-kiseki-no-saikai-to-uketsugareru-ishi
animeav1-overlord,Overlord,TV,,,,anime,,,AnimeAV1,https://animeav1.com/media/overlord
animeav1-okusama-ga-seitokaichou-s1,Okusama ga Seitokaichou!,TV,,,,anime,,,AnimeAV1,https://animeav1.com/media/okusama-ga-seitokaichou-s1
animeav1-ookami-shoujo-to-kuro-ouji-gishinanki-happening-kiss,Ookami Shoujo to Kuro Ouji: Gishinanki – Happening Kiss,OVA,,,,romance,,,AnimeAV1,https://animeav1.com/media/ookami-shoujo-to-kuro-ouji-gishinanki-happening-kiss
animeav1-ore-monogatari,Ore Monogatari!!,TV,,,,anime,,,AnimeAV1,https://animeav1.com/media/ore-monogatari
animeav1-owari-no-seraph,Owari no Seraph,TV,,,,anime,,,AnimeAV1,https://animeav1.com/media/owari-no-seraph
animeav1-orenchi-no-furo-jijou,Orenchi no Furo Jijou,TV,,,,anime,,,AnimeAV1,https://animeav1.com/media/orenchi-no-furo-jijou
animeav1-ookami-shoujo-to-kuro-ouji,Ookami Shoujo to Kuro Ouji,TV,,,,romance,,,AnimeAV1,https://animeav1.com/media/ookami-shoujo-to-kuro-ouji
animeav1-one-piece-3d2y-ace-no-shi-wo-koete-luffy-nakama-to-no-chikai,One Piece 3D2Y: Ace no Shi wo Koete! Luffy Nakama to no Chikai,ESPECIAL,,,,anime,,,AnimeAV1,https://animeav1.com/media/one-piece-3d2y-ace-no-shi-wo-koete-luffy-nakama-to-no-chikai
animeav1-omoide-no-marnie,Omoide no Marnie,Movie,,,,anime,,,AnimeAV1,https://animeav1.com/media/omoide-no-marnie
animeav1-oneechan-ga-kita-hajimete-no-kitaa,Oneechan ga Kita: Hajimete no… Kitaa!,TV,,,,anime,,,AnimeAV1,https://animeav1.com/media/oneechan-ga-kita-hajimete-no-kitaa
animeav1-oneechan-ga-kita,Oneechan ga Kita,TV,,,,anime,,,AnimeAV1,https://animeav1.com/media/oneechan-ga-kita
animeav1-outbreak-company,Outbreak Company,TV,,,,anime,,,AnimeAV1,https://animeav1.com/media/outbreak-company
animeav1-one-piece-episode-of-merry-mou-hitori-no-nakama-no-monogatari,One Piece: Episode of Merry - Mou Hitori no Nakama no Monogatari,ESPECIAL,,,,anime,,,AnimeAV1,https://animeav1.com/media/one-piece-episode-of-merry-mou-hitori-no-nakama-no-monogatari
animeav1-ore-no-imouto-ga-konnani-kawaii-wake-ga-nai-specials-s2,Ore no Imouto ga Konnani Kawaii Wake ga Nai. Specials,ONA,,,,anime,,,AnimeAV1,https://animeav1.com/media/ore-no-imouto-ga-konnani-kawaii-wake-ga-nai-specials-s2
animeav1-ore-no-imouto-ga-konnani-kawaii-wake-ga-nai-s2,Ore no Imouto ga Konnani Kawaii Wake ga Nai.,TV,,,,anime,,,AnimeAV1,https://animeav1.com/media/ore-no-imouto-ga-konnani-kawaii-wake-ga-nai-s2
animeav1-ore-no-kanojo-to-osananajimi-ga-shuraba-sugiru,Ore no Kanojo to Osananajimi ga Shuraba Sugiru,TV,,,,anime,,,AnimeAV1,https://animeav1.com/media/ore-no-kanojo-to-osananajimi-ga-shuraba-sugiru
animeav1-oniichan-dakedo-ai-sae-areba-kankeinai-yo-ne-specials,Oniichan dakedo Ai sae Areba Kankeinai yo ne! Specials,TV,,,,anime,,,AnimeAV1,https://animeav1.com/media/oniichan-dakedo-ai-sae-areba-kankeinai-yo-ne-specials
animeav1-one-piece-episode-of-luffy-hand-island-no-bouken,One Piece: Episode of Luffy - Hand Island no Bouken,ESPECIAL,,,,anime,,,AnimeAV1,https://animeav1.com/media/one-piece-episode-of-luffy-hand-island-no-bouken
animeav1-one-piece-film-z,One Piece Film: Z,Movie,,,,anime,,,AnimeAV1,https://animeav1.com/media/one-piece-film-z
animeav1-oniichan-dakedo-ai-sae-areba-kankeinai-yo-ne,Oniichan dakedo Ai sae Areba Kankeinai yo ne!,TV,,,,anime,,,AnimeAV1,https://animeav1.com/media/oniichan-dakedo-ai-sae-areba-kankeinai-yo-ne
animeav1-one-piece-episode-of-nami-koukaishi-no-namida-to-nakama-no-kizuna,One Piece: Episode of Nami - Koukaishi no Namida to Nakama no Kizuna,ESPECIAL,,,,anime,,,AnimeAV1,https://animeav1.com/media/one-piece-episode-of-nami-koukaishi-no-namida-to-nakama-no-kizuna
animeav1-ookami-kodomo-no-ame-to-yuki,Ookami Kodomo no Ame to Yuki,Movie,,,,anime,,,AnimeAV1,https://animeav1.com/media/ookami-kodomo-no-ame-to-yuki
animeav1-oda-nobuna-no-yabou,Oda Nobuna no Yabou,TV,,,,anime,,,AnimeAV1,https://animeav1.com/media/oda-nobuna-no-yabou
animeav1-oniichan-no-koto-nanka-zenzen-suki-ja-nai-n-da-kara-ne-special,Oniichan no Koto nanka Zenzen Suki ja Nai n da kara ne!! Special,SPECIAL,,,,anime,,,AnimeAV1,https://animeav1.com/media/oniichan-no-koto-nanka-zenzen-suki-ja-nai-n-da-kara-ne-special
animeav1-onigamiden,Onigamiden,Movie,,,,anime,,,AnimeAV1,https://animeav1.com/media/onigamiden
animeav1-one-piece-3d-mugiwara-chase,One Piece 3D: Mugiwara Chase,Movie,,,,anime,,,AnimeAV1,https://animeav1.com/media/one-piece-3d-mugiwara-chase
animeav1-ore-no-imouto-ga-konnani-kawaii-wake-ga-nai-specials-s1,Ore no Imouto ga Konnani Kawaii Wake ga Nai Specials,ONA,,,,anime,,,AnimeAV1,https://animeav1.com/media/ore-no-imouto-ga-konnani-kawaii-wake-ga-nai-specials-s1
animeav1-oniichan-no-koto-nanka-zenzen-suki-ja-nai-n-da-kara-ne,Oniichan no Koto nanka Zenzen Suki ja Nai n da kara ne!!,TV,,,,anime,,,AnimeAV1,https://animeav1.com/media/oniichan-no-koto-nanka-zenzen-suki-ja-nai-n-da-kara-ne
animeav1-ore-no-imouto-ga-konnani-kawaii-wake-ga-nai-s1,Ore no Imouto ga Konnani Kawaii Wake ga Nai,TV,,,,anime,,,AnimeAV1,https://animeav1.com/media/ore-no-imouto-ga-konnani-kawaii-wake-ga-nai-s1
animeav1-one-piece-film-strong-world-episode-0,One Piece Film: Strong World Episode 0,OVA,Currently Airing,,,anime,,,AnimeAV1,https://animeav1.com/media/one-piece-film-strong-world-episode-0
animeav1-ookamikakushi,Ookami Kakushi,TV,,,,anime,,,AnimeAV1,https://animeav1.com/media/ookamikakushi
animeav1-omamori-himari,Omamori Himari,TV,,,,anime,,,AnimeAV1,https://animeav1.com/media/omamori-himari
animeav1-one-piece-film-strong-world,One Piece Film: Strong World,Movie,,,,anime,,,AnimeAV1,https://animeav1.com/media/one-piece-film-strong-world
animeav1-ookami-to-koushinryou-ii,Ookami to Koushinryou II,TV,,,,anime,,,AnimeAV1,https://animeav1.com/media/ookami-to-koushinryou-ii
animeav1-one-outs,One Outs,TV,,,,anime,,,AnimeAV1,https://animeav1.com/media/one-outs
animeav1-one-piece-movie-09-episode-of-chopper-plus-fuyu-ni-saku-kiseki-no-sakura,"One Piece Movie 09: Episode of Chopper Plus - Fuyu ni Saku, Kiseki no Sakura",MOVIE,,,,anime,,,AnimeAV1,https://animeav1.com/media/one-piece-movie-09-episode-of-chopper-plus-fuyu-ni-saku-kiseki-no-sakura
animeav1-ookami-to-koushinryou,Ookami to Koushinryou,TV,,,,anime,,,AnimeAV1,https://animeav1.com/media/ookami-to-koushinryou
animeav1-otome-wa-boku-ni-koishiteru-special,Otome wa Boku ni Koishiteru Special,SPECIAL,,,,anime,,,AnimeAV1,https://animeav1.com/media/otome-wa-boku-ni-koishiteru-special
animeav1-one-piece-movie-08-episode-of-alabasta-sabaku-no-oujo-to-kaizoku-tachi,One Piece Movie 08: Episode of Alabasta - Sabaku no Oujo to Kaizoku-tachi,MOVIE,,,,anime,,,AnimeAV1,https://animeav1.com/media/one-piece-movie-08-episode-of-alabasta-sabaku-no-oujo-to-kaizoku-tachi
animeav1-otome-wa-boku-ni-koishiteru,Otome wa Boku ni Koishiteru,TV,,,,anime,,,AnimeAV1,https://animeav1.com/media/otome-wa-boku-ni-koishiteru
animeav1-ouran-koukou-host-club,Ouran Koukou Host Club,TV,,,,anime,,,AnimeAV1,https://animeav1.com/media/ouran-koukou-host-club
animeav1-one-piece-movie-07-karakuri-jou-no-mecha-kyohei,One Piece Movie 07: Karakuri-jou no Mecha Kyohei,MOVIE,,,,action,,,AnimeAV1,https://animeav1.com/media/one-piece-movie-07-karakuri-jou-no-mecha-kyohei
animeav1-one-piece-movie-06-omatsuri-danshaku-to-himitsu-no-shima,One Piece Movie 06: Omatsuri Danshaku to Himitsu no Shima,MOVIE,,,,anime,,,AnimeAV1,https://animeav1.com/media/one-piece-movie-06-omatsuri-danshaku-to-himitsu-no-shima
animeav1-otogizoushi,Otogizoushi,TV,,,,anime,,,AnimeAV1,https://animeav1.com/media/otogizoushi
animeav1-onegaitwins-natsu-wa-owaranai,Onegai☆Twins: Natsu wa Owaranai,OVA,,,,anime,,,AnimeAV1,https://animeav1.com/media/onegaitwins-natsu-wa-owaranai
animeav1-one-piece-movie-05-norowareta-seiken,One Piece Movie 05: Norowareta Seiken,MOVIE,,,,anime,,,AnimeAV1,https://animeav1.com/media/one-piece-movie-05-norowareta-seiken
animeav1-onegaitwins,Onegai☆Twins,TV,,,,anime,,,AnimeAV1,https://animeav1.com/media/onegaitwins
animeav1-one-piece-movie-04-dead-end-no-bouken,One Piece Movie 04: Dead End no Bouken,MOVIE,,,,anime,,,AnimeAV1,https://animeav1.com/media/one-piece-movie-04-dead-end-no-bouken
animeav1-onegaiteacher-himitsu-na-futari,Onegai☆Teacher: Himitsu na Futari,OVA,,,,anime,,,AnimeAV1,https://animeav1.com/media/onegaiteacher-himitsu-na-futari
animeav1-overman-king-gainer,Overman King Gainer,TV,,,,anime,,,AnimeAV1,https://animeav1.com/media/overman-king-gainer
animeav1-one-piece-movie-03-chinjuu-jima-no-chopper-oukoku,One Piece Movie 03: Chinjuu-jima no Chopper Oukoku,MOVIE,,,,anime,,,AnimeAV1,https://animeav1.com/media/one-piece-movie-03-chinjuu-jima-no-chopper-oukoku
animeav1-ojamajo-doremi-dokkaan,Ojamajo Doremi Dokkaan!,TV,,,,anime,,,AnimeAV1,https://animeav1.com/media/ojamajo-doremi-dokkaan
animeav1-onegaiteacher,Onegai☆Teacher,TV,,,,anime,,,AnimeAV1,https://animeav1.com/media/onegaiteacher
animeav1-one-piece-movie-02-nejimaki-jima-no-daibouken,One Piece Movie 02: Nejimaki-jima no Daibouken,MOVIE,,,,anime,,,AnimeAV1,https://animeav1.com/media/one-piece-movie-02-nejimaki-jima-no-daibouken
animeav1-one-piece-umi-no-heso-no-daibouken-hen,One Piece: Umi no Heso no Daibouken-hen,ESPECIAL,,,,anime,,,AnimeAV1,https://animeav1.com/media/one-piece-umi-no-heso-no-daibouken-hen
animeav1-one-piece-movie-01,One Piece Movie 01,MOVIE,,,,anime,,,AnimeAV1,https://animeav1.com/media/one-piece-movie-01
animeav1-ojamajo-doremi-sharp,Ojamajo Doremi Sharp,TV,,,,anime,,,AnimeAV1,https://animeav1.com/media/ojamajo-doremi-sharp
animeav1-oruchuban-ebichu,Oruchuban Ebichu,TV,,,,anime,,,AnimeAV1,https://animeav1.com/media/oruchuban-ebichu
animeav1-ojamajo-doremi,Ojamajo Doremi,TV,,,,anime,,,AnimeAV1,https://animeav1.com/media/ojamajo-doremi
animeav1-one-piece-taose-kaizoku-ganzack,One Piece: Taose! Kaizoku Ganzack,OVA,,,,anime,,,AnimeAV1,https://animeav1.com/media/one-piece-taose-kaizoku-ganzack
animeav1-otaku-no-video,Otaku no Video,OVA,,,,anime,,,AnimeAV1,https://animeav1.com/media/otaku-no-video
animeav1-omoide-poroporo,Omoide Poroporo,Movie,,,,anime,,,AnimeAV1,https://animeav1.com/media/omoide-poroporo
animeav1-oniisama-e,Oniisama e...,TV,,,,anime,,,AnimeAV1,https://animeav1.com/media/oniisama-e
animeav1-outlanders,Outlanders,OVA,,,,anime,,,AnimeAV1,https://animeav1.com/media/outlanders
animeav1-ponkotsu-fuuki-iin-to-skirt-take-ga-futekisetsu-na-jk-no-hanashi,Ponkotsu Fuuki Iin to Skirt-take ga Futekisetsu na JK no Hanashi,TV,,,,anime,,,AnimeAV1,https://animeav1.com/media/ponkotsu-fuuki-iin-to-skirt-take-ga-futekisetsu-na-jk-no-hanashi
animeav1-prism-rondo,Prism Rondo,ONA,,,,anime,,,AnimeAV1,https://animeav1.com/media/prism-rondo
animeav1-potion-wagami-wo-tasukeru,"Potion, Wagami wo Tasukeru",TV,,,,anime,,,AnimeAV1,https://animeav1.com/media/potion-wagami-wo-tasukeru
animeav1-puniru-wa-kawaii-slime-2nd-season,Puniru wa Kawaii Slime 2nd Season,TV,,,,anime,,,AnimeAV1,https://animeav1.com/media/puniru-wa-kawaii-slime-2nd-season
animeav1-princess-principal-crown-handler-4,Princess Principal: Crown Handler 4,Movie,,,,anime,,,AnimeAV1,https://animeav1.com/media/princess-principal-crown-handler-4
animeav1-project-sekai-movie-kowareta-sekai-to-utaenai-miku,Project Sekai Movie: Kowareta Sekai to Utaenai Miku,MOVIE,,,,anime,,,AnimeAV1,https://animeav1.com/media/project-sekai-movie-kowareta-sekai-to-utaenai-miku
animeav1-puniru-wa-kawaii-slime,Puniru wa Kawaii Slime,TV,,,,anime,,,AnimeAV1,https://animeav1.com/media/puniru-wa-kawaii-slime
animeav1-party-kara-tsuihou-sareta-sono-chiyushi-jitsu-wa-saikyou-ni-tsuki,"Party kara Tsuihou sareta Sono Chiyushi, Jitsu wa Saikyou ni Tsuki",TV,,,,anime,,,AnimeAV1,https://animeav1.com/media/party-kara-tsuihou-sareta-sono-chiyushi-jitsu-wa-saikyou-ni-tsuki
animeav1-shin-tennis-no-oujisama-u-17-world-cup-semifinal-44,Prince of Tennis II U-17 World Cup Semifinal,TV,,,,anime,,,AnimeAV1,https://animeav1.com/media/shin-tennis-no-oujisama-u-17-world-cup-semifinal-44
animeav1-pluto,Pluto,ONA,,,,anime,,,AnimeAV1,https://animeav1.com/media/pluto
animeav1-potion-danomi-de-ikinobimasu,Potion-danomi de Ikinobimasu!,TV,,,,anime,,,AnimeAV1,https://animeav1.com/media/potion-danomi-de-ikinobimasu
animeav1-psycho-pass-movie-providence,Psycho-Pass Movie: Providence,MOVIE,,,,anime,,,AnimeAV1,https://animeav1.com/media/psycho-pass-movie-providence
animeav1-princess-principal-crown-handler-3,Princess Principal: Crown Handler 3,Movie,,,,anime,,,AnimeAV1,https://animeav1.com/media/princess-principal-crown-handler-3
animeav1-peter-grill-to-kenja-no-jikan-super-extra,Peter Grill to Kenja no Jikan: Super Extra,TV,,,,anime,,,AnimeAV1,https://animeav1.com/media/peter-grill-to-kenja-no-jikan-super-extra
animeav1-poputepipikku-2nd-season,Poputepipikku 2nd Season,TV,,,,anime,,,AnimeAV1,https://animeav1.com/media/poputepipikku-2nd-season
animeav1-paripi-koumei,Paripi Koumei,TV,,,,anime,,,AnimeAV1,https://animeav1.com/media/paripi-koumei
animeav1-princess-connect-redive-season-2,Princess Connect! Re:Dive Season 2,TV,,,,anime,,,AnimeAV1,https://animeav1.com/media/princess-connect-redive-season-2
animeav1-platinum-end,Platinum End,TV,,,,anime,,,AnimeAV1,https://animeav1.com/media/platinum-end
animeav1-princess-principal-crown-handler-2,Princess Principal: Crown Handler 2,Movie,,,,anime,,,AnimeAV1,https://animeav1.com/media/princess-principal-crown-handler-2
animeav1-peach-boy-riverside,Peach Boy Riverside,TV,,,,anime,,,AnimeAV1,https://animeav1.com/media/peach-boy-riverside
animeav1-princess-principal-crown-handler-1,Princess Principal: Crown Handler 1,Movie,,,,anime,,,AnimeAV1,https://animeav1.com/media/princess-principal-crown-handler-1
animeav1-planetarian-snow-globe,Planetarian: Snow Globe,OVA,,,,anime,,,AnimeAV1,https://animeav1.com/media/planetarian-snow-globe
animeav1-project-scard-praeter-no-kizu,Project Scard: Praeter no Kizu,TV,,,,anime,,,AnimeAV1,https://animeav1.com/media/project-scard-praeter-no-kizu
animeav1-peter-grill-to-kenja-no-jikan,Peter Grill to Kenja no Jikan,TV,,,,anime,,,AnimeAV1,https://animeav1.com/media/peter-grill-to-kenja-no-jikan
animeav1-princess-connect-redive,Princess Connect! Re:Dive,TV,,,,anime,,,AnimeAV1,https://animeav1.com/media/princess-connect-redive
animeav1-psycho-pass-3-first-inspector,Psycho-Pass 3: First Inspector,ONA,,,,anime,,,AnimeAV1,https://animeav1.com/media/psycho-pass-3-first-inspector
animeav1-plunderer,Plunderer,TV,,,,anime,,,AnimeAV1,https://animeav1.com/media/plunderer
animeav1-pet,Pet,TV,,,,anime,,,AnimeAV1,https://animeav1.com/media/pet
animeav1-phantasy-star-online-2-episode-oracle-xiaos-report,Phantasy Star Online 2: Episode Oracle - Xiao's Report,ESPECIAL,,,,anime,,,AnimeAV1,https://animeav1.com/media/phantasy-star-online-2-episode-oracle-xiaos-report
animeav1-psycho-pass-3,Psycho-Pass 3,TV,,,,anime,,,AnimeAV1,https://animeav1.com/media/psycho-pass-3
animeav1-phantasy-star-online-2-episode-oracle,Phantasy Star Online 2: Episode Oracle,TV,,,,anime,,,AnimeAV1,https://animeav1.com/media/phantasy-star-online-2-episode-oracle
animeav1-promare-lio-hen,Promare: Lio-hen,ONA,,,,anime,,,AnimeAV1,https://animeav1.com/media/promare-lio-hen
animeav1-promare-galo-hen,Promare: Galo-hen,ONA,,,,anime,,,AnimeAV1,https://animeav1.com/media/promare-galo-hen
animeav1-promare,Promare,Movie,,,,anime,,,AnimeAV1,https://animeav1.com/media/promare
animeav1-psycho-pass-sinners-of-the-system-case3-onshuu-no-kanata-ni,Psycho-Pass: Sinners of the System Case.3 - Onshuu no Kanata ni,Movie,,,,anime,,,AnimeAV1,https://animeav1.com/media/psycho-pass-sinners-of-the-system-case3-onshuu-no-kanata-ni
animeav1-psycho-pass-sinners-of-the-system-case2-first-guardian,Psycho-Pass: Sinners of the System Case.2 - First Guardian,Movie,,,,anime,,,AnimeAV1,https://animeav1.com/media/psycho-pass-sinners-of-the-system-case2-first-guardian
animeav1-piano-no-mori-tv-2nd-season,Piano no Mori (TV) 2nd Season,TV,,,,anime,,,AnimeAV1,https://animeav1.com/media/piano-no-mori-tv-2nd-season
animeav1-psycho-pass-sinners-of-the-system-case1-tsumi-to-batsu,Psycho-Pass: Sinners of the System Case.1 - Tsumi to Batsu,Movie,,,,anime,,,AnimeAV1,https://animeav1.com/media/psycho-pass-sinners-of-the-system-case1-tsumi-to-batsu
animeav1-planet-with,Planet With,TV,,,,anime,,,AnimeAV1,https://animeav1.com/media/planet-with
animeav1-piano-no-mori-tv,Piano no Mori (TV),TV,,,,anime,,,AnimeAV1,https://animeav1.com/media/piano-no-mori-tv
animeav1-persona-5-the-animation,Persona 5 the Animation,TV,,,,anime,,,AnimeAV1,https://animeav1.com/media/persona-5-the-animation
animeav1-poputepipikku,Poputepipikku,TV,,,,anime,,,AnimeAV1,https://animeav1.com/media/poputepipikku
animeav1-princess-principal,Princess Principal,TV,,,,anime,,,AnimeAV1,https://animeav1.com/media/princess-principal
animeav1-planetarian-hoshi-no-hito,Planetarian: Hoshi no Hito,Movie,,,,anime,,,AnimeAV1,https://animeav1.com/media/planetarian-hoshi-no-hito
animeav1-persona-5-the-animation-the-day-breakers,Persona 5 the Animation: The Day Breakers,ESPECIAL,,,,anime,,,AnimeAV1,https://animeav1.com/media/persona-5-the-animation-the-day-breakers
animeav1-planetarian-chiisana-hoshi-no-yume,Planetarian: Chiisana Hoshi no Yume,ONA,,,,anime,,,AnimeAV1,https://animeav1.com/media/planetarian-chiisana-hoshi-no-yume
animeav1-prison-school-mad-wax,Prison School: Mad Wax,OVA,,,,comedy,,,AnimeAV1,https://animeav1.com/media/prison-school-mad-wax
animeav1-persona-3-the-movie-4-winter-of-rebirth,Persona 3 the Movie 4: Winter of Rebirth,MOVIE,,,,anime,,,AnimeAV1,https://animeav1.com/media/persona-3-the-movie-4-winter-of-rebirth
animeav1-phantasy-star-online-2-the-animation,Phantasy Star Online 2 The Animation,TV,,,,anime,,,AnimeAV1,https://animeav1.com/media/phantasy-star-online-2-the-animation
animeav1-prison-school,Prison School,TV,,,,comedy,,,AnimeAV1,https://animeav1.com/media/prison-school
animeav1-punch-line,Punch Line,TV,,,,anime,,,AnimeAV1,https://animeav1.com/media/punch-line
animeav1-plastic-memories,Plastic Memories,TV,,,,anime,,,AnimeAV1,https://animeav1.com/media/plastic-memories
animeav1-persona-3-the-movie-3-falling-down,Persona 3 the Movie 3: Falling Down,MOVIE,,,,anime,,,AnimeAV1,https://animeav1.com/media/persona-3-the-movie-3-falling-down
animeav1-psycho-pass-movie,Psycho-Pass Movie,MOVIE,,,,anime,,,AnimeAV1,https://animeav1.com/media/psycho-pass-movie
animeav1-psycho-pass-2,Psycho-Pass 2,TV,,,,anime,,,AnimeAV1,https://animeav1.com/media/psycho-pass-2
animeav1-persona-4-the-golden-animation,Persona 4 the Golden Animation,TV,,,,anime,,,AnimeAV1,https://animeav1.com/media/persona-4-the-golden-animation
animeav1-persona-3-the-movie-2-midsummer-knights-dream,Persona 3 the Movie 2: Midsummer Knight's Dream,MOVIE,,,,anime,,,AnimeAV1,https://animeav1.com/media/persona-3-the-movie-2-midsummer-knights-dream
animeav1-ping-pong-the-animation,Ping Pong the Animation,TV,,,,anime,,,AnimeAV1,https://animeav1.com/media/ping-pong-the-animation
animeav1-pupa,Pupa,TV,,,,anime,,,AnimeAV1,https://animeav1.com/media/pupa
animeav1-pupipo,Pupipo!,TV,,,,anime,,,AnimeAV1,https://animeav1.com/media/pupipo
animeav1-persona-3-the-movie-1-spring-of-birth,Persona 3 the Movie 1: Spring of Birth,MOVIE,,,,anime,,,AnimeAV1,https://animeav1.com/media/persona-3-the-movie-1-spring-of-birth
animeav1-papa-no-iukoto-wo-kikinasai-ova,Papa no Iukoto wo Kikinasai! OVA,OVA,,,,anime,,,AnimeAV1,https://animeav1.com/media/papa-no-iukoto-wo-kikinasai-ova
animeav1-photokano,Photokano,TV,,,,anime,,,AnimeAV1,https://animeav1.com/media/photokano
animeav1-psycho-pass,Psycho-Pass,TV,,,,anime,,,AnimeAV1,https://animeav1.com/media/psycho-pass
animeav1-psycho-pass-new-edit-version,Psycho-Pass New Edit Version,TV,,,,anime,,,AnimeAV1,https://animeav1.com/media/psycho-pass-new-edit-version
animeav1-papa-no-iukoto-wo-kikinasai-pokkapoka,Papa no Iukoto wo Kikinasai!: Pokkapoka,TV,,,,anime,,,AnimeAV1,https://animeav1.com/media/papa-no-iukoto-wo-kikinasai-pokkapoka
animeav1-papa-no-iukoto-wo-kikinasai,Papa no Iukoto wo Kikinasai!,TV,,,,anime,,,AnimeAV1,https://animeav1.com/media/papa-no-iukoto-wo-kikinasai
animeav1-persona-4-the-animation,Persona 4 the Animation,TV,,,,anime,,,AnimeAV1,https://animeav1.com/media/persona-4-the-animation
animeav1-phi-brain-kami-no-puzzle,Phi Brain: Kami no Puzzle,TV,,,,anime,,,AnimeAV1,https://animeav1.com/media/phi-brain-kami-no-puzzle
animeav1-plastic-neesan,Plastic Neesan,ONA,,,,anime,,,AnimeAV1,https://animeav1.com/media/plastic-neesan
animeav1-panty-stocking-with-garterbelt,Panty & Stocking with Garterbelt,TV,,,,anime,,,AnimeAV1,https://animeav1.com/media/panty-stocking-with-garterbelt
animeav1-princess-lover-picture-drama,Princess Lover! Picture Drama,TV,,,,drama,,,AnimeAV1,https://animeav1.com/media/princess-lover-picture-drama
animeav1-princess-lover-magical-knight-maria-chan,Princess Lover!: Magical Knight Maria-chan,TV,,,,anime,,,AnimeAV1,https://animeav1.com/media/princess-lover-magical-knight-maria-chan
animeav1-pandora-hearts-omake,Pandora Hearts Omake,TV,,,,anime,,,AnimeAV1,https://animeav1.com/media/pandora-hearts-omake
animeav1-princess-lover,Princess Lover!,TV,,,,anime,,,AnimeAV1,https://animeav1.com/media/princess-lover
animeav1-paniponi-dash-danjite-okonaeba-kishin-mo-kore-wo-saku,Paniponi Dash!: Danjite Okonaeba Kishin mo Kore wo Saku,TV,,,,anime,,,AnimeAV1,https://animeav1.com/media/paniponi-dash-danjite-okonaeba-kishin-mo-kore-wo-saku
animeav1-pandora-hearts,Pandora Hearts,TV,,,,anime,,,AnimeAV1,https://animeav1.com/media/pandora-hearts
animeav1-phantom-requiem-for-the-phantom,Phantom: Requiem for the Phantom,TV,,,,anime,,,AnimeAV1,https://animeav1.com/media/phantom-requiem-for-the-phantom
animeav1-penguin-musumeheart,Penguin Musume♥Heart,ONA,,,,anime,,,AnimeAV1,https://animeav1.com/media/penguin-musumeheart
animeav1-persona-trinity-soul,Persona: Trinity Soul,TV,,,,anime,,,AnimeAV1,https://animeav1.com/media/persona-trinity-soul
animeav1-potemayo-specials,Potemayo Specials,TV,,,,anime,,,AnimeAV1,https://animeav1.com/media/potemayo-specials
animeav1-piano-no-mori,Piano no Mori,Movie,,,,anime,,,AnimeAV1,https://animeav1.com/media/piano-no-mori
animeav1-potemayo,Potemayo,TV,,,,anime,,,AnimeAV1,https://animeav1.com/media/potemayo
animeav1-paprika,Paprika,Movie,,,,anime,,,AnimeAV1,https://animeav1.com/media/paprika
animeav1-pumpkin-scissors,Pumpkin Scissors,TV,,,,anime,,,AnimeAV1,https://animeav1.com/media/pumpkin-scissors
animeav1-princess-princess,Princess Princess,TV,,,,anime,,,AnimeAV1,https://animeav1.com/media/princess-princess
animeav1-paradise-kiss,Paradise Kiss,TV,,,,anime,,,AnimeAV1,https://animeav1.com/media/paradise-kiss
animeav1-paniponi-dash,Paniponi Dash!,TV,,,,anime,,,AnimeAV1,https://animeav1.com/media/paniponi-dash
animeav1-peach-girl,Peach Girl,TV,,,,anime,,,AnimeAV1,https://animeav1.com/media/peach-girl
animeav1-peace-maker-kurogane,Peace Maker Kurogane,TV,,,,anime,,,AnimeAV1,https://animeav1.com/media/peace-maker-kurogane
animeav1-planetes,Planetes,TV,,,,anime,,,AnimeAV1,https://animeav1.com/media/planetes
animeav1-popotan,Popotan,TV,,,,anime,,,AnimeAV1,https://animeav1.com/media/popotan
animeav1-parasite-dolls,Parasite Dolls,OVA,,,,anime,,,AnimeAV1,https://animeav1.com/media/parasite-dolls
animeav1-princess-tutu,Princess Tutu,TV,,,,anime,,,AnimeAV1,https://animeav1.com/media/princess-tutu
animeav1-pita-ten,Pita Ten,TV,,,,anime,,,AnimeAV1,https://animeav1.com/media/pita-ten
animeav1-panyo-panyo-di-gi-charat,Panyo Panyo Di Gi Charat,TV,,,,anime,,,AnimeAV1,https://animeav1.com/media/panyo-panyo-di-gi-charat
animeav1-petshop-of-horrors,Petshop of Horrors,TV,,,,anime,,,AnimeAV1,https://animeav1.com/media/petshop-of-horrors
animeav1-perfect-blue,Perfect Blue,Movie,,,,anime,,,AnimeAV1,https://animeav1.com/media/perfect-blue
animeav1-photon,Photon,OVA,,,,anime,,,AnimeAV1,https://animeav1.com/media/photon
animeav1-project-a-ko-4-final,Project A-Ko 4: Final,OVA,,,,anime,,,AnimeAV1,https://animeav1.com/media/project-a-ko-4-final
animeav1-project-a-ko-3-cinderella-rhapsody,Project A-Ko 3: Cinderella Rhapsody,OVA,,,,anime,,,AnimeAV1,https://animeav1.com/media/project-a-ko-3-cinderella-rhapsody
animeav1-project-a-ko-2-daitokuji-zaibatsu-no-inbou,Project A-Ko 2: Daitokuji Zaibatsu no Inbou,OVA,,,,anime,,,AnimeAV1,https://animeav1.com/media/project-a-ko-2-daitokuji-zaibatsu-no-inbou
animeav1-project-a-ko,Project A-Ko,Movie,,,,anime,,,AnimeAV1,https://animeav1.com/media/project-a-ko
animeav1-qualidea-code,Qualidea Code,TV,,,,anime,,,AnimeAV1,https://animeav1.com/media/qualidea-code
animeav1-queens-blade-grimoire,Queen's Blade: Grimoire,OVA,,,,anime,,,AnimeAV1,https://animeav1.com/media/queens-blade-grimoire
animeav1-queens-blade-rebellion-specials,Queen's Blade: Rebellion Specials,TV,,,,anime,,,AnimeAV1,https://animeav1.com/media/queens-blade-rebellion-specials
animeav1-queens-blade-rebellion-vs-hagure-yuusha-no-aesthetica,Queen's Blade Rebellion vs. Hagure Yuusha no Aesthetica,TV,,,,anime,,,AnimeAV1,https://animeav1.com/media/queens-blade-rebellion-vs-hagure-yuusha-no-aesthetica
animeav1-queens-blade-rebellion,Queen's Blade: Rebellion,TV,,,,anime,,,AnimeAV1,https://animeav1.com/media/queens-blade-rebellion
animeav1-queens-blade-ova,Queen's Blade OVA,OVA,,,,anime,,,AnimeAV1,https://animeav1.com/media/queens-blade-ova
animeav1-queens-blade-utsukushiki-toushi-tachi,Queen's Blade: Utsukushiki Toushi-tachi,OVA,,,,anime,,,AnimeAV1,https://animeav1.com/media/queens-blade-utsukushiki-toushi-tachi
animeav1-queens-blade-gyokuza-wo-tsugu-mono-specials,Queen's Blade: Gyokuza wo Tsugu Mono Specials,TV,,,,anime,,,AnimeAV1,https://animeav1.com/media/queens-blade-gyokuza-wo-tsugu-mono-specials
animeav1-queens-blade-gyokuza-wo-tsugu-mono,Queen's Blade: Gyokuza wo Tsugu Mono,TV,,,,anime,,,AnimeAV1,https://animeav1.com/media/queens-blade-gyokuza-wo-tsugu-mono
animeav1-queens-blade-rurou-no-senshi-specials,Queen's Blade: Rurou no Senshi Specials,TV,,,,anime,,,AnimeAV1,https://animeav1.com/media/queens-blade-rurou-no-senshi-specials
animeav1-queens-blade-rurou-no-senshi,Queen's Blade: Rurou no Senshi,TV,,,,anime,,,AnimeAV1,https://animeav1.com/media/queens-blade-rurou-no-senshi
animeav1-queen-emeraldas,Queen Emeraldas,OVA,,,,anime,,,AnimeAV1,https://animeav1.com/media/queen-emeraldas
animeav1-ryoumin-0-nin-start-no-henkyou-ryoushu-sama,Ryoumin 0-nin Start no Henkyou Ryoushu-sama,TV,,,,anime,,,AnimeAV1,https://animeav1.com/media/ryoumin-0-nin-start-no-henkyou-ryoushu-sama
animeav1-reiwa-no-dara-san,Reiwa no Dara-san,TV,,,,anime,,,AnimeAV1,https://animeav1.com/media/reiwa-no-dara-san
animeav1-rakudai-kenja-no-gakuin-musou-nidome-no-tensei-s-rank-cheat-majutsushi-boukenroku,"Rakudai Kenja no Gakuin Musou: Nidome no Tensei, S-Rank Cheat Majutsushi Boukenroku",TV,,,,anime,,,AnimeAV1,https://animeav1.com/media/rakudai-kenja-no-gakuin-musou-nidome-no-tensei-s-rank-cheat-majutsushi-boukenroku
animeav1-rezero-kara-hajimeru-isekai-seikatsu-4th-season,Re:Zero kara Hajimeru Isekai Seikatsu 4th Season,TV,,,,fantasy,,,AnimeAV1,https://animeav1.com/media/rezero-kara-hajimeru-isekai-seikatsu-4th-season
animeav1-replica-datte-koi-wo-suru,"Replica datte, Koi wo Suru.",TV,,,,anime,,,AnimeAV1,https://animeav1.com/media/replica-datte-koi-wo-suru
animeav1-reincarnation-no-kaben,Reincarnation no Kaben,TV,,,,anime,,,AnimeAV1,https://animeav1.com/media/reincarnation-no-kaben
animeav1-ranma-2024-2nd-season,Ranma ½ (2024) 2nd Season,TV,,2024,,anime,,,AnimeAV1,https://animeav1.com/media/ranma-2024-2nd-season
animeav1-ruri-no-houseki,Ruri no Houseki,TV,,,,anime,,,AnimeAV1,https://animeav1.com/media/ruri-no-houseki
animeav1-rock-wa-lady-no-tashinami-deshite,Rock wa Lady no Tashinami deshite,TV,,,,anime,,,AnimeAV1,https://animeav1.com/media/rock-wa-lady-no-tashinami-deshite
animeav1-raise-wa-tanin-ga-ii,Raise wa Tanin ga Ii,TV,,,,anime,,,AnimeAV1,https://animeav1.com/media/raise-wa-tanin-ga-ii
animeav1-ranma-2024,Ranma ½ (2024),TV,,2024,,anime,,,AnimeAV1,https://animeav1.com/media/ranma-2024
animeav1-rurouni-kenshin-kyoto-douran,Rurouni Kenshin: Meiji Kenkaku Romantan - Kyoto Douran,TV,,,,anime,,,AnimeAV1,https://animeav1.com/media/rurouni-kenshin-kyoto-douran
animeav1-rezero-kara-hajimeru-isekai-seikatsu-3rd-season,Re:Zero kara Hajimeru Isekai Seikatsu 3rd Season,TV,,,,fantasy,,,AnimeAV1,https://animeav1.com/media/rezero-kara-hajimeru-isekai-seikatsu-3rd-season
animeav1-rekishi-ni-nokoru-akujo-ni-naru-zo,Rekishi ni Nokoru Akujo ni Naru zo,TV,,,,anime,,,AnimeAV1,https://animeav1.com/media/rekishi-ni-nokoru-akujo-ni-naru-zo
animeav1-rising-impact-season-2,Rising Impact Season 2,ONA,,,,anime,,,AnimeAV1,https://animeav1.com/media/rising-impact-season-2
animeav1-ramen-akaneko,Ramen Akaneko,TV,,,,anime,,,AnimeAV1,https://animeav1.com/media/ramen-akaneko
animeav1-rising-impact,Rising Impact,ONA,,,,anime,,,AnimeAV1,https://animeav1.com/media/rising-impact
animeav1-remonster,Re:Monster,TV,,,,anime,,,AnimeAV1,https://animeav1.com/media/remonster
animeav1-ragna-crimson,Ragna Crimson,TV,,,,anime,,,AnimeAV1,https://animeav1.com/media/ragna-crimson
animeav1-rurouni-kenshin-meiji-kenkaku-romantan-2023,Rurouni Kenshin: Meiji Kenkaku Romantan (2023),TV,,2023,,anime,,,AnimeAV1,https://animeav1.com/media/rurouni-kenshin-meiji-kenkaku-romantan-2023
animeav1-ryza-no-atelier-tokoyami-no-joou-to-himitsu-no-kakurega,Ryza no Atelier: Tokoyami no Joou to Himitsu no Kakurega,TV,,,,anime,,,AnimeAV1,https://animeav1.com/media/ryza-no-atelier-tokoyami-no-joou-to-himitsu-no-kakurega
animeav1-rougo-ni-sonaete-isekai-de-8-manmai-no-kinka-wo-tamemasu,Rougo ni Sonaete Isekai de 8-manmai no Kinka wo Tamemasu,TV,,,,fantasy,,,AnimeAV1,https://animeav1.com/media/rougo-ni-sonaete-isekai-de-8-manmai-no-kinka-wo-tamemasu
animeav1-revenger,Revenger,TV,,,,anime,,,AnimeAV1,https://animeav1.com/media/revenger
animeav1-romantic-killer,Romantic Killer,ONA,,,,anime,,,AnimeAV1,https://animeav1.com/media/romantic-killer
animeav1-renai-flops,Renai Flops,TV,,,,anime,,,AnimeAV1,https://animeav1.com/media/renai-flops
animeav1-rwby-hyousetsu-teikoku,RWBY: Hyousetsu Teikoku,TV,,,,anime,,,AnimeAV1,https://animeav1.com/media/rwby-hyousetsu-teikoku
animeav1-recycle-of-the-penguindrum,Re:cycle of the Penguindrum,Movie,,,,anime,,,AnimeAV1,https://animeav1.com/media/recycle-of-the-penguindrum
animeav1-rikei-ga-koi-ni-ochita-no-de-shoumei-shitemita-heart,Rikei ga Koi ni Ochita no de Shoumei shitemita. Heart,TV,,,,anime,,,AnimeAV1,https://animeav1.com/media/rikei-ga-koi-ni-ochita-no-de-shoumei-shitemita-heart
animeav1-rymans-club,Ryman's Club,TV,,,,anime,,,AnimeAV1,https://animeav1.com/media/rymans-club
animeav1-ryuu-to-sobakasu-no-hime,Ryuu to Sobakasu no Hime,Movie,,,,anime,,,AnimeAV1,https://animeav1.com/media/ryuu-to-sobakasu-no-hime
animeav1-rezero-kara-hajimeru-isekai-seikatsu-2nd-season,Re:Zero kara Hajimeru Isekai Seikatsu 2nd Season,TV,,,,fantasy,,,AnimeAV1,https://animeav1.com/media/rezero-kara-hajimeru-isekai-seikatsu-2nd-season
animeav1-runway-de-waratte,Runway de Waratte,TV,,,,anime,,,AnimeAV1,https://animeav1.com/media/runway-de-waratte
animeav1-rikei-ga-koi-ni-ochita-no-de-shoumei-shitemita,Rikei ga Koi ni Ochita no de Shoumei shitemita.,TV,,,,anime,,,AnimeAV1,https://animeav1.com/media/rikei-ga-koi-ni-ochita-no-de-shoumei-shitemita
animeav1-rezero-kara-hajimeru-isekai-seikatsu-hyouketsu-no-kizuna,Re:Zero kara Hajimeru Isekai Seikatsu - Hyouketsu no Kizuna,Movie,,,,fantasy,,,AnimeAV1,https://animeav1.com/media/rezero-kara-hajimeru-isekai-seikatsu-hyouketsu-no-kizuna
animeav1-radiant-2nd-season,Radiant 2nd Season,TV,,,,anime,,,AnimeAV1,https://animeav1.com/media/radiant-2nd-season
animeav1-radiant,Radiant,TV,,,,anime,,,AnimeAV1,https://animeav1.com/media/radiant
animeav1-rezero-kara-hajimeru-isekai-seikatsu-memory-snow,Re:Zero kara Hajimeru Isekai Seikatsu - Memory Snow,Movie,,,,fantasy,,,AnimeAV1,https://animeav1.com/media/rezero-kara-hajimeru-isekai-seikatsu-memory-snow
animeav1-ryuuou-no-oshigoto,Ryuuou no Oshigoto!,TV,,,,anime,,,AnimeAV1,https://animeav1.com/media/ryuuou-no-oshigoto
animeav1-recreators,Re:Creators,TV,,,,anime,,,AnimeAV1,https://animeav1.com/media/recreators
animeav1-renai-boukun,Renai Boukun,TV,,,,anime,,,AnimeAV1,https://animeav1.com/media/renai-boukun
animeav1-rokudenashi-majutsu-koushi-to-akashic-records,Rokudenashi Majutsu Koushi to Akashic Records,TV,,,,anime,,,AnimeAV1,https://animeav1.com/media/rokudenashi-majutsu-koushi-to-akashic-records
animeav1-rewrite-2nd-season,Rewrite 2nd Season,TV,,,,anime,,,AnimeAV1,https://animeav1.com/media/rewrite-2nd-season
animeav1-rewrite,Rewrite,TV,,,,anime,,,AnimeAV1,https://animeav1.com/media/rewrite
animeav1-relife,ReLIFE,TV,,,,anime,,,AnimeAV1,https://animeav1.com/media/relife
animeav1-rezero-kara-hajimeru-break-time,Re:Zero kara Hajimeru Break Time,ESPECIAL,,,,anime,,,AnimeAV1,https://animeav1.com/media/rezero-kara-hajimeru-break-time
animeav1-rezero-kara-hajimeru-isekai-seikatsu,Re:Zero kara Hajimeru Isekai Seikatsu,TV,,,,fantasy,,,AnimeAV1,https://animeav1.com/media/rezero-kara-hajimeru-isekai-seikatsu
animeav1-rakudai-kishi-no-cavalry,Rakudai Kishi no Cavalry,TV,,,,anime,,,AnimeAV1,https://animeav1.com/media/rakudai-kishi-no-cavalry
animeav1-rokka-no-yuusha,Rokka no Yuusha,TV,,,,anime,,,AnimeAV1,https://animeav1.com/media/rokka-no-yuusha
animeav1-robot-girls-z-plus,Robot Girls Z Plus,ONA,,,,anime,,,AnimeAV1,https://animeav1.com/media/robot-girls-z-plus
animeav1-rakuen-tsuihou,Rakuen Tsuihou,Movie,,,,anime,,,AnimeAV1,https://animeav1.com/media/rakuen-tsuihou
animeav1-rokujouma-no-shinryakusha,Rokujouma no Shinryakusha!?,TV,,,,anime,,,AnimeAV1,https://animeav1.com/media/rokujouma-no-shinryakusha
animeav1-rehamatora,Re:␣Hamatora,TV,,,,anime,,,AnimeAV1,https://animeav1.com/media/rehamatora
animeav1-rail-wars,Rail Wars!,TV,,,,anime,,,AnimeAV1,https://animeav1.com/media/rail-wars
animeav1-robot-girls-z,Robot Girls Z,TV,,,,anime,,,AnimeAV1,https://animeav1.com/media/robot-girls-z
animeav1-recorder-to-randoseru-mi-special,Recorder to Randoseru Mi☆ Special,SPECIAL,,,,anime,,,AnimeAV1,https://animeav1.com/media/recorder-to-randoseru-mi-special
animeav1-recorder-to-randoseru-mi,Recorder to Randoseru Mi☆,TV,,,,anime,,,AnimeAV1,https://animeav1.com/media/recorder-to-randoseru-mi
animeav1-ro-kyu-bu-ss,Ro-Kyu-Bu! SS,TV,,,,anime,,,AnimeAV1,https://animeav1.com/media/ro-kyu-bu-ss
animeav1-rozen-maiden-2013,Rozen Maiden (2013),TV,,2013,,anime,,,AnimeAV1,https://animeav1.com/media/rozen-maiden-2013
animeav1-ro-kyu-bu-tomoka-no-ichigo-sundae,Ro-Kyu-Bu!: Tomoka no Ichigo Sundae,OVA,,,,anime,,,AnimeAV1,https://animeav1.com/media/ro-kyu-bu-tomoka-no-ichigo-sundae
animeav1-rdg-red-data-girl,RDG: Red Data Girl,TV,,,,anime,,,AnimeAV1,https://animeav1.com/media/rdg-red-data-girl
animeav1-roboticsnotes,Robotics;Notes,TV,,,,anime,,,AnimeAV1,https://animeav1.com/media/roboticsnotes
animeav1-rinne-no-lagrange-season-2-specials,Rinne no Lagrange Season 2 Specials,TV,,,,anime,,,AnimeAV1,https://animeav1.com/media/rinne-no-lagrange-season-2-specials
animeav1-recorder-to-randoseru,Recorder to Randoseru,OVA,,,,anime,,,AnimeAV1,https://animeav1.com/media/recorder-to-randoseru
animeav1-rinne-no-lagrange-season-2,Rinne no Lagrange Season 2,TV,,,,anime,,,AnimeAV1,https://animeav1.com/media/rinne-no-lagrange-season-2
animeav1-rinne-no-lagrange-kamogawa-days,Rinne no Lagrange: Kamogawa Days,OVA,,,,anime,,,AnimeAV1,https://animeav1.com/media/rinne-no-lagrange-kamogawa-days
animeav1-recorder-to-randoseru-re,Recorder to Randoseru Re♪,TV,,,,anime,,,AnimeAV1,https://animeav1.com/media/recorder-to-randoseru-re
animeav1-rinne-no-lagrange-specials,Rinne no Lagrange Specials,TV,,,,anime,,,AnimeAV1,https://animeav1.com/media/rinne-no-lagrange-specials
animeav1-rinne-no-lagrange,Rinne no Lagrange,TV,,,,anime,,,AnimeAV1,https://animeav1.com/media/rinne-no-lagrange
animeav1-recorder-to-randoseru-do,Recorder to Randoseru Do♪,TV,,,,anime,,,AnimeAV1,https://animeav1.com/media/recorder-to-randoseru-do
animeav1-rurouni-kenshin-meiji-kenkaku-romantan-shin-kyoto-hen,Rurouni Kenshin: Meiji Kenkaku Romantan - Shin Kyoto-hen,OVA,,,,anime,,,AnimeAV1,https://animeav1.com/media/rurouni-kenshin-meiji-kenkaku-romantan-shin-kyoto-hen
animeav1-ro-kyu-bu,Ro-Kyu-Bu!,TV,,,,anime,,,AnimeAV1,https://animeav1.com/media/ro-kyu-bu
animeav1-rainbow-nisha-rokubou-no-shichinin,Rainbow: Nisha Rokubou no Shichinin,TV,,,,anime,,,AnimeAV1,https://animeav1.com/media/rainbow-nisha-rokubou-no-shichinin
animeav1-redline,Redline,Movie,,,,anime,,,AnimeAV1,https://animeav1.com/media/redline
animeav1-rosario-to-vampire-capu2,Rosario to Vampire Capu2,TV,,,,anime,,,AnimeAV1,https://animeav1.com/media/rosario-to-vampire-capu2
animeav1-rosario-to-vampire,Rosario to Vampire,TV,,,,anime,,,AnimeAV1,https://animeav1.com/media/rosario-to-vampire
animeav1-romeo-x-juliet,Romeo x Juliet,TV,,,,anime,,,AnimeAV1,https://animeav1.com/media/romeo-x-juliet
animeav1-rozen-maiden-ouverture,Rozen Maiden: Ouvertüre,ESPECIAL,,,,anime,,,AnimeAV1,https://animeav1.com/media/rozen-maiden-ouverture
animeav1-renkin-san-kyuu-magical-pokaan-specials,Renkin San-kyuu Magical? Pokaan Specials,TV,,,,anime,,,AnimeAV1,https://animeav1.com/media/renkin-san-kyuu-magical-pokaan-specials
animeav1-renkin-san-kyuu-magical-pokaan,Renkin San-kyuu Magical? Pokaan,TV,,,,anime,,,AnimeAV1,https://animeav1.com/media/renkin-san-kyuu-magical-pokaan
animeav1-rean-no-tsubasa,Rean no Tsubasa,ONA,,,,anime,,,AnimeAV1,https://animeav1.com/media/rean-no-tsubasa
animeav1-rozen-maiden-traumend,Rozen Maiden: Träumend,TV,,,,anime,,,AnimeAV1,https://animeav1.com/media/rozen-maiden-traumend
animeav1-rozen-maiden,Rozen Maiden,TV,,,,anime,,,AnimeAV1,https://animeav1.com/media/rozen-maiden
animeav1-ryuusei-sentai-musumet,Ryuusei Sentai Musumet,TV,,,,anime,,,AnimeAV1,https://animeav1.com/media/ryuusei-sentai-musumet
animeav1-re-cutie-honey,Re: Cutie Honey,OVA,,,,anime,,,AnimeAV1,https://animeav1.com/media/re-cutie-honey
animeav1-rod-the-tv,R.O.D: The TV,TV,,,,anime,,,AnimeAV1,https://animeav1.com/media/rod-the-tv
animeav1-rahxephon-kansoukyokukanojo-to-kanojo-jishin-to-thatness-and-thereness,RahXephon: Kansoukyoku/Kanojo to Kanojo Jishin to - Thatness and Thereness,OVA,,,,anime,,,AnimeAV1,https://animeav1.com/media/rahxephon-kansoukyokukanojo-to-kanojo-jishin-to-thatness-and-thereness
animeav1-rahxephon-tagen-hensoukyoku,RahXephon: Tagen Hensoukyoku,Movie,,,,anime,,,AnimeAV1,https://animeav1.com/media/rahxephon-tagen-hensoukyoku
animeav1-rizelmine,Rizelmine,TV,,,,anime,,,AnimeAV1,https://animeav1.com/media/rizelmine
animeav1-rahxephon,RahXephon,TV,,,,anime,,,AnimeAV1,https://animeav1.com/media/rahxephon
animeav1-rurouni-kenshin-meiji-kenkaku-romantan-seisou-hen,Rurouni Kenshin: Meiji Kenkaku Romantan - Seisou-hen,OVA,,,,anime,,,AnimeAV1,https://animeav1.com/media/rurouni-kenshin-meiji-kenkaku-romantan-seisou-hen
animeav1-rod-read-or-die,R.O.D: Read or Die,OVA,,,,anime,,,AnimeAV1,https://animeav1.com/media/rod-read-or-die
animeav1-rurouni-kenshin-meiji-kenkaku-romantan-tsuioku-hen,Rurouni Kenshin: Meiji Kenkaku Romantan - Tsuioku-hen,OVA,,,,anime,,,AnimeAV1,https://animeav1.com/media/rurouni-kenshin-meiji-kenkaku-romantan-tsuioku-hen
animeav1-rurouni-kenshin-meiji-kenkaku-romantan-ishinshishi-e-no-chinkonka,Rurouni Kenshin: Meiji Kenkaku Romantan - Ishinshishi e no Chinkonka,Movie,,,,anime,,,AnimeAV1,https://animeav1.com/media/rurouni-kenshin-meiji-kenkaku-romantan-ishinshishi-e-no-chinkonka
animeav1-rayearth,Rayearth,OVA,,,,anime,,,AnimeAV1,https://animeav1.com/media/rayearth
animeav1-rekka-no-honoo,Rekka no Honoo,TV,,,,anime,,,AnimeAV1,https://animeav1.com/media/rekka-no-honoo
animeav1-rurouni-kenshin-meiji-kenkaku-romantan,Rurouni Kenshin: Meiji Kenkaku Romantan,TV,,,,anime,,,AnimeAV1,https://animeav1.com/media/rurouni-kenshin-meiji-kenkaku-romantan
animeav1-ranma-super,Ranma ½ Super,OVA,,,,anime,,,AnimeAV1,https://animeav1.com/media/ranma-super
animeav1-ranma-yomigaeru-kioku,Ranma ½: Yomigaeru Kioku,OVA,,,,anime,,,AnimeAV1,https://animeav1.com/media/ranma-yomigaeru-kioku
animeav1-ranma-chou-musabetsu-kessen-ranma-team-vs-densetsu-no-houou,Ranma ½: Chou Musabetsu Kessen! Ranma Team vs. Densetsu no Houou,Movie,,,,anime,,,AnimeAV1,https://animeav1.com/media/ranma-chou-musabetsu-kessen-ranma-team-vs-densetsu-no-houou
animeav1-ranma-ova,Ranma ½ OVA,OVA,,,,anime,,,AnimeAV1,https://animeav1.com/media/ranma-ova
animeav1-ranma-kessen-tougenkyou-hanayome-wo-torimodose,Ranma ½: Kessen Tougenkyou! Hanayome wo Torimodose!,Movie,,,,anime,,,AnimeAV1,https://animeav1.com/media/ranma-kessen-tougenkyou-hanayome-wo-torimodose
animeav1-ranma-chuugoku-nekonron-daikessen-okite-yaburi-no-gekitou-hen,Ranma ½: Chuugoku Nekonron Daikessen! Okite Yaburi no Gekitou-hen!!,Movie,,,,anime,,,AnimeAV1,https://animeav1.com/media/ranma-chuugoku-nekonron-daikessen-okite-yaburi-no-gekitou-hen
animeav1-ranma,Ranma ½,TV,,,,anime,,,AnimeAV1,https://animeav1.com/media/ranma
animeav1-riding-bean,Riding Bean,OVA,,,,anime,,,AnimeAV1,https://animeav1.com/media/riding-bean
animeav1-rezero-kara-hajimeru-isekai-seikatsu-shin-henshuu-ban,Re:Zero kara Hajimeru Isekai Seikatsu: Shin Henshuu-ban,TV,,,,fantasy,,,AnimeAV1,https://animeav1.com/media/rezero-kara-hajimeru-isekai-seikatsu-shin-henshuu-ban
animeav1-sora-wa-akai-kawa-no-hotori,Sora wa Akai Kawa no Hotori,TV,,,,anime,,,AnimeAV1,https://animeav1.com/media/sora-wa-akai-kawa-no-hotori
animeav1-suterare-seijo-no-isekai-gohan-tabi-kakure-skill-de-camping-car-wo-shoukan-shimashita,Suterare Seijo no Isekai Gohan Tabi: Kakure Skill de Camping Car wo Shoukan shimashita,TV,,,,fantasy,,,AnimeAV1,https://animeav1.com/media/suterare-seijo-no-isekai-gohan-tabi-kakure-skill-de-camping-car-wo-shoukan-shimashita
animeav1-saikyou-degarashi-ouji-no-anyaku-teii-arasoi,Saikyou Degarashi Ouji no Anyaku Teii Arasoi,TV,,,,anime,,,AnimeAV1,https://animeav1.com/media/saikyou-degarashi-ouji-no-anyaku-teii-arasoi
animeav1-sayonara-lara,Sayonara Lara,TV,,,,anime,,,AnimeAV1,https://animeav1.com/media/sayonara-lara
animeav1-sekai-saikyou-no-kouei-meikyuukoku-no-shinjin-tansakusha,Sekai Saikyou no Kouei: Meikyuukoku no Shinjin Tansakusha,TV,,,,anime,,,AnimeAV1,https://animeav1.com/media/sekai-saikyou-no-kouei-meikyuukoku-no-shinjin-tansakusha
animeav1-seihantai-na-kimi-to-boku-2nd-season,Seihantai na Kimi to Boku 2nd Season,TV,,,,anime,,,AnimeAV1,https://animeav1.com/media/seihantai-na-kimi-to-boku-2nd-season
animeav1-saijo-no-osewa-takane-no-hanadarake-na-meimonkou-de-gakuin-ichi-no-ojousama-seikatsu-nouryoku-kaimu-wo-kagenagara-osewa-suru-koto-ni-narimashita,"Saijo no Osewa: Takane no Hanadarake na Meimonkou de, Gakuin Ichi no Ojousama (Seikatsu Nouryoku Kaimu) wo Kagenagara Osewa suru Koto ni Narimashita",TV,,,,anime,,,AnimeAV1,https://animeav1.com/media/saijo-no-osewa-takane-no-hanadarake-na-meimonkou-de-gakuin-ichi-no-ojousama-seikatsu-nouryoku-kaimu-wo-kagenagara-osewa-suru-koto-ni-narimashita
animeav1-super-no-ura-de-yani-suu-futari-mini,Super no Ura de Yani Suu Futari Mini,TV,,,,anime,,,AnimeAV1,https://animeav1.com/media/super-no-ura-de-yani-suu-futari-mini
animeav1-saikyou-no-shokugyou-wa-yuusha-demo-kenja-demo-naku-kanteishi-kari-rashii-desu-yo,Saikyou no Shokugyou wa Yuusha demo Kenja demo Naku Kanteishi (Kari) Rashii desu yo?,TV,,,,anime,,,AnimeAV1,https://animeav1.com/media/saikyou-no-shokugyou-wa-yuusha-demo-kenja-demo-naku-kanteishi-kari-rashii-desu-yo
animeav1-snowball-earth,Snowball Earth,TV,,,,anime,,,AnimeAV1,https://animeav1.com/media/snowball-earth
animeav1-saikyou-no-ousama-nidome-no-jinsei-wa-nani-wo-suru-season-2,"Saikyou no Ousama, Nidome no Jinsei wa Nani wo Suru? Season 2",TV,,,,anime,,,AnimeAV1,https://animeav1.com/media/saikyou-no-ousama-nidome-no-jinsei-wa-nani-wo-suru-season-2
animeav1-shunkashuutou-daikousha-haru-no-mai,Shunkashuutou Daikousha: Haru no Mai,TV,,,,anime,,,AnimeAV1,https://animeav1.com/media/shunkashuutou-daikousha-haru-no-mai
animeav1-steel-ball-run-jojo-no-kimyou-na-bouken,Steel Ball Run: JoJo no Kimyou na Bouken,ONA,,,,anime,,,AnimeAV1,https://animeav1.com/media/steel-ball-run-jojo-no-kimyou-na-bouken
animeav1-seihantai-na-kimi-to-boku,Seihantai na Kimi to Boku,TV,,,,anime,,,AnimeAV1,https://animeav1.com/media/seihantai-na-kimi-to-boku
animeav1-shibou-yuugi-de-meshi-wo-kuu,Shibou Yuugi de Meshi wo Kuu.,TV,,,,anime,,,AnimeAV1,https://animeav1.com/media/shibou-yuugi-de-meshi-wo-kuu
animeav1-shuumatsu-no-walkure-iii,Shuumatsu no Walküre III,ONA,,,,anime,,,AnimeAV1,https://animeav1.com/media/shuumatsu-no-walkure-iii
animeav1-sozai-saishuka-no-isekai-ryokouki,Sozai Saishuka no Isekai Ryokouki,TV,,,,fantasy,,,AnimeAV1,https://animeav1.com/media/sozai-saishuka-no-isekai-ryokouki
animeav1-sawaranaide-kotesashi-kun,Sawaranaide Kotesashi-kun,TV,,,,anime,,,AnimeAV1,https://animeav1.com/media/sawaranaide-kotesashi-kun
animeav1-si-vis-the-sound-of-heroes,SI-VIS: The Sound of Heroes,TV,,,,anime,,,AnimeAV1,https://animeav1.com/media/si-vis-the-sound-of-heroes
animeav1-saigo-ni-hitotsu-dake-onegai-shitemo-yoroshii-deshou-ka,Saigo ni Hitotsu dake Onegai shitemo Yoroshii deshou ka,TV,,,,anime,,,AnimeAV1,https://animeav1.com/media/saigo-ni-hitotsu-dake-onegai-shitemo-yoroshii-deshou-ka
animeav1-spy-x-family-season-3,Spy x Family Season 3,TV,,,,anime,,,AnimeAV1,https://animeav1.com/media/spy-x-family-season-3
animeav1-sanda,Sanda,TV,,,,anime,,,AnimeAV1,https://animeav1.com/media/sanda
animeav1-shuumatsu-touring,Shuumatsu Touring,TV,,,,anime,,,AnimeAV1,https://animeav1.com/media/shuumatsu-touring
animeav1-shabake,Shabake,TV,,,,anime,,,AnimeAV1,https://animeav1.com/media/shabake
animeav1-sakamoto-days-part-2,Sakamoto Days Part 2,TV,,,,anime,,,AnimeAV1,https://animeav1.com/media/sakamoto-days-part-2
animeav1-shirobuta-kizoku-desu-ga-zense-no-kioku-ga-haeta-node-hiyoko-na-otouto-sodatemasu,Shirobuta Kizoku desu ga Zense no Kioku ga Haeta node Hiyoko na Otouto Sodatemasu,TV,,,,anime,,,AnimeAV1,https://animeav1.com/media/shirobuta-kizoku-desu-ga-zense-no-kioku-ga-haeta-node-hiyoko-na-otouto-sodatemasu
animeav1-sono-bisque-doll-wa-koi-wo-suru-season-2,Sono Bisque Doll wa Koi wo Suru Season 2,TV,,,,anime,,,AnimeAV1,https://animeav1.com/media/sono-bisque-doll-wa-koi-wo-suru-season-2
animeav1-seishun-buta-yarou-wa-santa-claus-no-yume-wo-minai,Seishun Buta Yarou wa Santa Claus no Yume wo Minai,TV,,2028,,anime,,,AnimeAV1,https://animeav1.com/media/seishun-buta-yarou-wa-santa-claus-no-yume-wo-minai
animeav1-silent-witch-chinmoku-no-majo-no-kakushigoto,Silent Witch: Chinmoku no Majo no Kakushigoto,TV,,2012,,anime,,,AnimeAV1,https://animeav1.com/media/silent-witch-chinmoku-no-majo-no-kakushigoto
animeav1-sentai-daishikkaku-2nd-season,Sentai Daishikkaku 2nd Season,TV,,,,anime,,,AnimeAV1,https://animeav1.com/media/sentai-daishikkaku-2nd-season
animeav1-shiunji-ke-no-kodomotachi,Shiunji-ke no Kodomotachi,TV,,,,anime,,,AnimeAV1,https://animeav1.com/media/shiunji-ke-no-kodomotachi
animeav1-summer-pockets,Summer Pockets,TV,,,,anime,,,AnimeAV1,https://animeav1.com/media/summer-pockets
animeav1-shoushimin-series-2nd-season,Shoushimin Series 2nd Season,TV,,,,anime,,,AnimeAV1,https://animeav1.com/media/shoushimin-series-2nd-season
animeav1-slime-taoshite-300-nen-shiranai-uchi-ni-level-max-ni-nattemashita-sono-ni,"Slime Taoshite 300-nen, Shiranai Uchi ni Level Max ni Nattemashita: Sono Ni",TV,,,,anime,,,AnimeAV1,https://animeav1.com/media/slime-taoshite-300-nen-shiranai-uchi-ni-level-max-ni-nattemashita-sono-ni
animeav1-shin-samurai-den-yaiba,Shin Samurai-den Yaiba,TV,,,,anime,,,AnimeAV1,https://animeav1.com/media/shin-samurai-den-yaiba
animeav1-saikyou-no-ousama-nidome-no-jinsei-wa-nani-wo-suru,"Saikyou no Ousama, Nidome no Jinsei wa Nani wo Suru?",TV,,,,anime,,,AnimeAV1,https://animeav1.com/media/saikyou-no-ousama-nidome-no-jinsei-wa-nani-wo-suru
animeav1-senpai-wa-otokonoko-movie-ame-nochi-hare,Senpai wa Otokonoko Movie: Ame Nochi Hare,MOVIE,,,,anime,,,AnimeAV1,https://animeav1.com/media/senpai-wa-otokonoko-movie-ame-nochi-hare
animeav1-sentai-red-isekai-de-boukensha-ni-naru,Sentai Red Isekai de Boukensha ni Naru,TV,,,,fantasy,,,AnimeAV1,https://animeav1.com/media/sentai-red-isekai-de-boukensha-ni-naru
animeav1-sakamoto-days,Sakamoto Days,TV,,,,anime,,,AnimeAV1,https://animeav1.com/media/sakamoto-days
animeav1-sousei-no-aquarion-myth-of-emotions,Sousei no Aquarion: Myth of Emotions,TV,,,,anime,,,AnimeAV1,https://animeav1.com/media/sousei-no-aquarion-myth-of-emotions
animeav1-salaryman-ga-isekai-ni-ittara-shitennou-ni-natta-hanashi,Salaryman ga Isekai ni Ittara Shitennou ni Natta Hanashi,TV,,,,fantasy,,,AnimeAV1,https://animeav1.com/media/salaryman-ga-isekai-ni-ittara-shitennou-ni-natta-hanashi
animeav1-sorairo-utility-tv,Sorairo Utility (TV),TV,,,,anime,,,AnimeAV1,https://animeav1.com/media/sorairo-utility-tv
animeav1-beheneko,"S-Rank Monster no ""Behemoth"" dakedo, Neko to Machigawarete Elf Musume no Pet toshite Kurashitemasu",TV,,,,anime,,,AnimeAV1,https://animeav1.com/media/beheneko
animeav1-shiguang-dailiren-yingdu-pian,Shiguang Dailiren: Yingdu Pian,ONA,,,,anime,,,AnimeAV1,https://animeav1.com/media/shiguang-dailiren-yingdu-pian
animeav1-shingeki-no-kyojin-movie-kanketsu-hen-the-last-attack,Shingeki no Kyojin Movie: Kanketsu-hen - The Last Attack,MOVIE,,,,anime,,,AnimeAV1,https://animeav1.com/media/shingeki-no-kyojin-movie-kanketsu-hen-the-last-attack
animeav1-shangri-la-frontier-kusoge-hunter-kamige-ni-idoman-to-su-2nd-season,"Shangri-La Frontier: Kusoge Hunter, Kamige ni Idoman to su 2nd Season",TV,,,,anime,,,AnimeAV1,https://animeav1.com/media/shangri-la-frontier-kusoge-hunter-kamige-ni-idoman-to-su-2nd-season
animeav1-sayounara-ryuusei-konnichiwa-jinsei,"Sayounara Ryuusei, Konnichiwa Jinsei",TV,,,,anime,,,AnimeAV1,https://animeav1.com/media/sayounara-ryuusei-konnichiwa-jinsei
animeav1-seirei-gensouki-2,Seirei Gensouki 2,TV,,,,anime,,,AnimeAV1,https://animeav1.com/media/seirei-gensouki-2
animeav1-saikyou-no-shienshoku-wajutsushi-de-aru-ore-wa-sekai-saikyou-clan-wo-shitagaeru,"Saikyou no Shienshoku ""Wajutsushi"" de Aru Ore wa Sekai Saikyou Clan wo Shitagaeru",TV,,,,anime,,,AnimeAV1,https://animeav1.com/media/saikyou-no-shienshoku-wajutsushi-de-aru-ore-wa-sekai-saikyou-clan-wo-shitagaeru
animeav1-sword-art-online-alternative-gun-gale-online-ii,Sword Art Online Alternative: Gun Gale Online II,TV,,,,anime,,,AnimeAV1,https://animeav1.com/media/sword-art-online-alternative-gun-gale-online-ii
animeav1-wu-liuqi-jiyi-suipian,Scissor Seven Temporada 5,ONA,,,,anime,,,AnimeAV1,https://animeav1.com/media/wu-liuqi-jiyi-suipian
animeav1-sengoku-youko-senma-konton-hen,Sengoku Youko: Senma Konton-hen,TV,,,,anime,,,AnimeAV1,https://animeav1.com/media/sengoku-youko-senma-konton-hen
animeav1-shikanoko-nokonoko-koshitantan,Shikanoko Nokonoko Koshitantan,TV,,,,anime,,,AnimeAV1,https://animeav1.com/media/shikanoko-nokonoko-koshitantan
animeav1-shoushimin-series,Shoushimin Series,TV,,,,anime,,,AnimeAV1,https://animeav1.com/media/shoushimin-series
animeav1-senpai-wa-otokonoko,Senpai wa Otokonoko,TV,,,,anime,,,AnimeAV1,https://animeav1.com/media/senpai-wa-otokonoko
animeav1-shy-2nd-season,Shy 2nd Season,TV,,,,anime,,,AnimeAV1,https://animeav1.com/media/shy-2nd-season
animeav1-shinmai-ossan-boukensha-saikyou-party-ni-shinu-hodo-kitaerarete-muteki-ni-naru,"Shinmai Ossan Boukensha, Saikyou Party ni Shinu hodo Kitaerarete Muteki ni Naru.",TV,,,,anime,,,AnimeAV1,https://animeav1.com/media/shinmai-ossan-boukensha-saikyou-party-ni-shinu-hodo-kitaerarete-muteki-ni-naru
animeav1-sasayaku-you-ni-koi-wo-utau,Sasayaku You ni Koi wo Utau,TV,,,,anime,,,AnimeAV1,https://animeav1.com/media/sasayaku-you-ni-koi-wo-utau
animeav1-shadowverse-flame-arc-hen,Shadowverse Flame: Arc-hen,TV,,,,anime,,,AnimeAV1,https://animeav1.com/media/shadowverse-flame-arc-hen
animeav1-seiyuu-radio-no-uraomote,Seiyuu Radio no Uraomote,TV,,,,anime,,,AnimeAV1,https://animeav1.com/media/seiyuu-radio-no-uraomote
animeav1-sentai-daishikkaku,Sentai Daishikkaku,TV,,,,anime,,,AnimeAV1,https://animeav1.com/media/sentai-daishikkaku
animeav1-shinigami-bocchan-to-kuro-maid-3rd-season,Shinigami Bocchan to Kuro Maid 3rd Season,TV,,,,anime,,,AnimeAV1,https://animeav1.com/media/shinigami-bocchan-to-kuro-maid-3rd-season
animeav1-shuumatsu-train-doko-e-iku,Shuumatsu Train Doko e Iku?,TV,,,,anime,,,AnimeAV1,https://animeav1.com/media/shuumatsu-train-doko-e-iku
animeav1-snack-basue,Snack Basue,TV,,,,anime,,,AnimeAV1,https://animeav1.com/media/snack-basue
animeav1-saijaku-tamer-wa-gomi-hiroi-no-tabi-wo-hajimemashita,Saijaku Tamer wa Gomi Hiroi no Tabi wo Hajimemashita.,TV,,,,anime,,,AnimeAV1,https://animeav1.com/media/saijaku-tamer-wa-gomi-hiroi-no-tabi-wo-hajimemashita
animeav1-sengoku-youko-yonaoshi-kyoudai-hen,Sengoku Youko: Yonaoshi Kyoudai-hen,TV,,,,anime,,,AnimeAV1,https://animeav1.com/media/sengoku-youko-yonaoshi-kyoudai-hen
animeav1-shaman-king-flowers,Shaman King: Flowers,TV,,,,anime,,,AnimeAV1,https://animeav1.com/media/shaman-king-flowers
animeav1-synduality-noir-part-2,Synduality: Noir Part 2,TV,,,,anime,,,AnimeAV1,https://animeav1.com/media/synduality-noir-part-2
animeav1-shin-no-nakama-ja-nai-to-yuusha-no-party-wo-oidasareta-node-henkyou-de-slow-life-suru-koto-ni-shimashita-2nd,"Shin no Nakama ja Nai to Yuusha no Party wo Oidasareta node, Henkyou de Slow Life suru Koto ni Shimashita 2nd",TV,,,,anime,,,AnimeAV1,https://animeav1.com/media/shin-no-nakama-ja-nai-to-yuusha-no-party-wo-oidasareta-node-henkyou-de-slow-life-suru-koto-ni-shimashita-2nd
animeav1-saikyou-tank-no-meikyuu-kouryaku-tairyoku-9999-no-rare-skill-mochi-tank-yuusha-party-wo-tsuihou-sareru,"Saikyou Tank no Meikyuu Kouryaku: Tairyoku 9999 no Rare Skill-mochi Tank, Yuusha Party wo Tsuihou sareru",TV,,,,anime,,,AnimeAV1,https://animeav1.com/media/saikyou-tank-no-meikyuu-kouryaku-tairyoku-9999-no-rare-skill-mochi-tank-yuusha-party-wo-tsuihou-sareru
animeav1-sokushi-cheat,"Sokushi Cheat ga Saikyou sugite, Isekai no Yatsura ga Marude Aite ni Naranai n desu ga.",TV,,,,fantasy,,,AnimeAV1,https://animeav1.com/media/sokushi-cheat
animeav1-sasaki-to-pii-chan,Sasaki to Pii-chan,TV,,,,anime,,,AnimeAV1,https://animeav1.com/media/sasaki-to-pii-chan
animeav1-spy-x-family-movie-code-white,Spy x Family Movie: Code: White,MOVIE,,,,anime,,,AnimeAV1,https://animeav1.com/media/spy-x-family-movie-code-white
animeav1-seishun-buta-yarou-wa-randoseru-girl-no-yume-wo-minai,Seishun Buta Yarou wa Randoseru Girl no Yume wo Minai,Movie,,,,anime,,,AnimeAV1,https://animeav1.com/media/seishun-buta-yarou-wa-randoseru-girl-no-yume-wo-minai
animeav1-saihate-no-paladin-tetsusabi-no-yama-no-ou,Saihate no Paladin: Tetsusabi no Yama no Ou,TV,,,,anime,,,AnimeAV1,https://animeav1.com/media/saihate-no-paladin-tetsusabi-no-yama-no-ou
animeav1-seijo-no-maryoku-wa-bannou-desu-season-2,Seijo no Maryoku wa Bannou desu Season 2,TV,,,,anime,,,AnimeAV1,https://animeav1.com/media/seijo-no-maryoku-wa-bannou-desu-season-2
animeav1-shy,Shy,TV,,,,anime,,,AnimeAV1,https://animeav1.com/media/shy
animeav1-seiken-gakuin-no-makentsukai,Seiken Gakuin no Makentsukai,TV,,,,anime,,,AnimeAV1,https://animeav1.com/media/seiken-gakuin-no-makentsukai
animeav1-shangri-la-frontier-kusoge-hunter-kamige-ni-idoman-to-su,"Shangri-La Frontier: Kusoge Hunter, Kamige ni Idoman to su",TV,,,,anime,,,AnimeAV1,https://animeav1.com/media/shangri-la-frontier-kusoge-hunter-kamige-ni-idoman-to-su
animeav1-sousou-no-frieren,Sousou no Frieren,TV,,,,anime,,,AnimeAV1,https://animeav1.com/media/sousou-no-frieren
animeav1-shiguang-dailiren-ii,Shiguang Dailiren II,ONA,,,,anime,,,AnimeAV1,https://animeav1.com/media/shiguang-dailiren-ii
animeav1-spy-kyoushitsu-2nd-season,Spy Kyoushitsu 2nd Season,TV,,,,anime,,,AnimeAV1,https://animeav1.com/media/spy-kyoushitsu-2nd-season
animeav1-shiro-seijo-to-kuro-bokushi,Shiro Seijo to Kuro Bokushi,TV,,,,anime,,,AnimeAV1,https://animeav1.com/media/shiro-seijo-to-kuro-bokushi
animeav1-synduality-noir,Synduality: Noir,TV,,,,anime,,,AnimeAV1,https://animeav1.com/media/synduality-noir
animeav1-shinigami-bocchan-to-kuro-maid-2nd-season,Shinigami Bocchan to Kuro Maid 2nd Season,TV,,,,anime,,,AnimeAV1,https://animeav1.com/media/shinigami-bocchan-to-kuro-maid-2nd-season
animeav1-sugar-apple-fairy-tale-part-2,Sugar Apple Fairy Tale Part 2,TV,,,,anime,,,AnimeAV1,https://animeav1.com/media/sugar-apple-fairy-tale-part-2
animeav1-seija-musou-salaryman-isekai-de-ikinokoru-tame-ni-ayumu-michi,"Seija Musou: Salaryman, Isekai de Ikinokoru Tame ni Ayumu Michi",TV,,,,fantasy,,,AnimeAV1,https://animeav1.com/media/seija-musou-salaryman-isekai-de-ikinokoru-tame-ni-ayumu-michi
animeav1-suki-na-ko-ga-megane-wo-wasureta,Suki na Ko ga Megane wo Wasureta,TV,,,,anime,,,AnimeAV1,https://animeav1.com/media/suki-na-ko-ga-megane-wo-wasureta
animeav1-seishun-buta-yarou-wa-odekake-sister-no-yume-wo-minai,Seishun Buta Yarou wa Odekake Sister no Yume wo Minai,Movie,,,,anime,,,AnimeAV1,https://animeav1.com/media/seishun-buta-yarou-wa-odekake-sister-no-yume-wo-minai
animeav1-skip-to-loafer,Skip to Loafer,TV,,,,anime,,,AnimeAV1,https://animeav1.com/media/skip-to-loafer
animeav1-shingeki-no-kyojin-the-final-season-kanketsu-hen,Shingeki no Kyojin: The Final Season - Kanketsu-hen,ESPECIAL,,,,anime,,,AnimeAV1,https://animeav1.com/media/shingeki-no-kyojin-the-final-season-kanketsu-hen
animeav1-sasaki-to-miyano-movie-sotsugyou-hen,Sasaki to Miyano Movie: Sotsugyou-hen,MOVIE,,,,anime,,,AnimeAV1,https://animeav1.com/media/sasaki-to-miyano-movie-sotsugyou-hen
animeav1-wu-liuqi-anying-suming,Scissor Seven Temporada 4,ONA,,,,anime,,,AnimeAV1,https://animeav1.com/media/wu-liuqi-anying-suming
animeav1-shin-shinka-no-mi-shiranai-uchi-ni-kachigumi-jinsei,Shin Shinka no Mi: Shiranai Uchi ni Kachigumi Jinsei,TV,,,,anime,,,AnimeAV1,https://animeav1.com/media/shin-shinka-no-mi-shiranai-uchi-ni-kachigumi-jinsei
animeav1-saikyou-onmyouji-no-isekai-tenseiki,Saikyou Onmyouji no Isekai Tenseiki,TV,,,,fantasy,,,AnimeAV1,https://animeav1.com/media/saikyou-onmyouji-no-isekai-tenseiki
animeav1-sugar-apple-fairy-tale,Sugar Apple Fairy Tale,TV,,,,anime,,,AnimeAV1,https://animeav1.com/media/sugar-apple-fairy-tale
animeav1-spy-kyoushitsu,Spy Kyoushitsu,TV,,,,anime,,,AnimeAV1,https://animeav1.com/media/spy-kyoushitsu
animeav1-suzume-no-tojimari,Suzume no Tojimari,Movie,,,,anime,,,AnimeAV1,https://animeav1.com/media/suzume-no-tojimari
animeav1-sword-art-online-progressive-movie-kuraki-yuuyami-no-scherzo,Sword Art Online: Progressive Movie - Kuraki Yuuyami no Scherzo,MOVIE,,,,anime,,,AnimeAV1,https://animeav1.com/media/sword-art-online-progressive-movie-kuraki-yuuyami-no-scherzo
animeav1-shinobi-no-ittoki,Shinobi no Ittoki,TV,,,,anime,,,AnimeAV1,https://animeav1.com/media/shinobi-no-ittoki
animeav1-shinmai-renkinjutsushi-no-tenpo-keiei,Shinmai Renkinjutsushi no Tenpo Keiei,TV,,,,anime,,,AnimeAV1,https://animeav1.com/media/shinmai-renkinjutsushi-no-tenpo-keiei
animeav1-spy-x-family-part-2,Spy x Family Part 2,TV,,,,anime,,,AnimeAV1,https://animeav1.com/media/spy-x-family-part-2
animeav1-saint-seiya-knights-of-the-zodiac-battle-sanctuary,Saint Seiya: Knights of the Zodiac - Battle Sanctuary,ONA,,,,anime,,,AnimeAV1,https://animeav1.com/media/saint-seiya-knights-of-the-zodiac-battle-sanctuary
animeav1-sasaki-to-miyano-koi-ni-kizuku-mae-no-chotto-shita-hanashi,Sasaki to Miyano: Koi ni Kizuku Mae no Chotto Shita Hanashi.,OVA,,,,anime,,,AnimeAV1,https://animeav1.com/media/sasaki-to-miyano-koi-ni-kizuku-mae-no-chotto-shita-hanashi
animeav1-saikin-yatotta-maid-ga-ayashii,Saikin Yatotta Maid ga Ayashii,TV,,,,anime,,,AnimeAV1,https://animeav1.com/media/saikin-yatotta-maid-ga-ayashii
animeav1-shadows-house-2nd-season,Shadows House 2nd Season,TV,,,,anime,,,AnimeAV1,https://animeav1.com/media/shadows-house-2nd-season
animeav1-soredemo-ayumu-wa-yosetekuru,Soredemo Ayumu wa Yosetekuru,TV,,,,anime,,,AnimeAV1,https://animeav1.com/media/soredemo-ayumu-wa-yosetekuru
animeav1-spriggan-ona,Spriggan (ONA),ONA,,,,anime,,,AnimeAV1,https://animeav1.com/media/spriggan-ona
animeav1-shin-ikkitousen,Shin Ikkitousen,TV,,,,anime,,,AnimeAV1,https://animeav1.com/media/shin-ikkitousen
animeav1-summertime-render,Summer Time Rendering,TV,,,,anime,,,AnimeAV1,https://animeav1.com/media/summertime-render
animeav1-spy-x-family,Spy x Family,TV,,,,anime,,,AnimeAV1,https://animeav1.com/media/spy-x-family
animeav1-shijou-saikyou-no-daimaou-murabito-a-ni-tensei-suru,"Shijou Saikyou no Daimaou, Murabito A ni Tensei suru",TV,,,,anime,,,AnimeAV1,https://animeav1.com/media/shijou-saikyou-no-daimaou-murabito-a-ni-tensei-suru
animeav1-shokei-shoujo-no-virgin-road,Shokei Shoujo no Virgin Road,TV,,,,romance,,,AnimeAV1,https://animeav1.com/media/shokei-shoujo-no-virgin-road
animeav1-shiyakusho,Shiyakusho,ONA,,,,anime,,,AnimeAV1,https://animeav1.com/media/shiyakusho
animeav1-sabikui-bisco,Sabikui Bisco,TV,,,,anime,,,AnimeAV1,https://animeav1.com/media/sabikui-bisco
animeav1-shingeki-no-kyojin-the-final-season-part-2,Shingeki no Kyojin: The Final Season Part 2,TV,,,,anime,,,AnimeAV1,https://animeav1.com/media/shingeki-no-kyojin-the-final-season-part-2
animeav1-sasaki-to-miyano,Sasaki to Miyano,TV,,,,anime,,,AnimeAV1,https://animeav1.com/media/sasaki-to-miyano
animeav1-sono-bisque-doll-wa-koi-wo-suru,Sono Bisque Doll wa Koi wo Suru,TV,,,,anime,,,AnimeAV1,https://animeav1.com/media/sono-bisque-doll-wa-koi-wo-suru
animeav1-shikkakumon-no-saikyou-kenja,Shikkakumon no Saikyou Kenja,TV,,,,anime,,,AnimeAV1,https://animeav1.com/media/shikkakumon-no-saikyou-kenja
animeav1-shuumatsu-no-harem,Shuumatsu no Harem,TV,,,,anime,,,AnimeAV1,https://animeav1.com/media/shuumatsu-no-harem
animeav1-saihate-no-paladin-michiyuki,Saihate no Paladin: Michiyuki,ESPECIAL,,,,anime,,,AnimeAV1,https://animeav1.com/media/saihate-no-paladin-michiyuki
animeav1-super-crooks,Super Crooks,ONA,,,,anime,,,AnimeAV1,https://animeav1.com/media/super-crooks
animeav1-summer-ghost,Summer Ghost,Movie,,,,anime,,,AnimeAV1,https://animeav1.com/media/summer-ghost
animeav1-soukyuu-no-fafner-dead-aggressor-the-beyond-part-4,Soukyuu no Fafner: Dead Aggressor - The Beyond Part 4,Movie,,,,anime,,,AnimeAV1,https://animeav1.com/media/soukyuu-no-fafner-dead-aggressor-the-beyond-part-4
animeav1-sword-art-online-progressive-movie-hoshi-naki-yoru-no-aria,Sword Art Online: Progressive Movie - Hoshi Naki Yoru no Aria,MOVIE,,,,anime,,,AnimeAV1,https://animeav1.com/media/sword-art-online-progressive-movie-hoshi-naki-yoru-no-aria
animeav1-senpai-ga-uzai-kouhai-no-hanashi,Senpai ga Uzai Kouhai no Hanashi,TV,,,,anime,,,AnimeAV1,https://animeav1.com/media/senpai-ga-uzai-kouhai-no-hanashi
animeav1-saihate-no-paladin,Saihate no Paladin,TV,,,,anime,,,AnimeAV1,https://animeav1.com/media/saihate-no-paladin
animeav1-sekai-saikou-no-ansatsusha-isekai-kizoku-ni-tensei-suru,"Sekai Saikou no Ansatsusha, Isekai Kizoku ni Tensei suru",TV,,,,fantasy,,,AnimeAV1,https://animeav1.com/media/sekai-saikou-no-ansatsusha-isekai-kizoku-ni-tensei-suru
animeav1-shin-no-nakama-ja-nai-to-yuusha-no-party-wo-oidasareta-node-henkyou-de-slow-life-suru-koto-ni-shimashita,"Shin no Nakama ja Nai to Yuusha no Party wo Oidasareta node, Henkyou de Slow Life suru Koto ni Shimashita",TV,,,,anime,,,AnimeAV1,https://animeav1.com/media/shin-no-nakama-ja-nai-to-yuusha-no-party-wo-oidasareta-node-henkyou-de-slow-life-suru-koto-ni-shimashita
animeav1-shinka-no-mi-shiranai-uchi-ni-kachigumi-jinsei,Shinka no Mi: Shiranai Uchi ni Kachigumi Jinsei,TV,,,,anime,,,AnimeAV1,https://animeav1.com/media/shinka-no-mi-shiranai-uchi-ni-kachigumi-jinsei
animeav1-sonny-boy,Sonny Boy,TV,,,,anime,,,AnimeAV1,https://animeav1.com/media/sonny-boy
animeav1-shiroi-suna-no-aquatope,Shiroi Suna no Aquatope,TV,,,,anime,,,AnimeAV1,https://animeav1.com/media/shiroi-suna-no-aquatope
animeav1-seirei-gensouki,Seirei Gensouki,TV,,,,anime,,,AnimeAV1,https://animeav1.com/media/seirei-gensouki
animeav1-shinigami-bocchan-to-kuro-maid,Shinigami Bocchan to Kuro Maid,TV,,,,anime,,,AnimeAV1,https://animeav1.com/media/shinigami-bocchan-to-kuro-maid
animeav1-scarlet-nexus,Scarlet Nexus,TV,,,,anime,,,AnimeAV1,https://animeav1.com/media/scarlet-nexus
animeav1-shuumatsu-no-walkure,Shuumatsu no Valkyrie,ONA,,,,anime,,,AnimeAV1,https://animeav1.com/media/shuumatsu-no-walkure
animeav1-sayonara-watashi-no-cramer-movie-first-touch,Sayonara Watashi no Cramer Movie: First Touch,MOVIE,,,,anime,,,AnimeAV1,https://animeav1.com/media/sayonara-watashi-no-cramer-movie-first-touch
animeav1-shoujokageki-revue-starlight-movie,Shoujo☆Kageki Revue Starlight Movie,MOVIE,,,,romance,,,AnimeAV1,https://animeav1.com/media/shoujokageki-revue-starlight-movie
animeav1-sidonia-no-kishi-ai-tsumugu-hoshi,Sidonia no Kishi: Ai Tsumugu Hoshi,Movie,,,,anime,,,AnimeAV1,https://animeav1.com/media/sidonia-no-kishi-ai-tsumugu-hoshi
animeav1-shiguang-dailiren,Shiguang Dailiren,ONA,,,,anime,,,AnimeAV1,https://animeav1.com/media/shiguang-dailiren
animeav1-shadows-house,Shadows House,TV,,,,anime,,,AnimeAV1,https://animeav1.com/media/shadows-house
animeav1-slime-taoshite-300-nen-shiranai-uchi-ni-level-max-ni-nattemashita,"Slime Taoshite 300-nen, Shiranai Uchi ni Level Max ni Nattemashita",TV,,,,anime,,,AnimeAV1,https://animeav1.com/media/slime-taoshite-300-nen-shiranai-uchi-ni-level-max-ni-nattemashita
animeav1-subarashiki-kono-sekai-the-animation,Subarashiki Kono Sekai The Animation,TV,,,,anime,,,AnimeAV1,https://animeav1.com/media/subarashiki-kono-sekai-the-animation
animeav1-super-cub,Super Cub,TV,,,,anime,,,AnimeAV1,https://animeav1.com/media/super-cub
animeav1-seijo-no-maryoku-wa-bannou-desu,Seijo no Maryoku wa Bannou desu,TV,,,,anime,,,AnimeAV1,https://animeav1.com/media/seijo-no-maryoku-wa-bannou-desu
animeav1-sentouin-haken-shimasu,"Sentouin, Haken shimasu!",TV,,,,anime,,,AnimeAV1,https://animeav1.com/media/sentouin-haken-shimasu
animeav1-sayonara-watashi-no-cramer,Sayonara Watashi no Cramer,TV,,,,anime,,,AnimeAV1,https://animeav1.com/media/sayonara-watashi-no-cramer
animeav1-ssssdynazenon,SSSS.Dynazenon,TV,,,,anime,,,AnimeAV1,https://animeav1.com/media/ssssdynazenon
animeav1-shaman-king-2021,Shaman King (2021),TV,,2021,,anime,,,AnimeAV1,https://animeav1.com/media/shaman-king-2021
animeav1-shin-evangelion-movie,Shin Evangelion Movie:||,MOVIE,,,,anime,,,AnimeAV1,https://animeav1.com/media/shin-evangelion-movie
animeav1-wu-liuqi-xuanwu-guo-pian,Scissor Seven Temporada 3,ONA,,,,anime,,,AnimeAV1,https://animeav1.com/media/wu-liuqi-xuanwu-guo-pian
animeav1-sk,SK8 the Infinity,TV,,,,anime,,,AnimeAV1,https://animeav1.com/media/sk
animeav1-shingeki-no-kyojin-the-final-season,Shingeki no Kyojin: The Final Season,TV,,,,anime,,,AnimeAV1,https://animeav1.com/media/shingeki-no-kyojin-the-final-season
animeav1-soukyuu-no-fafner-dead-aggressor-the-beyond-part-3,Soukyuu no Fafner: Dead Aggressor - The Beyond Part 3,Movie,,,,anime,,,AnimeAV1,https://animeav1.com/media/soukyuu-no-fafner-dead-aggressor-the-beyond-part-3
animeav1-strike-witches-road-to-berlin,Strike Witches: Road to Berlin,TV,,,,anime,,,AnimeAV1,https://animeav1.com/media/strike-witches-road-to-berlin
animeav1-shoujokageki-revue-starlight-rondo-rondo-rondo,Shoujo☆Kageki Revue Starlight: Rondo Rondo Rondo,Movie,,,,romance,,,AnimeAV1,https://animeav1.com/media/shoujokageki-revue-starlight-rondo-rondo-rondo
animeav1-shokugeki-no-souma-gou-no-sara,Shokugeki no Souma: Gou no Sara,TV,,,,anime,,,AnimeAV1,https://animeav1.com/media/shokugeki-no-souma-gou-no-sara
animeav1-shironeko-project-zero-chronicle,Shironeko Project: Zero Chronicle,TV,,,,anime,,,AnimeAV1,https://animeav1.com/media/shironeko-project-zero-chronicle
animeav1-shachou-battle-no-jikan-desu,"Shachou, Battle no Jikan desu!",TV,,,,anime,,,AnimeAV1,https://animeav1.com/media/shachou-battle-no-jikan-desu
animeav1-shin-sakura-taisen-the-animation,Shin Sakura Taisen the Animation,TV,,,,anime,,,AnimeAV1,https://animeav1.com/media/shin-sakura-taisen-the-animation
animeav1-shirobako-movie,Shirobako Movie,MOVIE,,,,anime,,,AnimeAV1,https://animeav1.com/media/shirobako-movie
animeav1-strike-the-blood-kieta-seisou-hen,Strike the Blood: Kieta Seisou-hen,OVA,,,,anime,,,AnimeAV1,https://animeav1.com/media/strike-the-blood-kieta-seisou-hen
animeav1-somali-to-mori-no-kamisama,Somali to Mori no Kamisama,TV,,,,anime,,,AnimeAV1,https://animeav1.com/media/somali-to-mori-no-kamisama
animeav1-saiki-kusuo-no-ps-nan-ps-shidou-hen,Saiki Kusuo no Ψ-nan: Ψ-shidou-hen,ONA,,,,anime,,,AnimeAV1,https://animeav1.com/media/saiki-kusuo-no-ps-nan-ps-shidou-hen
animeav1-soukyuu-no-fafner-dead-aggressor-the-beyond-part-2,Soukyuu no Fafner: Dead Aggressor - The Beyond Part 2,Movie,,,,anime,,,AnimeAV1,https://animeav1.com/media/soukyuu-no-fafner-dead-aggressor-the-beyond-part-2
animeav1-saenai-heroine-no-sodatekata-fine,Saenai Heroine no Sodatekata Fine,Movie,,,,anime,,,AnimeAV1,https://animeav1.com/media/saenai-heroine-no-sodatekata-fine
animeav1-wu-liuqi-zui-qiang-fa-xing-shi,Scissor Seven Temporada 2,ONA,,,,anime,,,AnimeAV1,https://animeav1.com/media/wu-liuqi-zui-qiang-fa-xing-shi
animeav1-startwinkle-precure-hoshi-no-uta-ni-omoi-wo-komete,Star☆Twinkle Precure: Hoshi no Uta ni Omoi wo Komete,Movie,,,,anime,,,AnimeAV1,https://animeav1.com/media/startwinkle-precure-hoshi-no-uta-ni-omoi-wo-komete
animeav1-sword-art-online-alicization-war-of-underworld,Sword Art Online: Alicization - War of Underworld,TV,,,,anime,,,AnimeAV1,https://animeav1.com/media/sword-art-online-alicization-war-of-underworld
animeav1-shokugeki-no-souma-shin-no-sara,Shokugeki no Souma: Shin no Sara,TV,,,,anime,,,AnimeAV1,https://animeav1.com/media/shokugeki-no-souma-shin-no-sara
animeav1-sora-no-aosa-wo-shiru-hito-yo,Sora no Aosa wo Shiru Hito yo,Movie,,,,anime,,,AnimeAV1,https://animeav1.com/media/sora-no-aosa-wo-shiru-hito-yo
animeav1-shinchou-yuusha,Shinchou Yuusha: Kono Yuusha ga Ore Tueee Kuse ni Shinchou Sugiru,TV,,,,anime,,,AnimeAV1,https://animeav1.com/media/shinchou-yuusha
animeav1-saint-seiya-knights-of-the-zodiac,Saint Seiya: Knights of the Zodiac,ONA,,,,anime,,,AnimeAV1,https://animeav1.com/media/saint-seiya-knights-of-the-zodiac
animeav1-senki-zesshou-symphogear-xv,Senki Zesshou Symphogear XV,TV,,,,anime,,,AnimeAV1,https://animeav1.com/media/senki-zesshou-symphogear-xv
animeav1-sounan-desu-ka,Sounan desu ka?,TV,,,,anime,,,AnimeAV1,https://animeav1.com/media/sounan-desu-ka
animeav1-seishun-buta-yarou-wa-yumemiru-shoujo-no-yume-wo-minai,Seishun Buta Yarou wa Yumemiru Shoujo no Yume wo Minai,Movie,,,,romance,,,AnimeAV1,https://animeav1.com/media/seishun-buta-yarou-wa-yumemiru-shoujo-no-yume-wo-minai
animeav1-soukyuu-no-fafner-dead-aggressor-the-beyond,Soukyuu no Fafner: Dead Aggressor - The Beyond,Movie,,,,anime,,,AnimeAV1,https://animeav1.com/media/soukyuu-no-fafner-dead-aggressor-the-beyond
animeav1-shingeki-no-kyojin-season-3-part-2,Shingeki no Kyojin Season 3 Part 2,TV,,,,anime,,,AnimeAV1,https://animeav1.com/media/shingeki-no-kyojin-season-3-part-2
animeav1-sarazanmai,Sarazanmai,TV,,,,anime,,,AnimeAV1,https://animeav1.com/media/sarazanmai
animeav1-sewayaki-kitsune-no-senko-san,Sewayaki Kitsune no Senko-san,TV,,,,anime,,,AnimeAV1,https://animeav1.com/media/sewayaki-kitsune-no-senko-san
animeav1-startwinkle-precure,Star☆Twinkle Precure,TV,,,,anime,,,AnimeAV1,https://animeav1.com/media/startwinkle-precure
animeav1-strike-the-blood-iii,Strike the Blood III,OVA,,,,anime,,,AnimeAV1,https://animeav1.com/media/strike-the-blood-iii
animeav1-saint-seiya-saintia-shou,Saint Seiya: Saintia Shou,ONA,,,,anime,,,AnimeAV1,https://animeav1.com/media/saint-seiya-saintia-shou
animeav1-shoujokageki-revue-starlight-specials,Shoujo☆Kageki Revue Starlight Specials,TV,,,,romance,,,AnimeAV1,https://animeav1.com/media/shoujokageki-revue-starlight-specials
animeav1-senran-kagura-shinovi-master-tokyo-youma-hen,Senran Kagura Shinovi Master: Tokyo Youma-hen,TV,,,,anime,,,AnimeAV1,https://animeav1.com/media/senran-kagura-shinovi-master-tokyo-youma-hen
animeav1-souten-no-ken-regenesis-2nd-season,Souten no Ken: Regenesis 2nd Season,TV,,,,anime,,,AnimeAV1,https://animeav1.com/media/souten-no-ken-regenesis-2nd-season
animeav1-ssssgridman,SSSS.Gridman,TV,,,,anime,,,AnimeAV1,https://animeav1.com/media/ssssgridman
animeav1-sword-art-online-alicization,Sword Art Online: Alicization,TV,,,,anime,,,AnimeAV1,https://animeav1.com/media/sword-art-online-alicization
animeav1-seishun-buta-yarou-wa-bunny-girl-senpai-no-yume-wo-minai,Seishun Buta Yarou wa Bunny Girl Senpai no Yume wo Minai,TV,,,,anime,,,AnimeAV1,https://animeav1.com/media/seishun-buta-yarou-wa-bunny-girl-senpai-no-yume-wo-minai
animeav1-shikioriori,Shikioriori,Movie,,,,anime,,,AnimeAV1,https://animeav1.com/media/shikioriori
animeav1-shingeki-no-kyojin-season-3,Shingeki no Kyojin Season 3,TV,,,,anime,,,AnimeAV1,https://animeav1.com/media/shingeki-no-kyojin-season-3
animeav1-shoujokageki-revue-starlight,Shoujo☆Kageki Revue Starlight,TV,,,,romance,,,AnimeAV1,https://animeav1.com/media/shoujokageki-revue-starlight
animeav1-sirius,Sirius the Jaeger,TV,,,,anime,,,AnimeAV1,https://animeav1.com/media/sirius
animeav1-satsuriku-no-tenshi,Satsuriku no Tenshi,TV,,,,anime,,,AnimeAV1,https://animeav1.com/media/satsuriku-no-tenshi
animeav1-sunohara-sou-no-kanrinin-san,Sunohara-sou no Kanrinin-san,TV,,,,anime,,,AnimeAV1,https://animeav1.com/media/sunohara-sou-no-kanrinin-san
animeav1-super-dragon-ball-heroes,Super Dragon Ball Heroes,ONA,,,,anime,,,AnimeAV1,https://animeav1.com/media/super-dragon-ball-heroes
animeav1-cike-wu-liuqi,Scissor Seven,ONA,,,,anime,,,AnimeAV1,https://animeav1.com/media/cike-wu-liuqi
animeav1-steinsgate-0,Steins;Gate 0,TV,,,,anime,,,AnimeAV1,https://animeav1.com/media/steinsgate-0
animeav1-souten-no-ken-regenesis,Souten no Ken: Regenesis,TV,,,,anime,,,AnimeAV1,https://animeav1.com/media/souten-no-ken-regenesis
animeav1-shokugeki-no-souma-san-no-sara-tootsuki-ressha-hen,Shokugeki no Souma: San no Sara - Tootsuki Ressha-hen,TV,,,,anime,,,AnimeAV1,https://animeav1.com/media/shokugeki-no-souma-san-no-sara-tootsuki-ressha-hen
animeav1-shinmai-maou-no-testament-departures,Shinmai Maou no Testament Departures,OVA,,,,anime,,,AnimeAV1,https://animeav1.com/media/shinmai-maou-no-testament-departures
animeav1-sayonara-no-asa-ni-yakusoku-no-hana-wo-kazarou,Sayonara no Asa ni Yakusoku no Hana wo Kazarou,Movie,,,,anime,,,AnimeAV1,https://animeav1.com/media/sayonara-no-asa-ni-yakusoku-no-hana-wo-kazarou
animeav1-saiki-kusuo-no-ps-nan-2,Saiki Kusuo no Ψ-nan 2,TV,,,,anime,,,AnimeAV1,https://animeav1.com/media/saiki-kusuo-no-ps-nan-2
animeav1-sora-yori-mo-tooi-basho,Sora yori mo Tooi Basho,TV,,,,anime,,,AnimeAV1,https://animeav1.com/media/sora-yori-mo-tooi-basho
animeav1-shingeki-no-kyojin-lost-girls,Shingeki no Kyojin: Lost Girls,OVA,,,,anime,,,AnimeAV1,https://animeav1.com/media/shingeki-no-kyojin-lost-girls
animeav1-shoujo-shuumatsu-ryokou,Shoujo Shuumatsu Ryokou,TV,,,,romance,,,AnimeAV1,https://animeav1.com/media/shoujo-shuumatsu-ryokou
animeav1-shokugeki-no-souma-san-no-sara,Shokugeki no Souma: San no Sara,TV,,,,anime,,,AnimeAV1,https://animeav1.com/media/shokugeki-no-souma-san-no-sara
animeav1-sengoku-night-blood,Sengoku Night Blood,TV,,,,anime,,,AnimeAV1,https://animeav1.com/media/sengoku-night-blood
animeav1-seitokai-yakuindomo-movie,Seitokai Yakuindomo Movie,MOVIE,,,,anime,,,AnimeAV1,https://animeav1.com/media/seitokai-yakuindomo-movie
animeav1-shoukoku-no-altair,Shoukoku no Altair,TV,,,,anime,,,AnimeAV1,https://animeav1.com/media/shoukoku-no-altair
animeav1-saiyuuki-reload-blast,Saiyuuki Reload Blast,TV,,,,anime,,,AnimeAV1,https://animeav1.com/media/saiyuuki-reload-blast
animeav1-senki-zesshou-symphogear-axz,Senki Zesshou Symphogear AXZ,TV,,,,anime,,,AnimeAV1,https://animeav1.com/media/senki-zesshou-symphogear-axz
animeav1-saenai-heroine-no-sodatekata,Saenai Heroine no Sodatekata ♭,TV,,,,anime,,,AnimeAV1,https://animeav1.com/media/saenai-heroine-no-sodatekata
animeav1-shuumatsu-nani-shitemasu-ka-isogashii-desu-ka-sukutte-moratte-ii-desu-ka,Shuumatsu Nani Shitemasu ka? Isogashii desu ka? Sukutte Moratte Ii desu ka?,TV,,,,anime,,,AnimeAV1,https://animeav1.com/media/shuumatsu-nani-shitemasu-ka-isogashii-desu-ka-sukutte-moratte-ii-desu-ka
animeav1-shingeki-no-bahamut-virgin-soul,Shingeki no Bahamut: Virgin Soul,TV,,,,anime,,,AnimeAV1,https://animeav1.com/media/shingeki-no-bahamut-virgin-soul
animeav1-sakura-quest,Sakura Quest,TV,,,,anime,,,AnimeAV1,https://animeav1.com/media/sakura-quest
animeav1-sakurada-reset,Sakurada Reset,TV,,,,anime,,,AnimeAV1,https://animeav1.com/media/sakurada-reset
animeav1-shingeki-no-kyojin-season-2,Shingeki no Kyojin Season 2,TV,,,,anime,,,AnimeAV1,https://animeav1.com/media/shingeki-no-kyojin-season-2
animeav1-sword-art-online-movie-ordinal-scale,Sword Art Online Movie: Ordinal Scale,MOVIE,,,,anime,,,AnimeAV1,https://animeav1.com/media/sword-art-online-movie-ordinal-scale
animeav1-super-lovers-2,Super Lovers 2,TV,,,,anime,,,AnimeAV1,https://animeav1.com/media/super-lovers-2
animeav1-super-danganronpa-25-komaeda-nagito-to-sekai-no-hakaisha,Super Danganronpa 2.5: Komaeda Nagito to Sekai no Hakaisha,OVA,,,,anime,,,AnimeAV1,https://animeav1.com/media/super-danganronpa-25-komaeda-nagito-to-sekai-no-hakaisha
animeav1-shouwa-genroku-rakugo-shinjuu-sukeroku-futatabi-hen,Shouwa Genroku Rakugo Shinjuu: Sukeroku Futatabi-hen,TV,,,,anime,,,AnimeAV1,https://animeav1.com/media/shouwa-genroku-rakugo-shinjuu-sukeroku-futatabi-hen
animeav1-suki-ni-naru-sono-shunkan-wo-kokuhaku-jikkou-iinkai,Suki ni Naru Sono Shunkan wo. Kokuhaku Jikkou Iinkai,Movie,,,,anime,,,AnimeAV1,https://animeav1.com/media/suki-ni-naru-sono-shunkan-wo-kokuhaku-jikkou-iinkai
animeav1-strike-the-blood-ii,Strike the Blood II,OVA,,,,anime,,,AnimeAV1,https://animeav1.com/media/strike-the-blood-ii
animeav1-shuumatsu-no-izetta,Shuumatsu no Izetta,TV,,,,anime,,,AnimeAV1,https://animeav1.com/media/shuumatsu-no-izetta
animeav1-show-by-rock-short,Show By Rock!! Short!!,TV,,,,anime,,,AnimeAV1,https://animeav1.com/media/show-by-rock-short
animeav1-servamp,Servamp,TV,,,,anime,,,AnimeAV1,https://animeav1.com/media/servamp
animeav1-saiki-kusuo-no-ps-nan,Saiki Kusuo no Ψ-nan,TV,,,,anime,,,AnimeAV1,https://animeav1.com/media/saiki-kusuo-no-ps-nan
animeav1-shokugeki-no-souma-ni-no-sara,Shokugeki no Souma: Ni no Sara,TV,,,,anime,,,AnimeAV1,https://animeav1.com/media/shokugeki-no-souma-ni-no-sara
animeav1-sakamoto-desu-ga,Sakamoto Desu ga?,TV,,,,anime,,,AnimeAV1,https://animeav1.com/media/sakamoto-desu-ga
animeav1-super-lovers,Super Lovers,TV,,,,anime,,,AnimeAV1,https://animeav1.com/media/super-lovers
animeav1-sousei-no-onmyouji,Sousei no Onmyouji,TV,,,,anime,,,AnimeAV1,https://animeav1.com/media/sousei-no-onmyouji
animeav1-selector-destructed-wixoss-movie,Selector Destructed WIXOSS Movie,MOVIE,,,,anime,,,AnimeAV1,https://animeav1.com/media/selector-destructed-wixoss-movie
animeav1-shinmai-maou-no-testament-burst-toujou-basara-no-shigoku-heiwa-na-nichijou,Shinmai Maou no Testament Burst: Toujou Basara no Shigoku Heiwa na Nichijou,OVA,,,,anime,,,AnimeAV1,https://animeav1.com/media/shinmai-maou-no-testament-burst-toujou-basara-no-shigoku-heiwa-na-nichijou
animeav1-schwarzesmarken,Schwarzesmarken,TV,,,,anime,,,AnimeAV1,https://animeav1.com/media/schwarzesmarken
animeav1-saijaku-muhai-no-bahamut,Saijaku Muhai no Bahamut,TV,,,,anime,,,AnimeAV1,https://animeav1.com/media/saijaku-muhai-no-bahamut
animeav1-shouwa-genroku-rakugo-shinjuu,Shouwa Genroku Rakugo Shinjuu,TV,,,,anime,,,AnimeAV1,https://animeav1.com/media/shouwa-genroku-rakugo-shinjuu
animeav1-strike-the-blood-valkyria-no-oukoku-hen,Strike the Blood: Valkyria no Oukoku-hen,OVA,,,,anime,,,AnimeAV1,https://animeav1.com/media/strike-the-blood-valkyria-no-oukoku-hen
animeav1-shinmai-maou-no-testament-burst,Shinmai Maou no Testament Burst,TV,,,,anime,,,AnimeAV1,https://animeav1.com/media/shinmai-maou-no-testament-burst
animeav1-soukyuu-no-fafner-dead-aggressor-exodus-part-2,Soukyuu no Fafner: Dead Aggressor - Exodus Part 2,TV,,,,anime,,,AnimeAV1,https://animeav1.com/media/soukyuu-no-fafner-dead-aggressor-exodus-part-2
animeav1-sora-no-method-aru-shoujo-no-kyuujitsu,Sora no Method: Aru Shoujo no Kyuujitsu★,TV,,,,romance,,,AnimeAV1,https://animeav1.com/media/sora-no-method-aru-shoujo-no-kyuujitsu
animeav1-senki-zesshou-symphogear-gx,Senki Zesshou Symphogear GX,TV,,,,anime,,,AnimeAV1,https://animeav1.com/media/senki-zesshou-symphogear-gx
animeav1-shimoneta-to-iu-gainen-ga-sonzai-shinai-taikutsu-na-sekai,Shimoneta to Iu Gainen ga Sonzai Shinai Taikutsu na Sekai,TV,,,,anime,,,AnimeAV1,https://animeav1.com/media/shimoneta-to-iu-gainen-ga-sonzai-shinai-taikutsu-na-sekai
animeav1-shinmai-maou-no-testament-toujou-basara-no-hard-sweet-na-nichijou,Shinmai Maou no Testament: Toujou Basara no Hard Sweet na Nichijou,OVA,,,,anime,,,AnimeAV1,https://animeav1.com/media/shinmai-maou-no-testament-toujou-basara-no-hard-sweet-na-nichijou
animeav1-shigatsu-wa-kimi-no-uso-moments,Shigatsu wa Kimi no Uso: Moments,OVA,,,,anime,,,AnimeAV1,https://animeav1.com/media/shigatsu-wa-kimi-no-uso-moments
animeav1-saint-seiya-soul-of-gold,Saint Seiya: Soul of Gold,ONA,,,,anime,,,AnimeAV1,https://animeav1.com/media/saint-seiya-soul-of-gold
animeav1-sidonia-no-kishi-daikyuu-wakusei-seneki,Sidonia no Kishi: Daikyuu Wakusei Seneki,TV,,,,anime,,,AnimeAV1,https://animeav1.com/media/sidonia-no-kishi-daikyuu-wakusei-seneki
animeav1-show-by-rock,Show By Rock!!,TV,,,,anime,,,AnimeAV1,https://animeav1.com/media/show-by-rock
animeav1-shokugeki-no-souma,Shokugeki no Souma,TV,,,,anime,,,AnimeAV1,https://animeav1.com/media/shokugeki-no-souma
animeav1-senran-kagura-estival-versus-mizugi-darake-no-zenyasai,Senran Kagura Estival Versus: Mizugi-darake no Zenyasai,OVA,,,,anime,,,AnimeAV1,https://animeav1.com/media/senran-kagura-estival-versus-mizugi-darake-no-zenyasai
animeav1-saenai-heroine-no-sodatekata-s1,Saenai Heroine no Sodatekata,TV,,,,anime,,,AnimeAV1,https://animeav1.com/media/saenai-heroine-no-sodatekata-s1
animeav1-seiken-tsukai-no-world-break,Seiken Tsukai no World Break,TV,,,,anime,,,AnimeAV1,https://animeav1.com/media/seiken-tsukai-no-world-break
animeav1-soukyuu-no-fafner-dead-aggressor-exodus,Soukyuu no Fafner: Dead Aggressor - Exodus,TV,,,,anime,,,AnimeAV1,https://animeav1.com/media/soukyuu-no-fafner-dead-aggressor-exodus
animeav1-shinmai-maou-no-testament,Shinmai Maou no Testament,TV,,,,anime,,,AnimeAV1,https://animeav1.com/media/shinmai-maou-no-testament
animeav1-shingeki-no-kyojin-kuinaki-sentaku,Shingeki no Kyojin: Kuinaki Sentaku,OVA,,,,anime,,,AnimeAV1,https://animeav1.com/media/shingeki-no-kyojin-kuinaki-sentaku
animeav1-sekai-seifuku-bouryaku-no-zvezda-shin-zvezda-daisakusen,Sekai Seifuku: Bouryaku no Zvezda - Shin Zvezda Daisakusen,TV,,,,anime,,,AnimeAV1,https://animeav1.com/media/sekai-seifuku-bouryaku-no-zvezda-shin-zvezda-daisakusen
animeav1-shigatsu-wa-kimi-no-uso,Shigatsu wa Kimi no Uso,TV,,,,anime,,,AnimeAV1,https://animeav1.com/media/shigatsu-wa-kimi-no-uso
animeav1-shirobako,Shirobako,TV,,,,anime,,,AnimeAV1,https://animeav1.com/media/shirobako
animeav1-seireitsukai-no-blade-dance-specials,Seireitsukai no Blade Dance Specials,TV,,,,anime,,,AnimeAV1,https://animeav1.com/media/seireitsukai-no-blade-dance-specials
animeav1-shingeki-no-bahamut-genesis,Shingeki no Bahamut: Genesis,TV,,,,anime,,,AnimeAV1,https://animeav1.com/media/shingeki-no-bahamut-genesis
animeav1-sora-no-method,Sora no Method,TV,,,,anime,,,AnimeAV1,https://animeav1.com/media/sora-no-method
animeav1-selector-spread-wixoss,Selector Spread WIXOSS,TV,,,,anime,,,AnimeAV1,https://animeav1.com/media/selector-spread-wixoss
animeav1-suisei-no-gargantia-meguru-kouro-haruka,"Suisei no Gargantia: Meguru Kouro, Haruka",OVA,,,,anime,,,AnimeAV1,https://animeav1.com/media/suisei-no-gargantia-meguru-kouro-haruka
animeav1-seireitsukai-no-blade-dance,Seireitsukai no Blade Dance,TV,,,,anime,,,AnimeAV1,https://animeav1.com/media/seireitsukai-no-blade-dance
animeav1-spacedandy-2nd-season,Space☆Dandy 2nd Season,TV,,,,anime,,,AnimeAV1,https://animeav1.com/media/spacedandy-2nd-season
animeav1-sword-art-online-ii,Sword Art Online II,TV,,,,anime,,,AnimeAV1,https://animeav1.com/media/sword-art-online-ii
animeav1-saikin-imouto-no-yousu-ga-chotto-okashiinda-ga-ova,"Saikin, Imouto no Yousu ga Chotto Okashiinda ga. OVA",OVA,,,,anime,,,AnimeAV1,https://animeav1.com/media/saikin-imouto-no-yousu-ga-chotto-okashiinda-ga-ova
animeav1-saint-seiya-legend-of-sanctuary,Saint Seiya: Legend of Sanctuary,Movie,,,,anime,,,AnimeAV1,https://animeav1.com/media/saint-seiya-legend-of-sanctuary
animeav1-sora-no-otoshimono-final-eternal-my-master,Sora no Otoshimono Final: Eternal My Master,Movie,,,,anime,,,AnimeAV1,https://animeav1.com/media/sora-no-otoshimono-final-eternal-my-master
animeav1-sidonia-no-kishi,Sidonia no Kishi,TV,,,,anime,,,AnimeAV1,https://animeav1.com/media/sidonia-no-kishi
animeav1-soul-eater-not,Soul Eater NOT!,TV,,,,anime,,,AnimeAV1,https://animeav1.com/media/soul-eater-not
animeav1-soredemo-sekai-wa-utsukushii,Soredemo Sekai wa Utsukushii,TV,,,,anime,,,AnimeAV1,https://animeav1.com/media/soredemo-sekai-wa-utsukushii
animeav1-seikoku-no-dragonar,Seikoku no Dragonar,TV,,,,anime,,,AnimeAV1,https://animeav1.com/media/seikoku-no-dragonar
animeav1-selector-infected-wixoss,Selector Infected WIXOSS,TV,,,,anime,,,AnimeAV1,https://animeav1.com/media/selector-infected-wixoss
animeav1-sekai-seifuku-bouryaku-no-zvezda,Sekai Seifuku: Bouryaku no Zvezda,TV,,,,anime,,,AnimeAV1,https://animeav1.com/media/sekai-seifuku-bouryaku-no-zvezda
animeav1-sakura-trick,Sakura Trick,TV,,,,anime,,,AnimeAV1,https://animeav1.com/media/sakura-trick
animeav1-saki-zenkoku-hen,Saki: Zenkoku-hen,TV,,,,anime,,,AnimeAV1,https://animeav1.com/media/saki-zenkoku-hen
animeav1-spacedandy,Space☆Dandy,TV,,,,anime,,,AnimeAV1,https://animeav1.com/media/spacedandy
animeav1-saikin-imouto-no-yousu-ga-chotto-okashiinda-ga,"Saikin, Imouto no Yousu ga Chotto Okashiinda ga.",TV,,,,anime,,,AnimeAV1,https://animeav1.com/media/saikin-imouto-no-yousu-ga-chotto-okashiinda-ga
animeav1-seitokai-yakuindomo-s2,Seitokai Yakuindomo 2,TV,,,,anime,,,AnimeAV1,https://animeav1.com/media/seitokai-yakuindomo-s2
animeav1-sword-art-online-extra-edition,Sword Art Online: Extra Edition,TV,,,,anime,,,AnimeAV1,https://animeav1.com/media/sword-art-online-extra-edition
animeav1-shingeki-no-kyojin-ova,Shingeki no Kyojin OVA,OVA,,,,anime,,,AnimeAV1,https://animeav1.com/media/shingeki-no-kyojin-ova
animeav1-sakasama-no-patema,Sakasama no Patema,Movie,,,,anime,,,AnimeAV1,https://animeav1.com/media/sakasama-no-patema
animeav1-samurai-flamenco,Samurai Flamenco,TV,,,,anime,,,AnimeAV1,https://animeav1.com/media/samurai-flamenco
animeav1-strike-the-blood,Strike the Blood,TV,,,,anime,,,AnimeAV1,https://animeav1.com/media/strike-the-blood
animeav1-suisei-no-gargantia-specials,Suisei no Gargantia Specials,TV,,,,anime,,,AnimeAV1,https://animeav1.com/media/suisei-no-gargantia-specials
animeav1-servant-x-service,Servant x Service,TV,,,,anime,,,AnimeAV1,https://animeav1.com/media/servant-x-service
animeav1-senki-zesshou-symphogear-g,Senki Zesshou Symphogear G,TV,,,,anime,,,AnimeAV1,https://animeav1.com/media/senki-zesshou-symphogear-g
animeav1-seitokai-no-ichizon-lv2-watasu-seitokai,Seitokai no Ichizon Lv.2: Watasu Seitokai,OVA,,,,anime,,,AnimeAV1,https://animeav1.com/media/seitokai-no-ichizon-lv2-watasu-seitokai
animeav1-steinsgate-movie-fuka-ryouiki-no-deja-vu,Steins;Gate Movie: Fuka Ryouiki no Déjà vu,MOVIE,,,,anime,,,AnimeAV1,https://animeav1.com/media/steinsgate-movie-fuka-ryouiki-no-deja-vu
animeav1-shingeki-no-kyojin,Shingeki no Kyojin,TV,,,,anime,,,AnimeAV1,https://animeav1.com/media/shingeki-no-kyojin
animeav1-suisei-no-gargantia,Suisei no Gargantia,TV,,,,anime,,,AnimeAV1,https://animeav1.com/media/suisei-no-gargantia
animeav1-saki-achiga-hen-episode-of-side-a-specials,Saki Achiga-hen: Episode of Side-A Specials,TV,,,,anime,,,AnimeAV1,https://animeav1.com/media/saki-achiga-hen-episode-of-side-a-specials
animeav1-senran-kagura,Senran Kagura,TV,,,,anime,,,AnimeAV1,https://animeav1.com/media/senran-kagura
animeav1-suki-tte-ii-na-yo-mei-and-marshmallow,Suki tte Ii na yo.: Mei and Marshmallow,TV,,,,anime,,,AnimeAV1,https://animeav1.com/media/suki-tte-ii-na-yo-mei-and-marshmallow
animeav1-seitokai-no-ichizon-lv2,Seitokai no Ichizon Lv.2,ONA,,,,anime,,,AnimeAV1,https://animeav1.com/media/seitokai-no-ichizon-lv2
animeav1-sakura-sou-no-pet-na-kanojo,Sakura-sou no Pet na Kanojo,TV,,,,anime,,,AnimeAV1,https://animeav1.com/media/sakura-sou-no-pet-na-kanojo
animeav1-suki-tte-ii-na-yo,Suki tte Ii na yo.,TV,,,,anime,,,AnimeAV1,https://animeav1.com/media/suki-tte-ii-na-yo
animeav1-shinsekai-yori,Shinsekai yori,TV,,,,anime,,,AnimeAV1,https://animeav1.com/media/shinsekai-yori
animeav1-shinryaku-ika-musume-ova,Shinryaku!! Ika Musume,OVA,,,,anime,,,AnimeAV1,https://animeav1.com/media/shinryaku-ika-musume-ova
animeav1-sword-art-online,Sword Art Online,TV,,,,anime,,,AnimeAV1,https://animeav1.com/media/sword-art-online
animeav1-sakamichi-no-apollon,Sakamichi no Apollon,TV,,,,anime,,,AnimeAV1,https://animeav1.com/media/sakamichi-no-apollon
animeav1-saki-achiga-hen-episode-of-side-a,Saki Achiga-hen: Episode of Side-A,TV,,,,anime,,,AnimeAV1,https://animeav1.com/media/saki-achiga-hen-episode-of-side-a
animeav1-sankarea,Sankarea,TV,,,,anime,,,AnimeAV1,https://animeav1.com/media/sankarea
animeav1-saint-seiya-omega,Saint Seiya Omega,TV,,,,anime,,,AnimeAV1,https://animeav1.com/media/saint-seiya-omega
animeav1-strike-witches-movie,Strike Witches Movie,MOVIE,,,,anime,,,AnimeAV1,https://animeav1.com/media/strike-witches-movie
animeav1-shijou-saikyou-no-deshi-kenichi-ova,Shijou Saikyou no Deshi Kenichi OVA,OVA,,,,anime,,,AnimeAV1,https://animeav1.com/media/shijou-saikyou-no-deshi-kenichi-ova
animeav1-sakasama-no-patema-beginning-of-the-day,Sakasama no Patema: Beginning of the Day,TV,,,,anime,,,AnimeAV1,https://animeav1.com/media/sakasama-no-patema-beginning-of-the-day
animeav1-smile-precure,Smile Precure!,TV,,,,anime,,,AnimeAV1,https://animeav1.com/media/smile-precure
animeav1-senki-zesshou-symphogear,Senki Zesshou Symphogear,TV,,,,anime,,,AnimeAV1,https://animeav1.com/media/senki-zesshou-symphogear
animeav1-suite-precure-movie-torimodose-kokoro-ga-tsunagu-kiseki-no-melody,Suite Precure♪ Movie: Torimodose! Kokoro ga Tsunagu Kiseki no Melody♪,MOVIE,,,,anime,,,AnimeAV1,https://animeav1.com/media/suite-precure-movie-torimodose-kokoro-ga-tsunagu-kiseki-no-melody
animeav1-sekaiichi-hatsukoi-2,Sekaiichi Hatsukoi 2,TV,,,,anime,,,AnimeAV1,https://animeav1.com/media/sekaiichi-hatsukoi-2
animeav1-shakugan-no-shana-iii-final,Shakugan no Shana III (Final),TV,,,,anime,,,AnimeAV1,https://animeav1.com/media/shakugan-no-shana-iii-final
animeav1-shinryaku-ika-musume-s2,Shinryaku!? Ika Musume,TV,,,,anime,,,AnimeAV1,https://animeav1.com/media/shinryaku-ika-musume-s2
animeav1-seikon-no-qwaser-ii-picture-drama,Seikon no Qwaser II Picture Drama,TV,,,,drama,,,AnimeAV1,https://animeav1.com/media/seikon-no-qwaser-ii-picture-drama
animeav1-sora-no-otoshimono-tokeijikake-no-angeloid,Sora no Otoshimono: Tokeijikake no Angeloid,Movie,,,,anime,,,AnimeAV1,https://animeav1.com/media/sora-no-otoshimono-tokeijikake-no-angeloid
animeav1-seikon-no-qwaser-ii,Seikon no Qwaser II,TV,,,,anime,,,AnimeAV1,https://animeav1.com/media/seikon-no-qwaser-ii
animeav1-sekaiichi-hatsukoi,Sekaiichi Hatsukoi,TV,,,,anime,,,AnimeAV1,https://animeav1.com/media/sekaiichi-hatsukoi
animeav1-sket-dance,SKET Dance,TV,,,,anime,,,AnimeAV1,https://animeav1.com/media/sket-dance
animeav1-steinsgate,Steins;Gate,TV,,,,anime,,,AnimeAV1,https://animeav1.com/media/steinsgate
animeav1-saiyuuki-gaiden,Saiyuuki Gaiden,OVA,,,,anime,,,AnimeAV1,https://animeav1.com/media/saiyuuki-gaiden
animeav1-sekaiichi-hatsukoi-ova,Sekaiichi Hatsukoi OVA,OVA,,,,anime,,,AnimeAV1,https://animeav1.com/media/sekaiichi-hatsukoi-ova
animeav1-saint-seiya-the-lost-canvas-meiou-shinwa-2,Saint Seiya: The Lost Canvas 2,OVA,,,,anime,,,AnimeAV1,https://animeav1.com/media/saint-seiya-the-lost-canvas-meiou-shinwa-2
animeav1-suite-precure,Suite Precure♪,TV,,,,anime,,,AnimeAV1,https://animeav1.com/media/suite-precure
animeav1-shin-koihimemusou-otome-tairan-gakuensai-da-yo-zenin-shuugou-no-koto,Shin Koihime†Musou: Otome Tairan - Gakuensai da yo! Zenin Shuugou no Koto,OVA,,,,anime,,,AnimeAV1,https://animeav1.com/media/shin-koihimemusou-otome-tairan-gakuensai-da-yo-zenin-shuugou-no-koto
animeav1-soukyuu-no-fafner-dead-aggressor-heaven-and-earth,Soukyuu no Fafner: Dead Aggressor - Heaven and Earth,Movie,,,,anime,,,AnimeAV1,https://animeav1.com/media/soukyuu-no-fafner-dead-aggressor-heaven-and-earth
animeav1-seikon-no-qwaser-jotei-no-shouzou,Seikon no Qwaser: Jotei no Shouzou,OVA,,,,anime,,,AnimeAV1,https://animeav1.com/media/seikon-no-qwaser-jotei-no-shouzou
animeav1-soredemo-machi-wa-mawatteiru,Soredemo Machi wa Mawatteiru,TV,,,,anime,,,AnimeAV1,https://animeav1.com/media/soredemo-machi-wa-mawatteiru
animeav1-shinryaku-ika-musume-s1,Shinryaku! Ika Musume,TV,,,,anime,,,AnimeAV1,https://animeav1.com/media/shinryaku-ika-musume-s1
animeav1-shinrei-tantei-yakumo,Shinrei Tantei Yakumo,TV,,,,anime,,,AnimeAV1,https://animeav1.com/media/shinrei-tantei-yakumo
animeav1-star-driver-kagayaki-no-takuto,Star Driver: Kagayaki no Takuto,TV,,,,anime,,,AnimeAV1,https://animeav1.com/media/star-driver-kagayaki-no-takuto
animeav1-sora-no-otoshimono-forte,Sora no Otoshimono Forte,TV,,,,anime,,,AnimeAV1,https://animeav1.com/media/sora-no-otoshimono-forte
animeav1-sekirei-pure-engagement-episode-0,Sekirei: Pure Engagement Episode 0,TV,,,,anime,,,AnimeAV1,https://animeav1.com/media/sekirei-pure-engagement-episode-0
animeav1-shiki,Shiki,TV,,,,anime,,,AnimeAV1,https://animeav1.com/media/shiki
animeav1-strike-witches-2,Strike Witches 2,TV,,,,anime,,,AnimeAV1,https://animeav1.com/media/strike-witches-2
animeav1-shin-koihimemusou-gunyuu-minami-no-shima-de-bakansu-wo-suru-no-koto-ato-porori-mo-aru-yo,"Shin Koihime†Musou: Gunyuu, Minami no Shima de Bakansu wo Suru no Koto - Ato, Porori mo Aru yo!",OVA,,,,anime,,,AnimeAV1,https://animeav1.com/media/shin-koihimemusou-gunyuu-minami-no-shima-de-bakansu-wo-suru-no-koto-ato-porori-mo-aru-yo
animeav1-seikimatsu-occult-gakuin,Seikimatsu Occult Gakuin,TV,,,,anime,,,AnimeAV1,https://animeav1.com/media/seikimatsu-occult-gakuin
animeav1-seitokai-yakuindomo-s1,Seitokai Yakuindomo,TV,,,,anime,,,AnimeAV1,https://animeav1.com/media/seitokai-yakuindomo-s1
animeav1-sekirei-pure-engagement,Sekirei: Pure Engagement,TV,,,,anime,,,AnimeAV1,https://animeav1.com/media/sekirei-pure-engagement
animeav1-so-ra-no-wo-to-specials,So Ra No Wo To Specials,TV,,,,anime,,,AnimeAV1,https://animeav1.com/media/so-ra-no-wo-to-specials
animeav1-seikon-no-qwaser-picture-drama,Seikon no Qwaser Picture Drama,TV,,,,drama,,,AnimeAV1,https://animeav1.com/media/seikon-no-qwaser-picture-drama
animeav1-shin-koihimemusou-otome-tairan,Shin Koihime†Musou: Otome Tairan,TV,,,,anime,,,AnimeAV1,https://animeav1.com/media/shin-koihimemusou-otome-tairan
animeav1-shin-koihimemusou-live-revolution,Shin Koihime†Musou: Live Revolution,OVA,,,,anime,,,AnimeAV1,https://animeav1.com/media/shin-koihimemusou-live-revolution
animeav1-suzumiya-haruhi-no-shoushitsu,Suzumiya Haruhi no Shoushitsu,Movie,,,,anime,,,AnimeAV1,https://animeav1.com/media/suzumiya-haruhi-no-shoushitsu
animeav1-seikon-no-qwaser,Seikon no Qwaser,TV,,,,anime,,,AnimeAV1,https://animeav1.com/media/seikon-no-qwaser
animeav1-so-ra-no-wo-to,So Ra No Wo To,TV,,,,anime,,,AnimeAV1,https://animeav1.com/media/so-ra-no-wo-to
animeav1-shakugan-no-shana-s,Shakugan no Shana S,OVA,,,,anime,,,AnimeAV1,https://animeav1.com/media/shakugan-no-shana-s
animeav1-shin-koihimemusou,Shin Koihime†Musou,TV,,,,anime,,,AnimeAV1,https://animeav1.com/media/shin-koihimemusou
animeav1-sora-no-otoshimono,Sora no Otoshimono,TV,,,,anime,,,AnimeAV1,https://animeav1.com/media/sora-no-otoshimono
animeav1-seiken-no-blacksmith,Seiken no Blacksmith,TV,,,,anime,,,AnimeAV1,https://animeav1.com/media/seiken-no-blacksmith
animeav1-seitokai-no-ichizon,Seitokai no Ichizon,TV,,,,anime,,,AnimeAV1,https://animeav1.com/media/seitokai-no-ichizon
animeav1-saki-picture-drama,Saki Picture Drama,TV,,,,drama,,,AnimeAV1,https://animeav1.com/media/saki-picture-drama
animeav1-shikabane-hime-kuro-soredemo-hito-to-shite,"Shikabane Hime: Kuro – Soredemo, Hito to Shite",TV,,,,anime,,,AnimeAV1,https://animeav1.com/media/shikabane-hime-kuro-soredemo-hito-to-shite
animeav1-shikabane-hime-puchitto,Shikabane Hime: Puchitto,TV,,,,anime,,,AnimeAV1,https://animeav1.com/media/shikabane-hime-puchitto
animeav1-summer-wars,Summer Wars,Movie,,,,anime,,,AnimeAV1,https://animeav1.com/media/summer-wars
animeav1-sora-no-manimani,Sora no Manimani,TV,,,,anime,,,AnimeAV1,https://animeav1.com/media/sora-no-manimani
animeav1-saint-seiya-the-lost-canvas-meiou-shinwa,Saint Seiya: The Lost Canvas,OVA,,,,anime,,,AnimeAV1,https://animeav1.com/media/saint-seiya-the-lost-canvas-meiou-shinwa
animeav1-suzumiya-haruhi-no-yuuutsu-2009,Suzumiya Haruhi no Yuuutsu (2009),TV,,,,anime,,,AnimeAV1,https://animeav1.com/media/suzumiya-haruhi-no-yuuutsu-2009
animeav1-saki,Saki,TV,,,,anime,,,AnimeAV1,https://animeav1.com/media/saki
animeav1-shin-mazinger-shougeki-z-hen,Shin Mazinger Shougeki! Z-hen,TV,,,,anime,,,AnimeAV1,https://animeav1.com/media/shin-mazinger-shougeki-z-hen
animeav1-sekirei-hajimete-no-otsukai,Sekirei: Hajimete no Otsukai,TV,,,,anime,,,AnimeAV1,https://animeav1.com/media/sekirei-hajimete-no-otsukai
animeav1-suzumiya-haruhi-chan-no-yuuutsu,Suzumiya Haruhi-chan no Yuuutsu,ONA,,,,anime,,,AnimeAV1,https://animeav1.com/media/suzumiya-haruhi-chan-no-yuuutsu
animeav1-slayers-evolution-r,Slayers Evolution-R,TV,,,,anime,,,AnimeAV1,https://animeav1.com/media/slayers-evolution-r
animeav1-shikabane-hime-kuro,Shikabane Hime: Kuro,TV,,,,anime,,,AnimeAV1,https://animeav1.com/media/shikabane-hime-kuro
animeav1-seto-no-hanayome-ova,Seto no Hanayome OVA,OVA,,,,anime,,,AnimeAV1,https://animeav1.com/media/seto-no-hanayome-ova
animeav1-seto-no-hanayome-ova-specials,Seto no Hanayome OVA Specials,OVA,,,,anime,,,AnimeAV1,https://animeav1.com/media/seto-no-hanayome-ova-specials
animeav1-skip-beat,Skip Beat!,TV,,,,anime,,,AnimeAV1,https://animeav1.com/media/skip-beat
animeav1-shugo-chara-doki,Shugo Chara!! Doki,TV,,,,anime,,,AnimeAV1,https://animeav1.com/media/shugo-chara-doki
animeav1-shikabane-hime-aka,Shikabane Hime: Aka,TV,,,,anime,,,AnimeAV1,https://animeav1.com/media/shikabane-hime-aka
animeav1-shigofumi-sore-kara,Shigofumi: Sore kara,TV,,,,anime,,,AnimeAV1,https://animeav1.com/media/shigofumi-sore-kara
animeav1-strike-witches,Strike Witches,TV,,,,anime,,,AnimeAV1,https://animeav1.com/media/strike-witches
animeav1-slayers-revolution,Slayers Revolution,TV,,,,anime,,,AnimeAV1,https://animeav1.com/media/slayers-revolution
animeav1-sekirei,Sekirei,TV,,,,anime,,,AnimeAV1,https://animeav1.com/media/sekirei
animeav1-soul-eater,Soul Eater,TV,,,,anime,,,AnimeAV1,https://animeav1.com/media/soul-eater
animeav1-special-a,Special A,SPECIAL,,,,anime,,,AnimeAV1,https://animeav1.com/media/special-a
animeav1-school-days-magical-heart-kokoro-chan,School Days: Magical Heart Kokoro-chan,OVA,,,,comedy,,,AnimeAV1,https://animeav1.com/media/school-days-magical-heart-kokoro-chan
animeav1-shigofumi-picture-drama,Shigofumi Picture Drama,TV,,,,drama,,,AnimeAV1,https://animeav1.com/media/shigofumi-picture-drama
animeav1-saint-seiya-meiou-hades-elysion-hen,Saint Seiya: Meiou Hades Elysion-hen,OVA,,,,anime,,,AnimeAV1,https://animeav1.com/media/saint-seiya-meiou-hades-elysion-hen
animeav1-school-days-valentine-days,School Days: Valentine Days,OVA,,,,comedy,,,AnimeAV1,https://animeav1.com/media/school-days-valentine-days
animeav1-shigofumi,Shigofumi,TV,,,,anime,,,AnimeAV1,https://animeav1.com/media/shigofumi
animeav1-shugo-chara,Shugo Chara!,TV,,,,anime,,,AnimeAV1,https://animeav1.com/media/shugo-chara
animeav1-shakugan-no-shana-ii-second,Shakugan no Shana II (Second),TV,,,,anime,,,AnimeAV1,https://animeav1.com/media/shakugan-no-shana-ii-second
animeav1-stranger-mukou-hadan,Stranger: Mukou Hadan,Movie,,,,anime,,,AnimeAV1,https://animeav1.com/media/stranger-mukou-hadan
animeav1-sola-specials,Sola Specials,TV,,,,anime,,,AnimeAV1,https://animeav1.com/media/sola-specials
animeav1-sumomomo-momomo-chijou-saikyou-no-yome-specials,Sumomomo Momomo: Chijou Saikyou no Yome Specials,TV,,,,anime,,,AnimeAV1,https://animeav1.com/media/sumomomo-momomo-chijou-saikyou-no-yome-specials
animeav1-shigurui,Shigurui,TV,,,,anime,,,AnimeAV1,https://animeav1.com/media/shigurui
animeav1-sayonara-zetsubou-sensei,Sayonara Zetsubou Sensei,TV,,,,anime,,,AnimeAV1,https://animeav1.com/media/sayonara-zetsubou-sensei
animeav1-school-days,School Days,TV,,,,comedy,,,AnimeAV1,https://animeav1.com/media/school-days
animeav1-skull-man,Skull Man,TV,,,,anime,,,AnimeAV1,https://animeav1.com/media/skull-man
animeav1-shakugan-no-shana-movie,Shakugan no Shana Movie,MOVIE,,,,anime,,,AnimeAV1,https://animeav1.com/media/shakugan-no-shana-movie
animeav1-sola,Sola,TV,,,,anime,,,AnimeAV1,https://animeav1.com/media/sola
animeav1-shinkyoku-soukai-polyphonica,Shinkyoku Soukai Polyphonica,TV,,,,anime,,,AnimeAV1,https://animeav1.com/media/shinkyoku-soukai-polyphonica
animeav1-seto-no-hanayome,Seto no Hanayome,TV,,,,anime,,,AnimeAV1,https://animeav1.com/media/seto-no-hanayome
animeav1-shijou-saikyou-no-deshi-kenichi,Shijou Saikyou no Deshi Kenichi,TV,,,,anime,,,AnimeAV1,https://animeav1.com/media/shijou-saikyou-no-deshi-kenichi
animeav1-sumomomo-momomo-chijou-saikyou-no-yome,Sumomomo Momomo: Chijou Saikyou no Yome,TV,,,,anime,,,AnimeAV1,https://animeav1.com/media/sumomomo-momomo-chijou-saikyou-no-yome
animeav1-souten-no-ken,Souten no Ken,TV,,,,anime,,,AnimeAV1,https://animeav1.com/media/souten-no-ken
animeav1-stratos-4-advance-kanketsu-hen,Stratos 4 Advance Kanketsu-hen,OVA,,,,anime,,,AnimeAV1,https://animeav1.com/media/stratos-4-advance-kanketsu-hen
animeav1-solty-rei-surechigau-kimochi-de-omoi-au-kokoro-de,"Solty Rei: Surechigau Kimochi de, Omoi Au Kokoro de.",TV,,,,anime,,,AnimeAV1,https://animeav1.com/media/solty-rei-surechigau-kimochi-de-omoi-au-kokoro-de
animeav1-strawberry-panic,Strawberry Panic,TV,,,,anime,,,AnimeAV1,https://animeav1.com/media/strawberry-panic
animeav1-suzumiya-haruhi-no-yuuutsu,Suzumiya Haruhi no Yuuutsu,TV,,,,anime,,,AnimeAV1,https://animeav1.com/media/suzumiya-haruhi-no-yuuutsu
animeav1-soukyuu-no-fafner-dead-aggressor-right-of-left,Soukyuu no Fafner: Dead Aggressor - Right of Left,ESPECIAL,,,,anime,,,AnimeAV1,https://animeav1.com/media/soukyuu-no-fafner-dead-aggressor-right-of-left
animeav1-saint-seiya-meiou-hades-meikai-hen,Saint Seiya: Meiou Hades Meikai-hen,OVA,,,,anime,,,AnimeAV1,https://animeav1.com/media/saint-seiya-meiou-hades-meikai-hen
animeav1-solty-rei,Solty Rei,TV,,,,anime,,,AnimeAV1,https://animeav1.com/media/solty-rei
animeav1-shakugan-no-shana,Shakugan no Shana,TV,,,,anime,,,AnimeAV1,https://animeav1.com/media/shakugan-no-shana
animeav1-seikai-no-senki-iii,Seikai no Senki III,OVA,,,,anime,,,AnimeAV1,https://animeav1.com/media/seikai-no-senki-iii
animeav1-saishuu-heiki-kanojo-another-love-song,Saishuu Heiki Kanojo: Another Love Song,OVA,,,,anime,,,AnimeAV1,https://animeav1.com/media/saishuu-heiki-kanojo-another-love-song
animeav1-shuffle,Shuffle!,TV,,,,anime,,,AnimeAV1,https://animeav1.com/media/shuffle
animeav1-suzuka,Suzuka,TV,,,,anime,,,AnimeAV1,https://animeav1.com/media/suzuka
animeav1-speed-grapher,Speed Grapher,TV,,,,anime,,,AnimeAV1,https://animeav1.com/media/speed-grapher
animeav1-sousei-no-aquarion,Sousei no Aquarion,TV,,,,anime,,,AnimeAV1,https://animeav1.com/media/sousei-no-aquarion
animeav1-stratos-4-advance,Stratos 4 Advance,OVA,,,,anime,,,AnimeAV1,https://animeav1.com/media/stratos-4-advance
animeav1-sunabouzu,Sunabouzu,TV,,,,anime,,,AnimeAV1,https://animeav1.com/media/sunabouzu
animeav1-school-rumble,School Rumble,TV,,,,comedy,,,AnimeAV1,https://animeav1.com/media/school-rumble
animeav1-steamboy,Steamboy,Movie,,,,anime,,,AnimeAV1,https://animeav1.com/media/steamboy
animeav1-soukyuu-no-fafner-dead-aggressor,Soukyuu no Fafner: Dead Aggressor,TV,,,,anime,,,AnimeAV1,https://animeav1.com/media/soukyuu-no-fafner-dead-aggressor
animeav1-samurai-7,Samurai 7,TV,,,,anime,,,AnimeAV1,https://animeav1.com/media/samurai-7
animeav1-samurai-champloo,Samurai Champloo,TV,,,,anime,,,AnimeAV1,https://animeav1.com/media/samurai-champloo
animeav1-sensei-no-ojikan-dokidoki-school-hours,Sensei no Ojikan: Dokidoki School Hours,TV,,,,comedy,,,AnimeAV1,https://animeav1.com/media/sensei-no-ojikan-dokidoki-school-hours
animeav1-saiyuuki-reload-gunlock,Saiyuuki Reload Gunlock,TV,,,,anime,,,AnimeAV1,https://animeav1.com/media/saiyuuki-reload-gunlock
animeav1-saint-seiya-tenkai-hen-josou-overture,Saint Seiya: Tenkai-hen Josou - Overture,Movie,,,,anime,,,AnimeAV1,https://animeav1.com/media/saint-seiya-tenkai-hen-josou-overture
animeav1-shingetsutan-tsukihime,Shingetsutan Tsukihime,TV,,,,anime,,,AnimeAV1,https://animeav1.com/media/shingetsutan-tsukihime
animeav1-sakigake-cromartie-koukou,Sakigake!! Cromartie Koukou,TV,,,,anime,,,AnimeAV1,https://animeav1.com/media/sakigake-cromartie-koukou
animeav1-saiyuuki-reload,Saiyuuki Reload,TV,,,,anime,,,AnimeAV1,https://animeav1.com/media/saiyuuki-reload
animeav1-shin-hokuto-no-ken,Shin Hokuto no Ken,OVA,,,,anime,,,AnimeAV1,https://animeav1.com/media/shin-hokuto-no-ken
animeav1-stratos-4,Stratos 4,TV,,,,anime,,,AnimeAV1,https://animeav1.com/media/stratos-4
animeav1-space-pirate-captain-herlock-outside-legend-the-endless-odyssey,Space Pirate Captain Herlock: Outside Legend - The Endless Odyssey,OVA,,,,anime,,,AnimeAV1,https://animeav1.com/media/space-pirate-captain-herlock-outside-legend-the-endless-odyssey
animeav1-saint-seiya-meiou-hades-juuni-kyuu-hen,Saint Seiya: Meiou Hades Juuni Kyuu-hen,OVA,,,,anime,,,AnimeAV1,https://animeav1.com/media/saint-seiya-meiou-hades-juuni-kyuu-hen
animeav1-saishuu-heiki-kanojo,Saishuu Heiki Kanojo,TV,,,,anime,,,AnimeAV1,https://animeav1.com/media/saishuu-heiki-kanojo
animeav1-sakura-taisen-katsudou-shashin,Sakura Taisen: Katsudou Shashin,Movie,,,,anime,,,AnimeAV1,https://animeav1.com/media/sakura-taisen-katsudou-shashin
animeav1-slayers-premium,Slayers Premium,Movie,,,,anime,,,AnimeAV1,https://animeav1.com/media/slayers-premium
animeav1-sen-to-chihiro-no-kamikakushi,Sen to Chihiro no Kamikakushi,Movie,,,,anime,,,AnimeAV1,https://animeav1.com/media/sen-to-chihiro-no-kamikakushi
animeav1-seikai-no-senki-ii,Seikai no Senki II,TV,,,,anime,,,AnimeAV1,https://animeav1.com/media/seikai-no-senki-ii
animeav1-shaman-king,Shaman King,TV,,,,anime,,,AnimeAV1,https://animeav1.com/media/shaman-king
animeav1-super-gals-kotobuki-ran,Super GALS! Kotobuki Ran,TV,,,,anime,,,AnimeAV1,https://animeav1.com/media/super-gals-kotobuki-ran
animeav1-sin-the-movie,Sin: The Movie,MOVIE,,,,anime,,,AnimeAV1,https://animeav1.com/media/sin-the-movie
animeav1-seikai-no-danshou-tanjou,Seikai no Danshou: Tanjou,ESPECIAL,,,,anime,,,AnimeAV1,https://animeav1.com/media/seikai-no-danshou-tanjou
animeav1-seikai-no-senki,Seikai no Senki,TV,,,,anime,,,AnimeAV1,https://animeav1.com/media/seikai-no-senki
animeav1-sakura-taisen,Sakura Taisen,TV,,,,anime,,,AnimeAV1,https://animeav1.com/media/sakura-taisen
animeav1-seihou-tenshi-angel-links,Seihou Tenshi Angel Links,TV,,,,anime,,,AnimeAV1,https://animeav1.com/media/seihou-tenshi-angel-links
animeav1-seikai-no-monshou,Seikai no Monshou,TV,,,,anime,,,AnimeAV1,https://animeav1.com/media/seikai-no-monshou
animeav1-slayers-excellent,Slayers Excellent,OVA,,,,anime,,,AnimeAV1,https://animeav1.com/media/slayers-excellent
animeav1-saber-marionette-j-to-x,Saber Marionette J to X,TV,,,,anime,,,AnimeAV1,https://animeav1.com/media/saber-marionette-j-to-x
animeav1-spriggan,Spriggan,Movie,,,,anime,,,AnimeAV1,https://animeav1.com/media/spriggan
animeav1-slayers-gorgeous,Slayers Gorgeous,Movie,,,,anime,,,AnimeAV1,https://animeav1.com/media/slayers-gorgeous
animeav1-serial-experiments-lain,Serial Experiments Lain,TV,,,,anime,,,AnimeAV1,https://animeav1.com/media/serial-experiments-lain
animeav1-shadow-skill-eigi,Shadow Skill: Eigi,TV,,,,anime,,,AnimeAV1,https://animeav1.com/media/shadow-skill-eigi
animeav1-cardcaptor-sakura,Sakura Card Captor,TV,,,,anime,,,AnimeAV1,https://animeav1.com/media/cardcaptor-sakura
animeav1-seihou-bukyou-outlaw-star,Seihou Bukyou Outlaw Star,TV,,,,anime,,,AnimeAV1,https://animeav1.com/media/seihou-bukyou-outlaw-star
animeav1-sakura-taisen-ouka-kenran,Sakura Taisen: Ouka Kenran,OVA,,,,anime,,,AnimeAV1,https://animeav1.com/media/sakura-taisen-ouka-kenran
animeav1-saber-marionette-j-again,Saber Marionette J Again,OVA,,,,anime,,,AnimeAV1,https://animeav1.com/media/saber-marionette-j-again
animeav1-slayers-great,Slayers Great,Movie,,,,anime,,,AnimeAV1,https://animeav1.com/media/slayers-great
animeav1-shinseiki-evangelion-movie-airmagokoro-wo-kimi-ni,"Shinseiki Evangelion Movie: Air/Magokoro wo, Kimi ni",MOVIE,,,,anime,,,AnimeAV1,https://animeav1.com/media/shinseiki-evangelion-movie-airmagokoro-wo-kimi-ni
animeav1-sakura-tsuushin,Sakura Tsuushin,OVA,,,,anime,,,AnimeAV1,https://animeav1.com/media/sakura-tsuushin
animeav1-slayers-try,Slayers Try,TV,,,,anime,,,AnimeAV1,https://animeav1.com/media/slayers-try
animeav1-shoujo-kakumei-utena,Shoujo Kakumei Utena,TV,,,,romance,,,AnimeAV1,https://animeav1.com/media/shoujo-kakumei-utena
animeav1-shin-tenchi-muyou,Shin Tenchi Muyou!,TV,,,,anime,,,AnimeAV1,https://animeav1.com/media/shin-tenchi-muyou
animeav1-shinseiki-evangelion-movie-shi-to-shinsei,Shinseiki Evangelion Movie: Shi to Shinsei,MOVIE,,,,anime,,,AnimeAV1,https://animeav1.com/media/shinseiki-evangelion-movie-shi-to-shinsei
animeav1-shin-kidou-senki-gundam-wing-endless-waltz,Shin Kidou Senki Gundam Wing: Endless Waltz,OVA,,,,anime,,,AnimeAV1,https://animeav1.com/media/shin-kidou-senki-gundam-wing-endless-waltz
animeav1-shin-kimagure-orangeroad-soshite-ano-natsu-no-hajimari,"Shin Kimagure Orange☆Road: Soshite, Ano Natsu no Hajimari",Movie,,,,anime,,,AnimeAV1,https://animeav1.com/media/shin-kimagure-orangeroad-soshite-ano-natsu-no-hajimari
animeav1-saber-marionette-j,Saber Marionette J,TV,,,,anime,,,AnimeAV1,https://animeav1.com/media/saber-marionette-j
animeav1-shadow-skill-1996,Shadow Skill (1996),OVA,,,,anime,,,AnimeAV1,https://animeav1.com/media/shadow-skill-1996
animeav1-slayers-return,Slayers Return,Movie,,,,anime,,,AnimeAV1,https://animeav1.com/media/slayers-return
animeav1-slayers-specials,Slayers Specials,OVA,,,,anime,,,AnimeAV1,https://animeav1.com/media/slayers-specials
animeav1-shamanic-princess,Shamanic Princess,OVA,,,,anime,,,AnimeAV1,https://animeav1.com/media/shamanic-princess
animeav1-slayers-next,Slayers Next,TV,,,,anime,,,AnimeAV1,https://animeav1.com/media/slayers-next
animeav1-bishoujo-senshi-sailor-moon-sailor-stars,Sailor Moon Sailor Stars,TV,,,,anime,,,AnimeAV1,https://animeav1.com/media/bishoujo-senshi-sailor-moon-sailor-stars
animeav1-bishoujo-senshi-sailor-moon-supers-sailor-9-senshi-shuuketsu-black-dream-hole-no-kiseki,Sailor Moon SuperS the Movie: Black Dream Hole,MOVIE,,,,anime,,,AnimeAV1,https://animeav1.com/media/bishoujo-senshi-sailor-moon-supers-sailor-9-senshi-shuuketsu-black-dream-hole-no-kiseki
animeav1-shadow-skill,Shadow Skill,OVA,,,,anime,,,AnimeAV1,https://animeav1.com/media/shadow-skill
animeav1-shinseiki-evangelion,Shinseiki Evangelion,TV,,,,anime,,,AnimeAV1,https://animeav1.com/media/shinseiki-evangelion
animeav1-slayers-the-motion-picture,Slayers: The Motion Picture,Movie,,,,anime,,,AnimeAV1,https://animeav1.com/media/slayers-the-motion-picture
animeav1-saber-marionette-r,Saber Marionette R,OVA,,,,anime,,,AnimeAV1,https://animeav1.com/media/saber-marionette-r
animeav1-shin-kidou-senki-gundam-wing,Shin Kidou Senki Gundam Wing,TV,,,,anime,,,AnimeAV1,https://animeav1.com/media/shin-kidou-senki-gundam-wing
animeav1-slayers,Slayers,TV,,,,anime,,,AnimeAV1,https://animeav1.com/media/slayers
animeav1-bishoujo-senshi-sailor-moon-supers,Sailor Moon SuperS,TV,,,,anime,,,AnimeAV1,https://animeav1.com/media/bishoujo-senshi-sailor-moon-supers
animeav1-bishoujo-senshi-sailor-moon-s-kaguya-hime-no-koibito,Sailor Moon S Movie: Hearts in Ice,MOVIE,,,,anime,,,AnimeAV1,https://animeav1.com/media/bishoujo-senshi-sailor-moon-s-kaguya-hime-no-koibito
animeav1-street-fighter-ii-movie,Street Fighter II Movie,MOVIE,,,,anime,,,AnimeAV1,https://animeav1.com/media/street-fighter-ii-movie
animeav1-soukou-kihei-votoms-kakuyaku-taru-itan,Soukou Kihei Votoms: Kakuyaku taru Itan,OVA,,,,anime,,,AnimeAV1,https://animeav1.com/media/soukou-kihei-votoms-kakuyaku-taru-itan
animeav1-bishoujo-senshi-sailor-moon-s,Sailor Moon S,TV,,,,anime,,,AnimeAV1,https://animeav1.com/media/bishoujo-senshi-sailor-moon-s
animeav1-slam-dunk-movie,Slam Dunk (Movie),MOVIE,,,,anime,,,AnimeAV1,https://animeav1.com/media/slam-dunk-movie
animeav1-bishoujo-senshi-sailor-moon-r-the-movie,Sailor Moon R: La Película,Movie,,,,anime,,,AnimeAV1,https://animeav1.com/media/bishoujo-senshi-sailor-moon-r-the-movie
animeav1-slam-dunk,Slam Dunk,TV,,,,anime,,,AnimeAV1,https://animeav1.com/media/slam-dunk
animeav1-suna-no-bara-yuki-no-mokushiroku,Suna no Bara: Yuki no Mokushiroku,OVA,,,,anime,,,AnimeAV1,https://animeav1.com/media/suna-no-bara-yuki-no-mokushiroku
animeav1-bishoujo-senshi-sailor-moon-r,Sailor Moon R,TV,,,,anime,,,AnimeAV1,https://animeav1.com/media/bishoujo-senshi-sailor-moon-r
animeav1-bishoujo-senshi-sailor-moon,Sailor Moon,TV,,,,anime,,,AnimeAV1,https://animeav1.com/media/bishoujo-senshi-sailor-moon
animeav1-saint-seiya-saishuu-seisen-no-senshi-tachi,Saint Seiya: Saishuu Seisen no Senshi-tachi,Movie,,,,anime,,,AnimeAV1,https://animeav1.com/media/saint-seiya-saishuu-seisen-no-senshi-tachi
animeav1-saint-seiya-shinku-no-shounen-densetsu,Saint Seiya: Shinku no Shounen Densetsu,Movie,,,,action,,,AnimeAV1,https://animeav1.com/media/saint-seiya-shinku-no-shounen-densetsu
animeav1-soukou-kihei-votoms-red-shoulder-document-yabou-no-roots,Soukou Kihei Votoms: Red Shoulder Document - Yabou no Roots,OVA,,,,anime,,,AnimeAV1,https://animeav1.com/media/soukou-kihei-votoms-red-shoulder-document-yabou-no-roots
animeav1-saint-seiya-kamigami-no-atsuki-tatakai,Saint Seiya: Kamigami no Atsuki Tatakai,Movie,,,,anime,,,AnimeAV1,https://animeav1.com/media/saint-seiya-kamigami-no-atsuki-tatakai
animeav1-seisenshi-dunbine-ova,Seisenshi Dunbine OVA,OVA,,,,anime,,,AnimeAV1,https://animeav1.com/media/seisenshi-dunbine-ova
animeav1-saint-seiya-jashin-eris,Saint Seiya: Jashin Eris,Movie,,,,anime,,,AnimeAV1,https://animeav1.com/media/saint-seiya-jashin-eris
animeav1-saint-seiya,Saint Seiya,TV,,,,anime,,,AnimeAV1,https://animeav1.com/media/saint-seiya
animeav1-soukou-kihei-votoms-big-battle,Soukou Kihei Votoms: Big Battle,OVA,,,,anime,,,AnimeAV1,https://animeav1.com/media/soukou-kihei-votoms-big-battle
animeav1-soukou-kihei-votoms-the-last-red-shoulder,Soukou Kihei Votoms: The Last Red Shoulder,OVA,,,,anime,,,AnimeAV1,https://animeav1.com/media/soukou-kihei-votoms-the-last-red-shoulder
animeav1-soukou-kihei-votoms,Soukou Kihei Votoms,TV,,,,anime,,,AnimeAV1,https://animeav1.com/media/soukou-kihei-votoms
animeav1-seisenshi-dunbine,Seisenshi Dunbine,TV,,,,anime,,,AnimeAV1,https://animeav1.com/media/seisenshi-dunbine
animeav1-space-cobra,Space Cobra,TV,,,,anime,,,AnimeAV1,https://animeav1.com/media/space-cobra
animeav1-space-adventure-cobra,Space Adventure Cobra,Movie,,,,action,,,AnimeAV1,https://animeav1.com/media/space-adventure-cobra
animeav1-shin-taketori-monogatari-1000-nen-joou,Shin Taketori Monogatari: 1000-nen Joou,TV,,,,anime,,,AnimeAV1,https://animeav1.com/media/shin-taketori-monogatari-1000-nen-joou
animeav1-sayonara-ginga-tetsudou-999-andromeda-shuuchakueki,Sayonara Ginga Tetsudou 999: Andromeda Shuuchakueki,Movie,,,,anime,,,AnimeAV1,https://animeav1.com/media/sayonara-ginga-tetsudou-999-andromeda-shuuchakueki
animeav1-tefuda-ga-oome-no-victoria,Tefuda ga Oome no Victoria,TV,,,,anime,,,AnimeAV1,https://animeav1.com/media/tefuda-ga-oome-no-victoria
animeav1-tai-ari-deshita-ojousama-wa-kakutou-game-nante-shinai,Tai-Ari deshita. Ojousama wa Kakutou Game nante Shinai,TV,,,,anime,,,AnimeAV1,https://animeav1.com/media/tai-ari-deshita-ojousama-wa-kakutou-game-nante-shinai
animeav1-tenkou-saki-no-seiso-karen-na-bishoujo-ga-mukashi-danshi-to-omotte-issho-ni-asonda-osananajimi-datta-ken,"Tenkou-saki no Seiso Karen na Bishoujo ga, Mukashi Danshi to Omotte Issho ni Asonda Osananajimi Datta Ken",TV,,,,anime,,,AnimeAV1,https://animeav1.com/media/tenkou-saki-no-seiso-karen-na-bishoujo-ga-mukashi-danshi-to-omotte-issho-ni-asonda-osananajimi-datta-ken
animeav1-toumei-na-yoru-ni-kakeru-kimi-to-me-ni-mienai-koi-wo-shita,"Toumei na Yoru ni Kakeru Kimi to, Me ni Mienai Koi wo Shita.",TV,,,,anime,,,AnimeAV1,https://animeav1.com/media/toumei-na-yoru-ni-kakeru-kimi-to-me-ni-mienai-koi-wo-shita
animeav1-tetsunabe-no-jan,Tetsunabe no Jan!,TV,,,,anime,,,AnimeAV1,https://animeav1.com/media/tetsunabe-no-jan
animeav1-tenmaku-no-jaadugar,Tenmaku no Jaadugar,TV,,,,anime,,,AnimeAV1,https://animeav1.com/media/tenmaku-no-jaadugar
animeav1-tsuihou-sareta-tensei-juukishi-wa-game-chishiki-de-musou-suru,Tsuihou sareta Tensei Juukishi wa Game Chishiki de Musou suru,TV,,,,anime,,,AnimeAV1,https://animeav1.com/media/tsuihou-sareta-tensei-juukishi-wa-game-chishiki-de-musou-suru
animeav1-tsue-to-tsurugi-no-wistoria-season-2,Tsue to Tsurugi no Wistoria Season 2,TV,,,,anime,,,AnimeAV1,https://animeav1.com/media/tsue-to-tsurugi-no-wistoria-season-2
animeav1-tadaima-ojamasaremasu,"Tadaima, Ojamasaremasu!",TV,,,,anime,,,AnimeAV1,https://animeav1.com/media/tadaima-ojamasaremasu
animeav1-tongari-boushi-no-atelier,Tongari Boushi no Atelier,TV,,,,anime,,,AnimeAV1,https://animeav1.com/media/tongari-boushi-no-atelier
animeav1-tensei-shitara-slime-datta-ken-4th-season,Tensei shitara Slime Datta Ken 4th Season,TV,,,,anime,,,AnimeAV1,https://animeav1.com/media/tensei-shitara-slime-datta-ken-4th-season
animeav1-tensui-no-sakuna-hime-kokorowa-inasaku-nisshi,Tensui no Sakuna-hime: Kokorowa Inasaku Nisshi,ESPECIAL,,,,anime,,,AnimeAV1,https://animeav1.com/media/tensui-no-sakuna-hime-kokorowa-inasaku-nisshi
animeav1-trigun-stargaze,Trigun Stargaze,TV,,,,anime,,,AnimeAV1,https://animeav1.com/media/trigun-stargaze
animeav1-tensei-shitara-dragon-no-tamago-datta,Tensei shitara Dragon no Tamago datta,TV,,,,anime,,,AnimeAV1,https://animeav1.com/media/tensei-shitara-dragon-no-tamago-datta
animeav1-toumei-otoko-to-ningen-onna-sonouchi-fuufu-ni-naru-futari,Toumei Otoko to Ningen Onna: Sonouchi Fuufu ni Naru Futari,TV,,,,anime,,,AnimeAV1,https://animeav1.com/media/toumei-otoko-to-ningen-onna-sonouchi-fuufu-ni-naru-futari
animeav1-tamon-kun-ima-docchi,Tamon-kun Ima Docchi!?,TV,,,,anime,,,AnimeAV1,https://animeav1.com/media/tamon-kun-ima-docchi
animeav1-tensei-akujo-no-kuro-rekishi,Tensei Akujo no Kuro Rekishi,TV,,,,anime,,,AnimeAV1,https://animeav1.com/media/tensei-akujo-no-kuro-rekishi
animeav1-tondemo-skill-de-isekai-hourou-meshi-2,Tondemo Skill de Isekai Hourou Meshi 2,TV,,,,fantasy,,,AnimeAV1,https://animeav1.com/media/tondemo-skill-de-isekai-hourou-meshi-2
animeav1-tomodachi-no-imouto-ga-ore-ni-dake-uzai,Tomodachi no Imouto ga Ore ni dake Uzai,TV,,,,anime,,,AnimeAV1,https://animeav1.com/media/tomodachi-no-imouto-ga-ore-ni-dake-uzai
animeav1-toujima-tanzaburou-wa-kamen-rider-ni-naritai,Toujima Tanzaburou wa Kamen Rider ni Naritai,TV,,,,anime,,,AnimeAV1,https://animeav1.com/media/toujima-tanzaburou-wa-kamen-rider-ni-naritai
animeav1-towa-no-yuugure,Towa no Yuugure,TV,,,,anime,,,AnimeAV1,https://animeav1.com/media/towa-no-yuugure
animeav1-taiyou-yori-mo-mabushii-hoshi,Taiyou yori mo Mabushii Hoshi,TV,,,,anime,,,AnimeAV1,https://animeav1.com/media/taiyou-yori-mo-mabushii-hoshi
animeav1-tougen-anki,Tougen Anki,TV,,,,anime,,,AnimeAV1,https://animeav1.com/media/tougen-anki
animeav1-tensei-shitara-dainana-ouji-datta-node-kimama-ni-majutsu-wo-kiwamemasu-2nd-season,"Tensei shitara Dainana Ouji Datta node, Kimama ni Majutsu wo Kiwamemasu 2nd Season",TV,,,,anime,,,AnimeAV1,https://animeav1.com/media/tensei-shitara-dainana-ouji-datta-node-kimama-ni-majutsu-wo-kiwamemasu-2nd-season
animeav1-turkey,Turkey!,TV,,,,anime,,,AnimeAV1,https://animeav1.com/media/turkey
animeav1-tate-no-yuusha-no-nariagari-season-4,Tate no Yuusha no Nariagari Season 4,TV,,,,anime,,,AnimeAV1,https://animeav1.com/media/tate-no-yuusha-no-nariagari-season-4
animeav1-tsuihousha-shokudou-e-youkoso,Tsuihousha Shokudou e Youkoso!,TV,,,,anime,,,AnimeAV1,https://animeav1.com/media/tsuihousha-shokudou-e-youkoso
animeav1-tsuyokute-new-saga,Tsuyokute New Saga,TV,,,,anime,,,AnimeAV1,https://animeav1.com/media/tsuyokute-new-saga
animeav1-takopii-no-genzai,Takopii no Genzai,ONA,,,,anime,,,AnimeAV1,https://animeav1.com/media/takopii-no-genzai
animeav1-teogonia,Teogonia,TV,,,,anime,,,AnimeAV1,https://animeav1.com/media/teogonia
animeav1-to-be-hero-x,To Be Hero X,ONA,,,,anime,,,AnimeAV1,https://animeav1.com/media/to-be-hero-x
animeav1-tasokare-hotel,Tasokare Hotel,TV,,,,anime,,,AnimeAV1,https://animeav1.com/media/tasokare-hotel
animeav1-tsuma-shougakusei-ni-naru,"Tsuma, Shougakusei ni Naru.",TV,,,,anime,,,AnimeAV1,https://animeav1.com/media/tsuma-shougakusei-ni-naru
animeav1-the-idolmster-shiny-colors-2nd-season,The iDOLM@STER Shiny Colors 2nd Season,TV,,,,anime,,,AnimeAV1,https://animeav1.com/media/the-idolmster-shiny-colors-2nd-season
animeav1-trillion-game,Trillion Game,TV,,,,anime,,,AnimeAV1,https://animeav1.com/media/trillion-game
animeav1-tensei-kizoku-kantei-skill-de-nariagaru-2nd-season,"Tensei Kizoku, Kantei Skill de Nariagaru 2nd Season",TV,,,,anime,,,AnimeAV1,https://animeav1.com/media/tensei-kizoku-kantei-skill-de-nariagaru-2nd-season
animeav1-tsue-to-tsurugi-no-wistoria,Tsue to Tsurugi no Wistoria,TV,,,,anime,,,AnimeAV1,https://animeav1.com/media/tsue-to-tsurugi-no-wistoria
animeav1-tensui-no-sakuna-hime,Tensui no Sakuna-hime,TV,,,,anime,,,AnimeAV1,https://animeav1.com/media/tensui-no-sakuna-hime
animeav1-tasogare-out-focus,Tasogare Out Focus,TV,,,,anime,,,AnimeAV1,https://animeav1.com/media/tasogare-out-focus
animeav1-tasuuketsu,Tasuuketsu,TV,,,,anime,,,AnimeAV1,https://animeav1.com/media/tasuuketsu
animeav1-tokidoki-bosotto-russia-go-de-dereru-tonari-no-alya-san,Tokidoki Bosotto Russia-go de Dereru Tonari no Alya-san,TV,,,,anime,,,AnimeAV1,https://animeav1.com/media/tokidoki-bosotto-russia-go-de-dereru-tonari-no-alya-san
animeav1-trapezium,Trapezium,Movie,,,,anime,,,AnimeAV1,https://animeav1.com/media/trapezium
animeav1-tp-bon,T.P BON,ONA,,,,anime,,,AnimeAV1,https://animeav1.com/media/tp-bon
animeav1-the-new-gate,The New Gate,TV,,,,anime,,,AnimeAV1,https://animeav1.com/media/the-new-gate
animeav1-tadaima-okaeri,"Tadaima, Okaeri",TV,,,,anime,,,AnimeAV1,https://animeav1.com/media/tadaima-okaeri
animeav1-tensei-kizoku-kantei-skill-de-nariagaru,"Tensei Kizoku, Kantei Skill de Nariagaru",TV,,,,anime,,,AnimeAV1,https://animeav1.com/media/tensei-kizoku-kantei-skill-de-nariagaru
animeav1-the-fable,The Fable,TV,,,,anime,,,AnimeAV1,https://animeav1.com/media/the-fable
animeav1-tonari-no-youkai-san,Tonari no Youkai-san,TV,,,,anime,,,AnimeAV1,https://animeav1.com/media/tonari-no-youkai-san
animeav1-the-idolmster-shiny-colors,The iDOLM@STER Shiny Colors,TV,,,,anime,,,AnimeAV1,https://animeav1.com/media/the-idolmster-shiny-colors
animeav1-tensei-shitara-slime-datta-ken-3rd-season,Tensei shitara Slime Datta Ken 3rd Season,TV,,,,anime,,,AnimeAV1,https://animeav1.com/media/tensei-shitara-slime-datta-ken-3rd-season
animeav1-touken-ranbu-kai-kyoden-moyuru-honnouji,Touken Ranbu Kai: Kyoden Moyuru Honnouji,TV,,,,anime,,,AnimeAV1,https://animeav1.com/media/touken-ranbu-kai-kyoden-moyuru-honnouji
animeav1-tensei-shitara-dainana-ouji-datta-node-kimama-ni-majutsu-wo-kiwamemasu,"Tensei shitara Dainana Ouji Datta node, Kimama ni Majutsu wo Kiwamemasu",TV,,,,anime,,,AnimeAV1,https://animeav1.com/media/tensei-shitara-dainana-ouji-datta-node-kimama-ni-majutsu-wo-kiwamemasu
animeav1-tsuki-ga-michibiku-isekai-douchuu-2nd-season,Tsuki ga Michibiku Isekai Douchuu 2nd Season,TV,,,,fantasy,,,AnimeAV1,https://animeav1.com/media/tsuki-ga-michibiku-isekai-douchuu-2nd-season
animeav1-tensei-shitara-slime-datta-ken-coleus-no-yume,Tensei shitara Slime Datta Ken: Coleus no Yume,ONA,,,,anime,,,AnimeAV1,https://animeav1.com/media/tensei-shitara-slime-datta-ken-coleus-no-yume
animeav1-the-idolmster-cinderella-girls-u149-special,The iDOLM@STER Cinderella Girls: U149 Special,SPECIAL,,,,anime,,,AnimeAV1,https://animeav1.com/media/the-idolmster-cinderella-girls-u149-special
animeav1-tearmoon-teikoku-monogatari-dantoudai-kara-hajimaru-hime-no-tensei-gyakuten-story,"Tearmoon Teikoku Monogatari: Dantoudai kara Hajimaru, Hime no Tensei Gyakuten Story",TV,,,,anime,,,AnimeAV1,https://animeav1.com/media/tearmoon-teikoku-monogatari-dantoudai-kara-hajimaru-hime-no-tensei-gyakuten-story
animeav1-tate-no-yuusha-no-nariagari-season-3,Tate no Yuusha no Nariagari Season 3,TV,,,,anime,,,AnimeAV1,https://animeav1.com/media/tate-no-yuusha-no-nariagari-season-3
animeav1-tokyo-revengers-tenjiku-hen,Tokyo Revengers: Tenjiku-hen,TV,,,,anime,,,AnimeAV1,https://animeav1.com/media/tokyo-revengers-tenjiku-hen
animeav1-toaru-ossan-no-vrmmo-katsudouki,Toaru Ossan no VRMMO Katsudouki,TV,,,,anime,,,AnimeAV1,https://animeav1.com/media/toaru-ossan-no-vrmmo-katsudouki
animeav1-tonikaku-kawaii-joshikou-hen,Tonikaku Kawaii: Joshikou-hen,ONA,,,,anime,,,AnimeAV1,https://animeav1.com/media/tonikaku-kawaii-joshikou-hen
animeav1-temple,Temple,TV,,,,anime,,,AnimeAV1,https://animeav1.com/media/temple
animeav1-tenchi-muyou-gxp-paradise-shidou-hen,Tenchi Muyou! GXP: Paradise Shidou-hen,OVA,,,,anime,,,AnimeAV1,https://animeav1.com/media/tenchi-muyou-gxp-paradise-shidou-hen
animeav1-tonikaku-kawaii-2nd-season,Tonikaku Kawaii 2nd Season,TV,,,,anime,,,AnimeAV1,https://animeav1.com/media/tonikaku-kawaii-2nd-season
animeav1-the-idolmster-cinderella-girls-u149,The iDOLM@STER Cinderella Girls: U149,TV,,,,anime,,,AnimeAV1,https://animeav1.com/media/the-idolmster-cinderella-girls-u149
animeav1-tokyo-mew-mew-new-2nd-season,Tokyo Mew Mew New ♡ 2nd Season,TV,,,,anime,,,AnimeAV1,https://animeav1.com/media/tokyo-mew-mew-new-2nd-season
animeav1-tensei-kizoku-no-isekai-boukenroku-jichou-wo-shiranai-kamigami-no-shito,Tensei Kizoku no Isekai Boukenroku: Jichou wo Shiranai Kamigami no Shito,TV,,,,fantasy,,,AnimeAV1,https://animeav1.com/media/tensei-kizoku-no-isekai-boukenroku-jichou-wo-shiranai-kamigami-no-shito
animeav1-tengoku-daimakyou,Tengoku Daimakyou,TV,,,,anime,,,AnimeAV1,https://animeav1.com/media/tengoku-daimakyou
animeav1-tondemo-skill-de-isekai-hourou-meshi,Tondemo Skill de Isekai Hourou Meshi,TV,,,,fantasy,,,AnimeAV1,https://animeav1.com/media/tondemo-skill-de-isekai-hourou-meshi
animeav1-the-legend-of-heroes-sen-no-kiseki-northern-war,The Legend of Heroes: Sen no Kiseki - Northern War,TV,,,,anime,,,AnimeAV1,https://animeav1.com/media/the-legend-of-heroes-sen-no-kiseki-northern-war
animeav1-tokyo-revengers-seiya-kessen-hen,Tokyo Revengers: Seiya Kessen-hen,TV,,,,anime,,,AnimeAV1,https://animeav1.com/media/tokyo-revengers-seiya-kessen-hen
animeav1-trigun-stampede,Trigun Stampede,TV,,,,anime,,,AnimeAV1,https://animeav1.com/media/trigun-stampede
animeav1-tsundere-akuyaku-reijou-liselotte-to-jikkyou-no-endou-kun-to-kaisetsu-no-kobayashi-san,Tsundere Akuyaku Reijou Liselotte to Jikkyou no Endou-kun to Kaisetsu no Kobayashi-san,TV,,,,anime,,,AnimeAV1,https://animeav1.com/media/tsundere-akuyaku-reijou-liselotte-to-jikkyou-no-endou-kun-to-kaisetsu-no-kobayashi-san
animeav1-tsurune-tsunagari-no-issha,Tsurune: Tsunagari no Issha,TV,,,,anime,,,AnimeAV1,https://animeav1.com/media/tsurune-tsunagari-no-issha
animeav1-tomo-chan-wa-onnanoko,Tomo-chan wa Onnanoko!,TV,,,,anime,,,AnimeAV1,https://animeav1.com/media/tomo-chan-wa-onnanoko
animeav1-tensei-oujo-to-tensai-reijou-no-mahou-kakumei,Tensei Oujo to Tensai Reijou no Mahou Kakumei,TV,,,,anime,,,AnimeAV1,https://animeav1.com/media/tensei-oujo-to-tensai-reijou-no-mahou-kakumei
animeav1-the-first-slam-dunk,The First Slam Dunk,Movie,,,,anime,,,AnimeAV1,https://animeav1.com/media/the-first-slam-dunk
animeav1-tensei-shitara-slime-datta-ken-movie-guren-no-kizuna-hen,Tensei shitara Slime Datta Ken Movie: Guren no Kizuna-hen,MOVIE,,,,anime,,,AnimeAV1,https://animeav1.com/media/tensei-shitara-slime-datta-ken-movie-guren-no-kizuna-hen
animeav1-tonikaku-kawaii-seifuku,Tonikaku Kawaii: Seifuku,TV,,,,anime,,,AnimeAV1,https://animeav1.com/media/tonikaku-kawaii-seifuku
animeav1-tiger-bunny-2-part-2,Tiger & Bunny 2 Part 2,ONA,,,,anime,,,AnimeAV1,https://animeav1.com/media/tiger-bunny-2-part-2
animeav1-tensei-shitara-ken-deshita,Tensei shitara Ken deshita,TV,,,,anime,,,AnimeAV1,https://animeav1.com/media/tensei-shitara-ken-deshita
animeav1-tsurune-movie-hajimari-no-issha,Tsurune Movie: Hajimari no Issha,MOVIE,,,,anime,,,AnimeAV1,https://animeav1.com/media/tsurune-movie-hajimari-no-issha
animeav1-tokyo-mew-mew-new,Tokyo Mew Mew New ♡,TV,,,,anime,,,AnimeAV1,https://animeav1.com/media/tokyo-mew-mew-new
animeav1-tensei-kenja-no-isekai-life-dai-2-no-shokugyou-wo-ete-sekai-saikyou-ni-narimashita,"Tensei Kenja no Isekai Life: Dai-2 no Shokugyou wo Ete, Sekai Saikyou ni Narimashita",TV,,,,fantasy,,,AnimeAV1,https://animeav1.com/media/tensei-kenja-no-isekai-life-dai-2-no-shokugyou-wo-ete-sekai-saikyou-ni-narimashita
animeav1-teppen,Teppen!!!!!!!!!!!!!!!,TV,,,,anime,,,AnimeAV1,https://animeav1.com/media/teppen
animeav1-tiger-bunny-2,Tiger & Bunny 2,ONA,,,,anime,,,AnimeAV1,https://animeav1.com/media/tiger-bunny-2
animeav1-tate-no-yuusha-no-nariagari-season-2,Tate no Yuusha no Nariagari Season 2,TV,,,,anime,,,AnimeAV1,https://animeav1.com/media/tate-no-yuusha-no-nariagari-season-2
animeav1-tomodachi-game,Tomodachi Game,TV,,,,anime,,,AnimeAV1,https://animeav1.com/media/tomodachi-game
animeav1-tokyo-24-ku-reversal-film,Tokyo 24-ku: Reversal Film,ESPECIAL,,,,anime,,,AnimeAV1,https://animeav1.com/media/tokyo-24-ku-reversal-film
animeav1-totsukuni-no-shoujo-2022,Totsukuni no Shoujo (2022),OVA,,2022,,romance,,,AnimeAV1,https://animeav1.com/media/totsukuni-no-shoujo-2022
animeav1-tensai-ouji-no-akaji-kokka-saisei-jutsu,Tensai Ouji no Akaji Kokka Saisei Jutsu,TV,,,,anime,,,AnimeAV1,https://animeav1.com/media/tensai-ouji-no-akaji-kokka-saisei-jutsu
animeav1-tribe-nine,Tribe Nine,TV,,,,anime,,,AnimeAV1,https://animeav1.com/media/tribe-nine
animeav1-tokyo-24-ku,Tokyo 24-ku,TV,,,,anime,,,AnimeAV1,https://animeav1.com/media/tokyo-24-ku
animeav1-tropical-rouge-precure-movie-yuki-no-princess-to-kiseki-no-yubiwa,Tropical-Rouge! Precure Movie: Yuki no Princess to Kiseki no Yubiwa!,MOVIE,,,,anime,,,AnimeAV1,https://animeav1.com/media/tropical-rouge-precure-movie-yuki-no-princess-to-kiseki-no-yubiwa
animeav1-taishou-otome-otogibanashi,Taishou Otome Otogibanashi,TV,,,,anime,,,AnimeAV1,https://animeav1.com/media/taishou-otome-otogibanashi
animeav1-takt-op-destiny,Takt Op. Destiny,TV,,,,anime,,,AnimeAV1,https://animeav1.com/media/takt-op-destiny
animeav1-tsuki-to-laika-to-nosferatu,Tsuki to Laika to Nosferatu,TV,,,,anime,,,AnimeAV1,https://animeav1.com/media/tsuki-to-laika-to-nosferatu
animeav1-tonikaku-kawaii-sns,Tonikaku Kawaii: SNS,OVA,,,,anime,,,AnimeAV1,https://animeav1.com/media/tonikaku-kawaii-sns
animeav1-tsuki-ga-michibiku-isekai-douchuu,Tsuki ga Michibiku Isekai Douchuu,TV,,,,fantasy,,,AnimeAV1,https://animeav1.com/media/tsuki-ga-michibiku-isekai-douchuu
animeav1-tantei-wa-mou-shindeiru,"Tantei wa Mou, Shindeiru.",TV,,,,anime,,,AnimeAV1,https://animeav1.com/media/tantei-wa-mou-shindeiru
animeav1-tokyo-revengers,Tokyo Revengers,TV,,,,anime,,,AnimeAV1,https://animeav1.com/media/tokyo-revengers
animeav1-tensura-nikki-tensei-shitara-slime-datta-ken,Tensura Nikki: Tensei shitara Slime Datta Ken,TV,,,,anime,,,AnimeAV1,https://animeav1.com/media/tensura-nikki-tensei-shitara-slime-datta-ken
animeav1-tropical-rouge-precure,Tropical-Rouge! Precure,TV,,,,anime,,,AnimeAV1,https://animeav1.com/media/tropical-rouge-precure
animeav1-tenkuu-shinpan,Tenkuu Shinpan,ONA,,,,anime,,,AnimeAV1,https://animeav1.com/media/tenkuu-shinpan
animeav1-tensei-shitara-slime-datta-ken-2nd-season,Tensei shitara Slime Datta Ken 2nd Season,TV,,,,anime,,,AnimeAV1,https://animeav1.com/media/tensei-shitara-slime-datta-ken-2nd-season
animeav1-tatoeba-last-dungeon-mae-no-mura-no-shounen-ga-joban-no-machi-de-kurasu-youna-monogatari,Tatoeba Last Dungeon Mae no Mura no Shounen ga Joban no Machi de Kurasu Youna Monogatari,TV,,,,action,,,AnimeAV1,https://animeav1.com/media/tatoeba-last-dungeon-mae-no-mura-no-shounen-ga-joban-no-machi-de-kurasu-youna-monogatari
animeav1-taisou-zamurai,Taisou Zamurai,TV,,,,anime,,,AnimeAV1,https://animeav1.com/media/taisou-zamurai
animeav1-tsukiuta-the-animation-2,Tsukiuta. The Animation 2,TV,,,,anime,,,AnimeAV1,https://animeav1.com/media/tsukiuta-the-animation-2
animeav1-tonikaku-kawaii,Tonikaku Kawaii,TV,,,,anime,,,AnimeAV1,https://animeav1.com/media/tonikaku-kawaii
animeav1-the-god-of-high-school,The God of High School,TV,,,,comedy,,,AnimeAV1,https://animeav1.com/media/the-god-of-high-school
animeav1-tsugu-tsugumomo,Tsugu Tsugumomo,TV,,,,anime,,,AnimeAV1,https://animeav1.com/media/tsugu-tsugumomo
animeav1-tsuujou-kougeki-ga-zentai-kougeki-de-ni-kai-kougeki-no-okaasan-wa-suki-desu-ka-namiuchigiwa-no-okaasan-wa-suki-desu-ka,Tsuujou Kougeki ga Zentai Kougeki de Ni-kai Kougeki no Okaasan wa Suki desu ka? Namiuchigiwa no Okaasan wa Suki desu ka?,OVA,,,,anime,,,AnimeAV1,https://animeav1.com/media/tsuujou-kougeki-ga-zentai-kougeki-de-ni-kai-kougeki-no-okaasan-wa-suki-desu-ka-namiuchigiwa-no-okaasan-wa-suki-desu-ka
animeav1-tenchi-muyou-ryououki-5th-season,Tenchi Muyou! Ryououki 5th Season,OVA,,,,anime,,,AnimeAV1,https://animeav1.com/media/tenchi-muyou-ryououki-5th-season
animeav1-toaru-kagaku-no-railgun-t,Toaru Kagaku no Railgun 3,TV,,,,anime,,,AnimeAV1,https://animeav1.com/media/toaru-kagaku-no-railgun-t
animeav1-totsukuni-no-shoujo,Totsukuni no Shoujo,OVA,,,,romance,,,AnimeAV1,https://animeav1.com/media/totsukuni-no-shoujo
animeav1-tenki-no-ko,Tenki no Ko,Movie,,,,anime,,,AnimeAV1,https://animeav1.com/media/tenki-no-ko
animeav1-tsuujou-kougeki-ga-zentai-kougeki-de-ni-kai-kougeki-no-okaasan-wa-suki-desu-ka,Tsuujou Kougeki ga Zentai Kougeki de Ni-kai Kougeki no Okaasan wa Suki desu ka?,TV,,,,anime,,,AnimeAV1,https://animeav1.com/media/tsuujou-kougeki-ga-zentai-kougeki-de-ni-kai-kougeki-no-okaasan-wa-suki-desu-ka
animeav1-toaru-kagaku-no-accelerator,Toaru Kagaku no Accelerator,TV,,,,anime,,,AnimeAV1,https://animeav1.com/media/toaru-kagaku-no-accelerator
animeav1-tensei-shitara-slime-datta-ken-ova,Tensei shitara Slime Datta Ken OVA,OVA,,,,anime,,,AnimeAV1,https://animeav1.com/media/tensei-shitara-slime-datta-ken-ova
animeav1-tejina-senpai,Tejina-senpai,TV,,,,anime,,,AnimeAV1,https://animeav1.com/media/tejina-senpai
animeav1-trinity-seven-movie-2-heavens-library-to-crimson-lord,Trinity Seven Movie 2: Heavens Library to Crimson Lord,MOVIE,,,,anime,,,AnimeAV1,https://animeav1.com/media/trinity-seven-movie-2-heavens-library-to-crimson-lord
animeav1-tsurune-kazemai-koukou-kyuudou-bu-yabai,Tsurune: Kazemai Koukou Kyuudou-bu - Yabai,TV,,,,anime,,,AnimeAV1,https://animeav1.com/media/tsurune-kazemai-koukou-kyuudou-bu-yabai
animeav1-tate-no-yuusha-no-nariagari,Tate no Yuusha no Nariagari,TV,,,,anime,,,AnimeAV1,https://animeav1.com/media/tate-no-yuusha-no-nariagari
animeav1-tsurune-kazemai-koukou-kyuudou-bu,Tsurune: Kazemai Koukou Kyuudou-bu,TV,,,,anime,,,AnimeAV1,https://animeav1.com/media/tsurune-kazemai-koukou-kyuudou-bu
animeav1-tokyo-ghoulre-2nd-season,Tokyo Ghoul:re 2nd Season,TV,,,,anime,,,AnimeAV1,https://animeav1.com/media/tokyo-ghoulre-2nd-season
animeav1-toaru-majutsu-no-index-iii,Toaru Majutsu no Index III,TV,,,,anime,,,AnimeAV1,https://animeav1.com/media/toaru-majutsu-no-index-iii
animeav1-tensei-shitara-slime-datta-ken,Tensei shitara Slime Datta Ken,TV,,,,anime,,,AnimeAV1,https://animeav1.com/media/tensei-shitara-slime-datta-ken
animeav1-tu-bian-yingxiong-leaf,Tu Bian Yingxiong Leaf,ONA,,,,anime,,,AnimeAV1,https://animeav1.com/media/tu-bian-yingxiong-leaf
animeav1-tada-kun-wa-koi-wo-shinai,Tada-kun wa Koi wo Shinai,TV,,,,anime,,,AnimeAV1,https://animeav1.com/media/tada-kun-wa-koi-wo-shinai
animeav1-tachibanakan-triangle,Tachibanakan Triangle,TV,,,,anime,,,AnimeAV1,https://animeav1.com/media/tachibanakan-triangle
animeav1-tokyo-ghoulre,Tokyo Ghoul:re,TV,,,,anime,,,AnimeAV1,https://animeav1.com/media/tokyo-ghoulre
animeav1-takunomi,Takunomi.,TV,,,,anime,,,AnimeAV1,https://animeav1.com/media/takunomi
animeav1-time-bokan-gyakushuu-no-san-akunin,Time Bokan: Gyakushuu no San Akunin,TV,,,,anime,,,AnimeAV1,https://animeav1.com/media/time-bokan-gyakushuu-no-san-akunin
animeav1-tsukipro-the-animation,Tsukipro The Animation,TV,,,,anime,,,AnimeAV1,https://animeav1.com/media/tsukipro-the-animation
animeav1-tenshi-no-3p,Tenshi no 3P!,TV,,,,anime,,,AnimeAV1,https://animeav1.com/media/tenshi-no-3p
animeav1-tsurezure-children,Tsurezure Children,TV,,,,anime,,,AnimeAV1,https://animeav1.com/media/tsurezure-children
animeav1-tsuki-ga-kirei-michinori,Tsuki ga Kirei: Michinori,ESPECIAL,,,,anime,,,AnimeAV1,https://animeav1.com/media/tsuki-ga-kirei-michinori
animeav1-tsuki-ga-kirei,Tsuki ga Kirei,TV,,,,anime,,,AnimeAV1,https://animeav1.com/media/tsuki-ga-kirei
animeav1-tsugumomo,Tsugumomo,TV,,,,anime,,,AnimeAV1,https://animeav1.com/media/tsugumomo
animeav1-trinity-seven-movie-1-eternity-library-to-alchemic-girl,Trinity Seven Movie 1: Eternity Library to Alchemic Girl,MOVIE,,,,anime,,,AnimeAV1,https://animeav1.com/media/trinity-seven-movie-1-eternity-library-to-alchemic-girl
animeav1-tales-of-zestiria-the-cross-2nd-season,Tales of Zestiria the Cross 2nd Season,TV,,,,anime,,,AnimeAV1,https://animeav1.com/media/tales-of-zestiria-the-cross-2nd-season
animeav1-tenchi-muyou-ryououki-4th-season,Tenchi Muyou! Ryououki 4th Season,OVA,,,,anime,,,AnimeAV1,https://animeav1.com/media/tenchi-muyou-ryououki-4th-season
animeav1-tu-bian-yingxiong-baba,Tu Bian Yingxiong Baba,ONA,,,,anime,,,AnimeAV1,https://animeav1.com/media/tu-bian-yingxiong-baba
animeav1-time-bokan-24,Time Bokan 24,TV,,,,anime,,,AnimeAV1,https://animeav1.com/media/time-bokan-24
animeav1-tales-of-zestiria-the-cross,Tales of Zestiria the Cross,TV,,,,anime,,,AnimeAV1,https://animeav1.com/media/tales-of-zestiria-the-cross
animeav1-tsukiuta-the-animation,Tsukiuta. The Animation,TV,,,,anime,,,AnimeAV1,https://animeav1.com/media/tsukiuta-the-animation
animeav1-taboo-tattoo,Taboo Tattoo,TV,,,,anime,,,AnimeAV1,https://animeav1.com/media/taboo-tattoo
animeav1-tanaka-kun-wa-itsumo-kedaruge-specials,Tanaka-kun wa Itsumo Kedaruge Specials,TV,,,,anime,,,AnimeAV1,https://animeav1.com/media/tanaka-kun-wa-itsumo-kedaruge-specials
animeav1-tanaka-kun-wa-itsumo-kedaruge,Tanaka-kun wa Itsumo Kedaruge,TV,,,,anime,,,AnimeAV1,https://animeav1.com/media/tanaka-kun-wa-itsumo-kedaruge
animeav1-tanaka-kun-wa-kyou-mo-kedaruge,Tanaka-kun wa Kyou mo Kedaruge,ONA,,,,anime,,,AnimeAV1,https://animeav1.com/media/tanaka-kun-wa-kyou-mo-kedaruge
animeav1-terra-formars-revenge,Terra Formars: Revenge,TV,,,,anime,,,AnimeAV1,https://animeav1.com/media/terra-formars-revenge
animeav1-tokyo-ghoul-pinto,"Tokyo Ghoul: ""Pinto""",OVA,,,,anime,,,AnimeAV1,https://animeav1.com/media/tokyo-ghoul-pinto
animeav1-triage-x-recollection-xoxo,Triage X OVA,OVA,,,,anime,,,AnimeAV1,https://animeav1.com/media/triage-x-recollection-xoxo
animeav1-taimadou-gakuen-35-shiken-shoutai,Taimadou Gakuen 35 Shiken Shoutai,TV,,,,anime,,,AnimeAV1,https://animeav1.com/media/taimadou-gakuen-35-shiken-shoutai
animeav1-tokyo-ghoul-jack,Tokyo Ghoul: Jack,OVA,,,,anime,,,AnimeAV1,https://animeav1.com/media/tokyo-ghoul-jack
animeav1-the-idolmster-cinderella-girls-2nd-season,The iDOLM@STER Cinderella Girls 2nd Season,TV,,,,anime,,,AnimeAV1,https://animeav1.com/media/the-idolmster-cinderella-girls-2nd-season
animeav1-to-love-ru-darkness-2nd,To LOVE-Ru Darkness 2nd,TV,,,,anime,,,AnimeAV1,https://animeav1.com/media/to-love-ru-darkness-2nd
animeav1-triage-x,Triage X,TV,,,,anime,,,AnimeAV1,https://animeav1.com/media/triage-x
animeav1-trinity-seven-nanatsu-no-taizai-to-nana-madoushi,Trinity Seven OVA,OVA,,,,anime,,,AnimeAV1,https://animeav1.com/media/trinity-seven-nanatsu-no-taizai-to-nana-madoushi
animeav1-the-idolmster-cinderella-girls,The iDOLM@STER Cinderella Girls,TV,,,,anime,,,AnimeAV1,https://animeav1.com/media/the-idolmster-cinderella-girls
animeav1-tokyo-ghoul-a,Tokyo Ghoul 2nd Season,TV,,,,anime,,,AnimeAV1,https://animeav1.com/media/tokyo-ghoul-a
animeav1-tantei-kageki-milky-holmes-td,Tantei Kageki Milky Holmes TD,TV,,,,anime,,,AnimeAV1,https://animeav1.com/media/tantei-kageki-milky-holmes-td
animeav1-tsukimonogatari,Tsukimonogatari,ESPECIAL,,,,anime,,,AnimeAV1,https://animeav1.com/media/tsukimonogatari
animeav1-tales-of-zestiria-doushi-no-yoake,Tales of Zestiria: Doushi no Yoake,ESPECIAL,,,,anime,,,AnimeAV1,https://animeav1.com/media/tales-of-zestiria-doushi-no-yoake
animeav1-the-last-naruto-the-movie,The Last: Naruto the Movie,MOVIE,,,,anime,,,AnimeAV1,https://animeav1.com/media/the-last-naruto-the-movie
animeav1-trinity-seven,Trinity Seven,TV,,,,anime,,,AnimeAV1,https://animeav1.com/media/trinity-seven
animeav1-terra-formars,Terra Formars,TV,,,,anime,,,AnimeAV1,https://animeav1.com/media/terra-formars
animeav1-terra-formars-bugs-2-hen,Terra Formars: Bugs 2-hen,OVA,,,,anime,,,AnimeAV1,https://animeav1.com/media/terra-formars-bugs-2-hen
animeav1-tokyo-esp,Tokyo ESP,TV,,,,anime,,,AnimeAV1,https://animeav1.com/media/tokyo-esp
animeav1-tokyo-ghoul,Tokyo Ghoul,TV,,,,anime,,,AnimeAV1,https://animeav1.com/media/tokyo-ghoul
animeav1-tamako-love-story,Tamako Love Story,Movie,,,,anime,,,AnimeAV1,https://animeav1.com/media/tamako-love-story
animeav1-tiger-bunny-movie-2-the-rising,Tiger & Bunny Movie 2: The Rising,MOVIE,,,,anime,,,AnimeAV1,https://animeav1.com/media/tiger-bunny-movie-2-the-rising
animeav1-the-idolmster-movie-kagayaki-no-mukougawa-e,The iDOLM@STER Movie: Kagayaki no Mukougawa e!,MOVIE,,,,anime,,,AnimeAV1,https://animeav1.com/media/the-idolmster-movie-kagayaki-no-mukougawa-e
animeav1-tonari-no-seki-kun,Tonari no Seki-kun,TV,,,,anime,,,AnimeAV1,https://animeav1.com/media/tonari-no-seki-kun
animeav1-tokyo-ravens,Tokyo Ravens,TV,,,,anime,,,AnimeAV1,https://animeav1.com/media/tokyo-ravens
animeav1-takanashi-rikka-kai-chuunibyou-demo-koi-ga-shitai-movie,Takanashi Rikka Kai: Chuunibyou demo Koi ga Shitai! Movie,MOVIE,,,,anime,,,AnimeAV1,https://animeav1.com/media/takanashi-rikka-kai-chuunibyou-demo-koi-ga-shitai-movie
animeav1-tonari-no-kaibutsu-kun-tonari-no-gokudou-kun,Tonari no Kaibutsu-kun: Tonari no Gokudou-kun,OVA,,,,anime,,,AnimeAV1,https://animeav1.com/media/tonari-no-kaibutsu-kun-tonari-no-gokudou-kun
animeav1-toriko-movie-bishokushin-no-special-menu,Toriko Movie: Bishokushin no Special Menu,MOVIE,,,,anime,,,AnimeAV1,https://animeav1.com/media/toriko-movie-bishokushin-no-special-menu
animeav1-toaru-kagaku-no-railgun-s,Toaru Kagaku no Railgun 2,TV,,,,anime,,,AnimeAV1,https://animeav1.com/media/toaru-kagaku-no-railgun-s
animeav1-toaru-majutsu-no-index-movie-endymion-no-kiseki,Toaru Majutsu no Index Movie: Endymion no Kiseki,MOVIE,,,,anime,,,AnimeAV1,https://animeav1.com/media/toaru-majutsu-no-index-movie-endymion-no-kiseki
animeav1-tamako-market,Tamako Market,TV,,,,anime,,,AnimeAV1,https://animeav1.com/media/tamako-market
animeav1-the-idolmster-shiny-festa,The iDOLM@STER Shiny Festa,OVA,,,,anime,,,AnimeAV1,https://animeav1.com/media/the-idolmster-shiny-festa
animeav1-to-love-ru-darkness,To LOVE-Ru Darkness,TV,,,,anime,,,AnimeAV1,https://animeav1.com/media/to-love-ru-darkness
animeav1-tonari-no-kaibutsu-kun,Tonari no Kaibutsu-kun,TV,,,,anime,,,AnimeAV1,https://animeav1.com/media/tonari-no-kaibutsu-kun
animeav1-tiger-bunny-movie-1-the-beginning,Tiger & Bunny Movie 1: The Beginning,MOVIE,,,,anime,,,AnimeAV1,https://animeav1.com/media/tiger-bunny-movie-1-the-beginning
animeav1-to-love-ru-darkness-ova,To LOVE-Ru Darkness OVA,OVA,,,,anime,,,AnimeAV1,https://animeav1.com/media/to-love-ru-darkness-ova
animeav1-tari-tari,Tari Tari,TV,,,,anime,,,AnimeAV1,https://animeav1.com/media/tari-tari
animeav1-tasogare-otome-x-amnesia,Tasogare Otome x Amnesia,TV,,,,anime,,,AnimeAV1,https://animeav1.com/media/tasogare-otome-x-amnesia
animeav1-toradora-bentou-no-gokui,Toradora!: Bentou no Gokui,TV,,,,anime,,,AnimeAV1,https://animeav1.com/media/toradora-bentou-no-gokui
animeav1-the-idolmster,The iDOLM@STER,TV,,,,anime,,,AnimeAV1,https://animeav1.com/media/the-idolmster
animeav1-toriko,Toriko,TV,,,,anime,,,AnimeAV1,https://animeav1.com/media/toriko
animeav1-tiger-bunny,Tiger & Bunny,TV,,,,anime,,,AnimeAV1,https://animeav1.com/media/tiger-bunny
animeav1-tp-sakura-time-paladin-sakura,T.P. Sakura: Time Paladin Sakura,OVA,,,,anime,,,AnimeAV1,https://animeav1.com/media/tp-sakura-time-paladin-sakura
animeav1-togainu-no-chi,Togainu no Chi,TV,,,,anime,,,AnimeAV1,https://animeav1.com/media/togainu-no-chi
animeav1-toaru-majutsu-no-index-ii,Toaru Majutsu no Index II,TV,,,,anime,,,AnimeAV1,https://animeav1.com/media/toaru-majutsu-no-index-ii
animeav1-tantei-opera-milky-holmes,Tantei Opera Milky Holmes,TV,,,,anime,,,AnimeAV1,https://animeav1.com/media/tantei-opera-milky-holmes
animeav1-tegamibachi-reverse,Tegamibachi Reverse,TV,,,,anime,,,AnimeAV1,https://animeav1.com/media/tegamibachi-reverse
animeav1-toaru-kagaku-no-railgun-misaka-san-wa-ima-chuumoku-no-mato-desu-kara,Toaru Kagaku no Railgun OVA,OVA,,,,anime,,,AnimeAV1,https://animeav1.com/media/toaru-kagaku-no-railgun-misaka-san-wa-ima-chuumoku-no-mato-desu-kara
animeav1-trigun-badlands-rumble,Trigun: Badlands Rumble,Movie,,,,anime,,,AnimeAV1,https://animeav1.com/media/trigun-badlands-rumble
animeav1-true-tears-raigomaru-to-jibeta-no-monogatari,True Tears: Raigomaru to Jibeta no Monogatari,TV,,,,anime,,,AnimeAV1,https://animeav1.com/media/true-tears-raigomaru-to-jibeta-no-monogatari
animeav1-toaru-kagaku-no-railgun,Toaru Kagaku no Railgun,TV,,,,anime,,,AnimeAV1,https://animeav1.com/media/toaru-kagaku-no-railgun
animeav1-tegamibachi,Tegamibachi,TV,,,,anime,,,AnimeAV1,https://animeav1.com/media/tegamibachi
animeav1-tetsuwan-birdy-decode-the-cipher,Tetsuwan Birdy Decode: The Cipher,OVA,,,,anime,,,AnimeAV1,https://animeav1.com/media/tetsuwan-birdy-decode-the-cipher
animeav1-tokyo-magnitude-80,Tokyo Magnitude 8.0,TV,,,,anime,,,AnimeAV1,https://animeav1.com/media/tokyo-magnitude-80
animeav1-tayutayu-pure-my-heart,Tayutayu: Pure My Heart,TV,,,,anime,,,AnimeAV1,https://animeav1.com/media/tayutayu-pure-my-heart
animeav1-tengen-toppa-gurren-lagann-movie-2-lagann-hen,Tengen Toppa Gurren Lagann Movie 2: Lagann-hen,MOVIE,,,,anime,,,AnimeAV1,https://animeav1.com/media/tengen-toppa-gurren-lagann-movie-2-lagann-hen
animeav1-tayutama-kiss-on-my-deity,Tayutama: Kiss on My Deity,TV,,,,anime,,,AnimeAV1,https://animeav1.com/media/tayutama-kiss-on-my-deity
animeav1-tears-to-tiara,Tears to Tiara,TV,,,,anime,,,AnimeAV1,https://animeav1.com/media/tears-to-tiara
animeav1-to-love-ru-ova,To LOVE-Ru OVA,OVA,,,,anime,,,AnimeAV1,https://animeav1.com/media/to-love-ru-ova
animeav1-tsubasa-shunraiki,Tsubasa: Shunraiki,OVA,,,,anime,,,AnimeAV1,https://animeav1.com/media/tsubasa-shunraiki
animeav1-toaru-majutsu-no-index-tan,Toaru Majutsu no Index-tan,TV,,,,anime,,,AnimeAV1,https://animeav1.com/media/toaru-majutsu-no-index-tan
animeav1-toradora-sos-kuishinbou-banbanzai,Toradora!: SOS! Kuishinbou Banbanzai,TV,,,,anime,,,AnimeAV1,https://animeav1.com/media/toradora-sos-kuishinbou-banbanzai
animeav1-tetsuwan-birdy-decode02,Tetsuwan Birdy Decode:02,TV,,,,anime,,,AnimeAV1,https://animeav1.com/media/tetsuwan-birdy-decode02
animeav1-toaru-majutsu-no-index,Toaru Majutsu no Index,TV,,,,anime,,,AnimeAV1,https://animeav1.com/media/toaru-majutsu-no-index
animeav1-toradora,Toradora!,TV,,,,anime,,,AnimeAV1,https://animeav1.com/media/toradora
animeav1-tengen-toppa-gurren-lagann-movie-1-gurren-hen,Tengen Toppa Gurren Lagann Movie 1: Gurren-hen,MOVIE,,,,anime,,,AnimeAV1,https://animeav1.com/media/tengen-toppa-gurren-lagann-movie-1-gurren-hen
animeav1-tetsuwan-birdy-decode,Tetsuwan Birdy Decode,TV,,,,anime,,,AnimeAV1,https://animeav1.com/media/tetsuwan-birdy-decode
animeav1-tennis-no-oujisama-zenkoku-taikai-hen-final-ss,Tennis no Oujisama: Zenkoku Taikai-hen - Final,OVA,,,,anime,,,AnimeAV1,https://animeav1.com/media/tennis-no-oujisama-zenkoku-taikai-hen-final-ss
animeav1-to-love-ru,To LOVE-Ru,TV,,,,anime,,,AnimeAV1,https://animeav1.com/media/to-love-ru
animeav1-true-tears,True Tears,TV,,,,anime,,,AnimeAV1,https://animeav1.com/media/true-tears
animeav1-tsubasa-tokyo-revelations,Tsubasa: Tokyo Revelations,OVA,,,,anime,,,AnimeAV1,https://animeav1.com/media/tsubasa-tokyo-revelations
animeav1-tokyo-majin-gakuen-kenpuuchou-tou-dai-ni-maku,Tokyo Majin Gakuen Kenpuuchou: Tou Dai Ni Maku,TV,,,,anime,,,AnimeAV1,https://animeav1.com/media/tokyo-majin-gakuen-kenpuuchou-tou-dai-ni-maku
animeav1-tennis-no-oujisama-zenkoku-taikai-hen-semifinal-2,Tennis no Oujisama: Zenkoku Taikai-hen - Semifinal,OVA,,,,anime,,,AnimeAV1,https://animeav1.com/media/tennis-no-oujisama-zenkoku-taikai-hen-semifinal-2
animeav1-terra-e-tv,Terra e... (TV),TV,,,,anime,,,AnimeAV1,https://animeav1.com/media/terra-e-tv
animeav1-tengen-toppa-gurren-lagann,Tengen Toppa Gurren Lagann,TV,,,,anime,,,AnimeAV1,https://animeav1.com/media/tengen-toppa-gurren-lagann
animeav1-tokyo-majin-gakuen-kenpuuchou-tou,Tokyo Majin Gakuen Kenpuuchou: Tou,TV,,,,anime,,,AnimeAV1,https://animeav1.com/media/tokyo-majin-gakuen-kenpuuchou-tou
animeav1-tekkon-kinkreet,Tekkon Kinkreet,Movie,,,,anime,,,AnimeAV1,https://animeav1.com/media/tekkon-kinkreet
animeav1-top-wo-nerae-top-wo-nerae-2-gattai-movie,Top wo Nerae! & Top wo Nerae 2! Gattai Movie!!,MOVIE,Currently Airing,,,anime,,,AnimeAV1,https://animeav1.com/media/top-wo-nerae-top-wo-nerae-2-gattai-movie
animeav1-toki-wo-kakeru-shoujo,Toki wo Kakeru Shoujo,Movie,,,,romance,,,AnimeAV1,https://animeav1.com/media/toki-wo-kakeru-shoujo
animeav1-tonagura,Tonagura!,TV,,,,anime,,,AnimeAV1,https://animeav1.com/media/tonagura
animeav1-tsubasa-chronicle-2nd-season,Tsubasa Chronicle 2nd Season,TV,,,,anime,,,AnimeAV1,https://animeav1.com/media/tsubasa-chronicle-2nd-season
animeav1-tennis-no-oujisama-zenkoku-taikai-hen,Tennis no Oujisama: Zenkoku Taikai-hen,OVA,,,,anime,,,AnimeAV1,https://animeav1.com/media/tennis-no-oujisama-zenkoku-taikai-hen
animeav1-touhai-densetsu-akagi-yami-ni-maiorita-tensai,Touhai Densetsu Akagi: Yami ni Maiorita Tensai,TV,,,,anime,,,AnimeAV1,https://animeav1.com/media/touhai-densetsu-akagi-yami-ni-maiorita-tensai
animeav1-tenchi-muyou-ryououki-3rd-season-tenchi-seirou-naredo-namitakashi,Tenchi Muyou! Ryououki 3rd Season: Tenchi Seirou naredo Namitakashi?,OVA,,,,anime,,,AnimeAV1,https://animeav1.com/media/tenchi-muyou-ryououki-3rd-season-tenchi-seirou-naredo-namitakashi
animeav1-tsubasa-chronicle-tori-kago-no-kuni-no-himegimi,Tsubasa Chronicle: Tori Kago no Kuni no Himegimi,Movie,,,,anime,,,AnimeAV1,https://animeav1.com/media/tsubasa-chronicle-tori-kago-no-kuni-no-himegimi
animeav1-trinity-blood,Trinity Blood,TV,,,,anime,,,AnimeAV1,https://animeav1.com/media/trinity-blood
animeav1-tsubasa-chronicle,Tsubasa Chronicle,TV,,,,anime,,,AnimeAV1,https://animeav1.com/media/tsubasa-chronicle
animeav1-tennis-no-oujisama-movie-1-futari-no-samurai-the-first-game,"The Prince of Tennis: The Two Samurai, The First Game",Movie,,,,anime,,,AnimeAV1,https://animeav1.com/media/tennis-no-oujisama-movie-1-futari-no-samurai-the-first-game
animeav1-transformers-galaxy-force,Transformers Galaxy Force,TV,,,,anime,,,AnimeAV1,https://animeav1.com/media/transformers-galaxy-force
animeav1-top-wo-nerae-2-diebuster,Top wo Nerae 2! Diebuster,OVA,,,,anime,,,AnimeAV1,https://animeav1.com/media/top-wo-nerae-2-diebuster
animeav1-teizokurei-daydream,Teizokurei Daydream,OVA,,,,anime,,,AnimeAV1,https://animeav1.com/media/teizokurei-daydream
animeav1-tenjou-tenge,Tenjou Tenge,TV,,,,anime,,,AnimeAV1,https://animeav1.com/media/tenjou-tenge
animeav1-transformers-superlink,Transformers Superlink,TV,,,,anime,,,AnimeAV1,https://animeav1.com/media/transformers-superlink
animeav1-tokyo-godfathers,Tokyo Godfathers,Movie,,,,anime,,,AnimeAV1,https://animeav1.com/media/tokyo-godfathers
animeav1-takahashi-rumiko-gekijou-ningyo-no-mori,Takahashi Rumiko Gekijou Ningyo no Mori,TV,,,,anime,,,AnimeAV1,https://animeav1.com/media/takahashi-rumiko-gekijou-ningyo-no-mori
animeav1-tenchi-muyou-ryououki-3rd-season,Tenchi Muyou! Ryououki 3rd Season,OVA,,,,anime,,,AnimeAV1,https://animeav1.com/media/tenchi-muyou-ryououki-3rd-season
animeav1-takahashi-rumiko-gekijou,Takahashi Rumiko Gekijou,TV,,,,anime,,,AnimeAV1,https://animeav1.com/media/takahashi-rumiko-gekijou
animeav1-the-animatrix,The Animatrix,OVA,,,,anime,,,AnimeAV1,https://animeav1.com/media/the-animatrix
animeav1-texhnolyze,Texhnolyze,TV,,,,anime,,,AnimeAV1,https://animeav1.com/media/texhnolyze
animeav1-tantei-gakuen-q,Tantei Gakuen Q,TV,,,,anime,,,AnimeAV1,https://animeav1.com/media/tantei-gakuen-q
animeav1-tennis-no-oujisama-sonzoku-yama-no-hi,Tennis no Oujisama: Sonzoku Yama no Hi,OVA,,,,anime,,,AnimeAV1,https://animeav1.com/media/tennis-no-oujisama-sonzoku-yama-no-hi
animeav1-tenchi-muyou-gxp,Tenchi Muyou! GXP,TV,,,,anime,,,AnimeAV1,https://animeav1.com/media/tenchi-muyou-gxp
animeav1-taiho-shichau-zo-in-america,Taiho Shichau zo in America,ESPECIAL,,,,anime,,,AnimeAV1,https://animeav1.com/media/taiho-shichau-zo-in-america
animeav1-tennis-no-oujisama,The Prince of Tennis,TV,,,,anime,,,AnimeAV1,https://animeav1.com/media/tennis-no-oujisama
animeav1-touch-cross-road-kaze-no-yukue,Touch: Cross Road - Kaze no Yukue,ESPECIAL,,,,anime,,,AnimeAV1,https://animeav1.com/media/touch-cross-road-kaze-no-yukue
animeav1-tenshi-kinryouku,Tenshi Kinryouku,OVA,,,,anime,,,AnimeAV1,https://animeav1.com/media/tenshi-kinryouku
animeav1-the-big-o,The Big O,TV,,,,anime,,,AnimeAV1,https://animeav1.com/media/the-big-o
animeav1-torajima-no-miime,Torajima no Miime,TV,,,,anime,,,AnimeAV1,https://animeav1.com/media/torajima-no-miime
animeav1-taiho-shichau-zo-the-movie,Taiho Shichau zo The Movie,MOVIE,,,,anime,,,AnimeAV1,https://animeav1.com/media/taiho-shichau-zo-the-movie
animeav1-tenchi-muyou-in-love-2-harukanaru-omoi,Tenchi Muyou! in Love 2: Harukanaru Omoi,Movie,,,,anime,,,AnimeAV1,https://animeav1.com/media/tenchi-muyou-in-love-2-harukanaru-omoi
animeav1-turn-a-gundam,Turn A Gundam,TV,,,,anime,,,AnimeAV1,https://animeav1.com/media/turn-a-gundam
animeav1-tenshi-ni-narumon,Tenshi ni Narumon!,TV,,,,anime,,,AnimeAV1,https://animeav1.com/media/tenshi-ni-narumon
animeav1-taiho-shichau-zo-nagisa-no-koutsuu-yuudou,Taiho Shichau zo: Nagisa no Koutsuu Yuudou,ESPECIAL,,,,anime,,,AnimeAV1,https://animeav1.com/media/taiho-shichau-zo-nagisa-no-koutsuu-yuudou
animeav1-taiho-shichau-zo-special,Taiho Shichau zo Special,SPECIAL,,,,anime,,,AnimeAV1,https://animeav1.com/media/taiho-shichau-zo-special
animeav1-touch-miss-lonely-yesterday-are-kara-kimi-wa,"Touch: Miss Lonely Yesterday - Are kara, Kimi wa...",ESPECIAL,,,,anime,,,AnimeAV1,https://animeav1.com/media/touch-miss-lonely-yesterday-are-kara-kimi-wa
animeav1-trigun,Trigun,TV,,,,anime,,,AnimeAV1,https://animeav1.com/media/trigun
animeav1-taiho-shichau-zo-tv,Taiho Shichau zo (TV),TV,,,,anime,,,AnimeAV1,https://animeav1.com/media/taiho-shichau-zo-tv
animeav1-tenchi-muyou-in-love,Tenchi Muyou! in Love,Movie,,,,anime,,,AnimeAV1,https://animeav1.com/media/tenchi-muyou-in-love
animeav1-tenchi-muyou,Tenchi Muyou!,TV,,,,anime,,,AnimeAV1,https://animeav1.com/media/tenchi-muyou
animeav1-tenchi-muyou-ryououki-2nd-season,Tenchi Muyou! Ryououki 2nd Season,OVA,,,,anime,,,AnimeAV1,https://animeav1.com/media/tenchi-muyou-ryououki-2nd-season
animeav1-the-cockpit,The Cockpit,OVA,,,,anime,,,AnimeAV1,https://animeav1.com/media/the-cockpit
animeav1-tokusou-senshatai-dominion,Tokusou Senshatai Dominion,OVA,,,,anime,,,AnimeAV1,https://animeav1.com/media/tokusou-senshatai-dominion
animeav1-tenchi-muyou-ryououki-omatsuri-zenjitsu-no-yoru,Tenchi Muyou! Ryououki: Omatsuri Zenjitsu no Yoru!,OVA,,,,anime,,,AnimeAV1,https://animeav1.com/media/tenchi-muyou-ryououki-omatsuri-zenjitsu-no-yoru
animeav1-tokyo-babylon,Tokyo Babylon,OVA,,,,anime,,,AnimeAV1,https://animeav1.com/media/tokyo-babylon
animeav1-tenchi-muyou-ryououki,Tenchi Muyou! Ryououki,OVA,,,,anime,,,AnimeAV1,https://animeav1.com/media/tenchi-muyou-ryououki
animeav1-teito-monogatari,Teito Monogatari,OVA,,,,anime,,,AnimeAV1,https://animeav1.com/media/teito-monogatari
animeav1-top-wo-nerae-kagaku-kouza,Top wo Nerae! Kagaku Kouza,TV,,,,anime,,,AnimeAV1,https://animeav1.com/media/top-wo-nerae-kagaku-kouza
animeav1-top-wo-nerae-gunbuster,Top wo Nerae! Gunbuster,OVA,,,,anime,,,AnimeAV1,https://animeav1.com/media/top-wo-nerae-gunbuster
animeav1-tonari-no-totoro,Tonari no Totoro,Movie,,,,anime,,,AnimeAV1,https://animeav1.com/media/tonari-no-totoro
animeav1-tenkuu-no-shiro-laputa,Tenkuu no Shiro Laputa,Movie,,,,anime,,,AnimeAV1,https://animeav1.com/media/tenkuu-no-shiro-laputa
animeav1-touch-sebangou-no-nai-ace,Touch: Sebangou no Nai Ace,Movie,,,,anime,,,AnimeAV1,https://animeav1.com/media/touch-sebangou-no-nai-ace
animeav1-tenshi-no-tamago,Tenshi no Tamago,OVA,,,,anime,,,AnimeAV1,https://animeav1.com/media/tenshi-no-tamago
animeav1-touch,Touch,TV,,,,anime,,,AnimeAV1,https://animeav1.com/media/touch
animeav1-terra-e,Terra e...,Movie,,,,anime,,,AnimeAV1,https://animeav1.com/media/terra-e
animeav1-uchi-no-otouto-domo-ga-sumimasen,Uchi no Otouto-domo ga Sumimasen,TV,,,,anime,,,AnimeAV1,https://animeav1.com/media/uchi-no-otouto-domo-ga-sumimasen
animeav1-uruwashi-no-yoi-no-tsuki,Uruwashi no Yoi no Tsuki,TV,,,,anime,,,AnimeAV1,https://animeav1.com/media/uruwashi-no-yoi-no-tsuki
animeav1-undead-unluck-winter-hen,Undead Unluck: Winter-hen,ESPECIAL,,,,anime,,,AnimeAV1,https://animeav1.com/media/undead-unluck-winter-hen
animeav1-uma-musume-cinderella-gray-part-2,Uma Musume: Cinderella Gray Part 2,TV,,,,anime,,,AnimeAV1,https://animeav1.com/media/uma-musume-cinderella-gray-part-2
animeav1-uchuujin-muumuu,Uchuujin MuuMuu,TV,,,,anime,,,AnimeAV1,https://animeav1.com/media/uchuujin-muumuu
animeav1-uma-musume-cinderella-gray,Uma Musume: Cinderella Gray,TV,,,,anime,,,AnimeAV1,https://animeav1.com/media/uma-musume-cinderella-gray
animeav1-uniteup-unibirth,UniteUp! Uni:Birth,TV,,,,anime,,,AnimeAV1,https://animeav1.com/media/uniteup-unibirth
animeav1-unnamed-memory-act2,Unnamed Memory Act.2,TV,,,,anime,,,AnimeAV1,https://animeav1.com/media/unnamed-memory-act2
animeav1-uzumaki,Uzumaki,TV,,,,anime,,,AnimeAV1,https://animeav1.com/media/uzumaki
animeav1-uma-musume-pretty-derby-shin-jidai-no-tobira,Uma Musume: Pretty Derby - Shin Jidai no Tobira,Movie,,,,anime,,,AnimeAV1,https://animeav1.com/media/uma-musume-pretty-derby-shin-jidai-no-tobira
animeav1-unnamed-memory,Unnamed Memory,TV,,,,anime,,,AnimeAV1,https://animeav1.com/media/unnamed-memory
animeav1-urusei-yatsura-2022-2nd-season,Urusei Yatsura (2022) 2nd Season,TV,,2022,,anime,,,AnimeAV1,https://animeav1.com/media/urusei-yatsura-2022-2nd-season
animeav1-undead-unluck,Undead Unluck,TV,,,,anime,,,AnimeAV1,https://animeav1.com/media/undead-unluck
animeav1-under-ninja,Under Ninja,TV,,,,anime,,,AnimeAV1,https://animeav1.com/media/under-ninja
animeav1-uma-musume-pretty-derby-season-3,Uma Musume: Pretty Derby Season 3,TV,,,,anime,,,AnimeAV1,https://animeav1.com/media/uma-musume-pretty-derby-season-3
animeav1-undead-girl-murder-farce,Undead Girl Murder Farce,TV,,,,anime,,,AnimeAV1,https://animeav1.com/media/undead-girl-murder-farce
animeav1-uchi-no-kaisha-no-chiisai-senpai-no-hanashi,Uchi no Kaisha no Chiisai Senpai no Hanashi,TV,,,,anime,,,AnimeAV1,https://animeav1.com/media/uchi-no-kaisha-no-chiisai-senpai-no-hanashi
animeav1-uma-musume-pretty-derby-road-to-the-top,Uma Musume: Pretty Derby - Road to the Top,ONA,,,,anime,,,AnimeAV1,https://animeav1.com/media/uma-musume-pretty-derby-road-to-the-top
animeav1-uniteup,UniteUp!,TV,,,,anime,,,AnimeAV1,https://animeav1.com/media/uniteup
animeav1-urusei-yatsura-2022,Urusei Yatsura (2022),TV,,2022,,anime,,,AnimeAV1,https://animeav1.com/media/urusei-yatsura-2022
animeav1-uzaki-chan-wa-asobitai-double,Uzaki-chan wa Asobitai! Double,TV,,,,anime,,,AnimeAV1,https://animeav1.com/media/uzaki-chan-wa-asobitai-double
animeav1-utawarerumono-futari-no-hakuoro,Utawarerumono: Futari no Hakuoro,TV,,,,anime,,,AnimeAV1,https://animeav1.com/media/utawarerumono-futari-no-hakuoro
animeav1-uramichi-oniisan,Uramichi Oniisan,TV,,,,anime,,,AnimeAV1,https://animeav1.com/media/uramichi-oniisan
animeav1-uma-musume-pretty-derby-season-2,Uma Musume: Pretty Derby Season 2,TV,,,,anime,,,AnimeAV1,https://animeav1.com/media/uma-musume-pretty-derby-season-2
animeav1-urasekai-picnic,Urasekai Picnic,TV,,,,anime,,,AnimeAV1,https://animeav1.com/media/urasekai-picnic
animeav1-umibe-no-etranger,Umibe no Étranger,Movie,,,,anime,,,AnimeAV1,https://animeav1.com/media/umibe-no-etranger
animeav1-uzaki-chan-wa-asobitai,Uzaki-chan wa Asobitai!,TV,,,,anime,,,AnimeAV1,https://animeav1.com/media/uzaki-chan-wa-asobitai
animeav1-umayon,Umayon,TV,,,,anime,,,AnimeAV1,https://animeav1.com/media/umayon
animeav1-uchi-no-ko-no-tame-naraba-ore-wa-moshikashitara-maou-mo-taoseru-kamo-shirenai,"Uchi no Ko no Tame naraba, Ore wa Moshikashitara Maou mo Taoseru kamo Shirenai.",TV,,,,anime,,,AnimeAV1,https://animeav1.com/media/uchi-no-ko-no-tame-naraba-ore-wa-moshikashitara-maou-mo-taoseru-kamo-shirenai
animeav1-uchi-no-maid-ga-uzasugiru-uchi-no-maid-wa-yappari-mou-honto-uzainda-naa,Uchi no Maid ga Uzasugiru!: Uchi no Maid wa Yappari Mou Honto Uzainda naa...,TV,,,,anime,,,AnimeAV1,https://animeav1.com/media/uchi-no-maid-ga-uzasugiru-uchi-no-maid-wa-yappari-mou-honto-uzainda-naa
animeav1-ueno-san-wa-bukiyou,Ueno-san wa Bukiyou,TV,,,,anime,,,AnimeAV1,https://animeav1.com/media/ueno-san-wa-bukiyou
animeav1-uma-musume-pretty-derby-bnw-no-chikai,Uma Musume: Pretty Derby Specials,TV,,,,anime,,,AnimeAV1,https://animeav1.com/media/uma-musume-pretty-derby-bnw-no-chikai
animeav1-uchi-no-maid-ga-uzasugiru,Uchi no Maid ga Uzasugiru!,TV,,,,anime,,,AnimeAV1,https://animeav1.com/media/uchi-no-maid-ga-uzasugiru
animeav1-uma-musume-pretty-derby,Uma Musume: Pretty Derby,TV,,,,anime,,,AnimeAV1,https://animeav1.com/media/uma-musume-pretty-derby
animeav1-uq-holder-mahou-sensei-negima-2,UQ Holder! Mahou Sensei Negima! 2,TV,,2025,,anime,,,AnimeAV1,https://animeav1.com/media/uq-holder-mahou-sensei-negima-2
animeav1-uchiage-hanabi-shita-kara-miru-ka-yoko-kara-miru-ka,"Uchiage Hanabi, Shita kara Miru ka? Yoko kara Miru ka?",Movie,,,,anime,,,AnimeAV1,https://animeav1.com/media/uchiage-hanabi-shita-kara-miru-ka-yoko-kara-miru-ka
animeav1-uchouten-kazoku-2,Uchouten Kazoku 2,TV,,,,anime,,,AnimeAV1,https://animeav1.com/media/uchouten-kazoku-2
animeav1-udon-no-kuni-no-kiniro-kemari,Udon no Kuni no Kiniro Kemari,TV,,,,anime,,,AnimeAV1,https://animeav1.com/media/udon-no-kuni-no-kiniro-kemari
animeav1-under-the-dog,Under the Dog,OVA,,,,anime,,,AnimeAV1,https://animeav1.com/media/under-the-dog
animeav1-ushio-to-tora-tv-2nd-season,Ushio to Tora (TV) 2nd Season,TV,,,,anime,,,AnimeAV1,https://animeav1.com/media/ushio-to-tora-tv-2nd-season
animeav1-uchuu-patrol-luluco,Uchuu Patrol Luluco,TV,,,,anime,,,AnimeAV1,https://animeav1.com/media/uchuu-patrol-luluco
animeav1-utawarerumono-itsuwari-no-kamen,Utawarerumono: Itsuwari no Kamen,TV,,,,anime,,,AnimeAV1,https://animeav1.com/media/utawarerumono-itsuwari-no-kamen
animeav1-ushio-to-tora-tv,Ushio to Tora (TV),TV,,,,anime,,,AnimeAV1,https://animeav1.com/media/ushio-to-tora-tv
animeav1-ushinawareta-mirai-wo-motomete,Ushinawareta Mirai wo Motomete,TV,,,,anime,,,AnimeAV1,https://animeav1.com/media/ushinawareta-mirai-wo-motomete
animeav1-uchouten-kazoku,Uchouten Kazoku,TV,,,,anime,,,AnimeAV1,https://animeav1.com/media/uchouten-kazoku
animeav1-uchuu-senkan-yamato-2199,Uchuu Senkan Yamato 2199,OVA,,,,anime,,,AnimeAV1,https://animeav1.com/media/uchuu-senkan-yamato-2199
animeav1-uchuu-kyoudai,Uchuu Kyoudai,TV,,,,anime,,,AnimeAV1,https://animeav1.com/media/uchuu-kyoudai
animeav1-usagi-drop,Usagi Drop,TV,,,,anime,,,AnimeAV1,https://animeav1.com/media/usagi-drop
animeav1-uchuu-senkan-yamato-fukkatsu-hen,Uchuu Senkan Yamato: Fukkatsu-hen,Movie,,,,anime,,,AnimeAV1,https://animeav1.com/media/uchuu-senkan-yamato-fukkatsu-hen
animeav1-umineko-no-naku-koro-ni,Umineko no Naku Koro ni,TV,,,,anime,,,AnimeAV1,https://animeav1.com/media/umineko-no-naku-koro-ni
animeav1-utawarerumono-ova,Utawarerumono OVA,OVA,,,,anime,,,AnimeAV1,https://animeav1.com/media/utawarerumono-ova
animeav1-utawarerumono-specials,Utawarerumono Specials,TV,,,,anime,,,AnimeAV1,https://animeav1.com/media/utawarerumono-specials
animeav1-utawarerumono,Utawarerumono,TV,,,,anime,,,AnimeAV1,https://animeav1.com/media/utawarerumono
animeav1-ueki-no-housoku,Ueki no Housoku,TV,,,,anime,,,AnimeAV1,https://animeav1.com/media/ueki-no-housoku
animeav1-uchuu-koukyoushi-maetel-ginga-tetsudou-999-gaiden,Uchuu Koukyoushi Maetel: Ginga Tetsudou 999 Gaiden,TV,,,,anime,,,AnimeAV1,https://animeav1.com/media/uchuu-koukyoushi-maetel-ginga-tetsudou-999-gaiden
animeav1-ultra-maniac,Ultra Maniac,TV,,,,anime,,,AnimeAV1,https://animeav1.com/media/ultra-maniac
animeav1-ultra-maniac-ova,Ultra Maniac OVA,OVA,,,,anime,,,AnimeAV1,https://animeav1.com/media/ultra-maniac-ova
animeav1-usagi-chan-de-cue,Usagi-chan de Cue!!,OVA,,,,anime,,,AnimeAV1,https://animeav1.com/media/usagi-chan-de-cue
animeav1-umi-ga-kikoeru,Umi ga Kikoeru,ESPECIAL,,,,anime,,,AnimeAV1,https://animeav1.com/media/umi-ga-kikoeru
animeav1-umezu-kazuo-no-noroi,Umezu Kazuo no Noroi,OVA,,,,anime,,,AnimeAV1,https://animeav1.com/media/umezu-kazuo-no-noroi
animeav1-uchuu-kaizoku-captain-herlock-arcadia-gou-no-nazo,Uchuu Kaizoku Captain Herlock: Arcadia-gou no Nazo,Movie,,,,anime,,,AnimeAV1,https://animeav1.com/media/uchuu-kaizoku-captain-herlock-arcadia-gou-no-nazo
animeav1-uchuu-kaizoku-captain-herlock,Uchuu Kaizoku Captain Herlock,TV,,,,anime,,,AnimeAV1,https://animeav1.com/media/uchuu-kaizoku-captain-herlock
animeav1-ufo-robo-grendizer-tai-great-mazinger,UFO Robo Grendizer tai Great Mazinger,Movie,,,,anime,,,AnimeAV1,https://animeav1.com/media/ufo-robo-grendizer-tai-great-mazinger
animeav1-ufo-robo-grendizer,UFO Robo Grendizer,TV,,,,anime,,,AnimeAV1,https://animeav1.com/media/ufo-robo-grendizer
animeav1-uchuu-senkan-yamato,Uchuu Senkan Yamato,TV,,,,anime,,,AnimeAV1,https://animeav1.com/media/uchuu-senkan-yamato
animeav1-vigilante-boku-no-hero-academia-illegals-2nd-season,Vigilante: Boku no Hero Academia Illegals 2nd Season,TV,,,,anime,,,AnimeAV1,https://animeav1.com/media/vigilante-boku-no-hero-academia-illegals-2nd-season
animeav1-virgin-punk-clockwork-girl,Virgin Punk: Clockwork Girl,Movie,,,,anime,,,AnimeAV1,https://animeav1.com/media/virgin-punk-clockwork-girl
animeav1-vigilante-boku-no-hero-academia-illegals,Vigilante: Boku no Hero Academia Illegals,TV,,,,anime,,,AnimeAV1,https://animeav1.com/media/vigilante-boku-no-hero-academia-illegals
animeav1-versailles-no-bara-movie,Versailles no Bara (Movie),MOVIE,,,,anime,,,AnimeAV1,https://animeav1.com/media/versailles-no-bara-movie
animeav1-vtuber-nandaga-haishin-kiri-wasuretara-densetsu-ni-natteta,VTuber Nandaga Haishin Kiri Wasuretara Densetsu ni Natteta,TV,,,,anime,,,AnimeAV1,https://animeav1.com/media/vtuber-nandaga-haishin-kiri-wasuretara-densetsu-ni-natteta
animeav1-vampire-dormitory,Vampire Dormitory,TV,,,,anime,,,AnimeAV1,https://animeav1.com/media/vampire-dormitory
animeav1-vinland-saga-season-2,Vinland Saga Season 2,TV,,,,anime,,,AnimeAV1,https://animeav1.com/media/vinland-saga-season-2
animeav1-vazzrock-the-animation,Vazzrock The Animation,TV,,,,anime,,,AnimeAV1,https://animeav1.com/media/vazzrock-the-animation
animeav1-vanitas-no-karte,Vanitas no Karte,TV,,,,anime,,,AnimeAV1,https://animeav1.com/media/vanitas-no-karte
animeav1-vivy-fluorite-eyes-song,Vivy: Fluorite Eye's Song,TV,,,,anime,,,AnimeAV1,https://animeav1.com/media/vivy-fluorite-eyes-song
animeav1-vlad-love,Vlad Love,ONA,,,,anime,,,AnimeAV1,https://animeav1.com/media/vlad-love
animeav1-violet-evergarden-movie,Violet Evergarden Movie,MOVIE,,,,anime,,,AnimeAV1,https://animeav1.com/media/violet-evergarden-movie
animeav1-val-x-love,Val x Love,TV,,,,anime,,,AnimeAV1,https://animeav1.com/media/val-x-love
animeav1-violet-evergarden-gaiden-eien-to-jidou-shuki-ningyou,Violet Evergarden Gaiden: Eien to Jidou Shuki Ningyou,Movie,,,,anime,,,AnimeAV1,https://animeav1.com/media/violet-evergarden-gaiden-eien-to-jidou-shuki-ningyou
animeav1-vinland-saga,Vinland Saga,TV,,,,anime,,,AnimeAV1,https://animeav1.com/media/vinland-saga
animeav1-violet-evergarden-kitto-ai-wo-shiru-hi-ga-kuru-no-darou,"Violet Evergarden: Kitto ""Ai"" wo Shiru Hi ga Kuru no Darou",TV,,,,anime,,,AnimeAV1,https://animeav1.com/media/violet-evergarden-kitto-ai-wo-shiru-hi-ga-kuru-no-darou
animeav1-violet-evergarden,Violet Evergarden,TV,,,,anime,,,AnimeAV1,https://animeav1.com/media/violet-evergarden
animeav1-vivid-strike-specials,ViVid Strike! Specials,TV,,,,anime,,,AnimeAV1,https://animeav1.com/media/vivid-strike-specials
animeav1-vivid-strike,ViVid Strike!,TV,,,,anime,,,AnimeAV1,https://animeav1.com/media/vivid-strike
animeav1-valkyrie-drive-mermaid,Valkyrie Drive: Mermaid,TV,,,,anime,,,AnimeAV1,https://animeav1.com/media/valkyrie-drive-mermaid
animeav1-vanquished-queens,Vanquished Queens,OVA,,,,anime,,,AnimeAV1,https://animeav1.com/media/vanquished-queens
animeav1-vividred-operation,Vividred Operation,TV,,,,anime,,,AnimeAV1,https://animeav1.com/media/vividred-operation
animeav1-votoms-finder,Votoms Finder,OVA,,,,anime,,,AnimeAV1,https://animeav1.com/media/votoms-finder
animeav1-vampire-knight-gekiai-no-portrait,Vampire Knight: Gekiai no Portrait,TV,,,,anime,,,AnimeAV1,https://animeav1.com/media/vampire-knight-gekiai-no-portrait
animeav1-vampire-knight-guilty,Vampire Knight Guilty,TV,,,,anime,,,AnimeAV1,https://animeav1.com/media/vampire-knight-guilty
animeav1-vampire-knight,Vampire Knight,TV,,,,anime,,,AnimeAV1,https://animeav1.com/media/vampire-knight
animeav1-vandread-the-second-stage,Vandread: The Second Stage,TV,,,,anime,,,AnimeAV1,https://animeav1.com/media/vandread-the-second-stage
animeav1-vandread,Vandread,TV,,,,anime,,,AnimeAV1,https://animeav1.com/media/vandread
animeav1-vampire-hunter-d-2000,Vampire Hunter D (2000),Movie,,,,anime,,,AnimeAV1,https://animeav1.com/media/vampire-hunter-d-2000
animeav1-virus-virus-buster-serge,Virus: Virus Buster Serge,TV,,,,anime,,,AnimeAV1,https://animeav1.com/media/virus-virus-buster-serge
animeav1-violence-jack-hells-wind-hen,Violence Jack: Hell's Wind-hen,OVA,,,,anime,,,AnimeAV1,https://animeav1.com/media/violence-jack-hells-wind-hen
animeav1-violence-jack-jigoku-gai-hen,Violence Jack: Jigoku Gai-hen,OVA,,,,anime,,,AnimeAV1,https://animeav1.com/media/violence-jack-jigoku-gai-hen
animeav1-violence-jack-harem-bomber-hen,Violence Jack: Harem Bomber-hen,OVA,,,,anime,,,AnimeAV1,https://animeav1.com/media/violence-jack-harem-bomber-hen
animeav1-versailles-no-bara,Versailles no Bara,TV,,,,anime,,,AnimeAV1,https://animeav1.com/media/versailles-no-bara
animeav1-world-is-dancing,World Is Dancing,TV,,,,anime,,,AnimeAV1,https://animeav1.com/media/world-is-dancing
animeav1-wandance,Wandance,TV,,,,anime,,,AnimeAV1,https://animeav1.com/media/wandance
animeav1-watashi-wo-tabetai-hitodenashi,"Watashi wo Tabetai, Hitodenashi",TV,,,,anime,,,AnimeAV1,https://animeav1.com/media/watashi-wo-tabetai-hitodenashi
animeav1-watashi-ga-koibito-ni-nareru-wake-nai-jan-muri-muri-muri-ja-nakatta,"Watashi ga Koibito ni Nareru Wake Nai jan, Muri Muri! (※Muri ja Nakatta!?)",TV,,,,anime,,,AnimeAV1,https://animeav1.com/media/watashi-ga-koibito-ni-nareru-wake-nai-jan-muri-muri-muri-ja-nakatta
animeav1-watari-kun-no-xx-ga-houkai-sunzen,Watari-kun no xx ga Houkai Sunzen,TV,,2011,,anime,,,AnimeAV1,https://animeav1.com/media/watari-kun-no-xx-ga-houkai-sunzen
animeav1-witch-watch,Witch Watch,TV,,,,anime,,,AnimeAV1,https://animeav1.com/media/witch-watch
animeav1-wind-breaker-season-2,Wind Breaker Season 2,TV,,,,anime,,,AnimeAV1,https://animeav1.com/media/wind-breaker-season-2
animeav1-watashi-no-shiawase-na-kekkon-2nd-season,Watashi no Shiawase na Kekkon 2nd Season,TV,,,,anime,,,AnimeAV1,https://animeav1.com/media/watashi-no-shiawase-na-kekkon-2nd-season
animeav1-wind-breaker,Wind Breaker,TV,,,,anime,,,AnimeAV1,https://animeav1.com/media/wind-breaker
animeav1-watashi-no-shiawase-na-kekkon-watashi-no-shiawase-na-katachi,Watashi no Shiawase na Kekkon: Watashi no Shiawase na Katachi,OVA,,,,anime,,,AnimeAV1,https://animeav1.com/media/watashi-no-shiawase-na-kekkon-watashi-no-shiawase-na-katachi
animeav1-wonderful-precure,Wonderful Precure!,TV,,,,anime,,,AnimeAV1,https://animeav1.com/media/wonderful-precure
animeav1-watashi-no-oshi-wa-akuyaku-reijou,Watashi no Oshi wa Akuyaku Reijou.,TV,,,,anime,,,AnimeAV1,https://animeav1.com/media/watashi-no-oshi-wa-akuyaku-reijou
animeav1-watashi-no-shiawase-na-kekkon,Watashi no Shiawase na Kekkon,TV,,,,anime,,,AnimeAV1,https://animeav1.com/media/watashi-no-shiawase-na-kekkon
animeav1-watashi-no-yuri-wa-oshigoto-desu,Watashi no Yuri wa Oshigoto desu!,TV,,,,anime,,,AnimeAV1,https://animeav1.com/media/watashi-no-yuri-wa-oshigoto-desu
animeav1-watashi-ni-tenshi-ga-maiorita-precious-friends,Watashi ni Tenshi ga Maiorita! Precious Friends,Movie,,,,anime,,,AnimeAV1,https://animeav1.com/media/watashi-ni-tenshi-ga-maiorita-precious-friends
animeav1-world-trigger-3rd-season,World Trigger 3rd Season,TV,,,,anime,,,AnimeAV1,https://animeav1.com/media/world-trigger-3rd-season
animeav1-wonder-egg-priority-watashi-no-priority,Wonder Egg Priority: Watashi no Priority,ESPECIAL,,,,anime,,,AnimeAV1,https://animeav1.com/media/wonder-egg-priority-watashi-no-priority
animeav1-wonder-egg-priority,Wonder Egg Priority,TV,,,,anime,,,AnimeAV1,https://animeav1.com/media/wonder-egg-priority
animeav1-world-trigger-2nd-season,World Trigger 2nd Season,TV,,,,anime,,,AnimeAV1,https://animeav1.com/media/world-trigger-2nd-season
animeav1-wixoss-divaalive,WIXOSS Diva(A)Live,TV,,,,anime,,,AnimeAV1,https://animeav1.com/media/wixoss-divaalive
animeav1-watashi-nouryoku-wa-heikinchi-de-tte-itta-yo-ne,"Watashi, Nouryoku wa Heikinchi de tte Itta yo ne!",TV,,,,anime,,,AnimeAV1,https://animeav1.com/media/watashi-nouryoku-wa-heikinchi-de-tte-itta-yo-ne
animeav1-watashi-ni-tenshi-ga-maiorita-special,Watashi ni Tenshi ga Maiorita! Special,SPECIAL,,,,anime,,,AnimeAV1,https://animeav1.com/media/watashi-ni-tenshi-ga-maiorita-special
animeav1-wotaku-ni-koi-wa-muzukashii-ova,Wotaku ni Koi wa Muzukashii OVA,OVA,,,,anime,,,AnimeAV1,https://animeav1.com/media/wotaku-ni-koi-wa-muzukashii-ova
animeav1-watashi-ni-tenshi-ga-maiorita,Watashi ni Tenshi ga Maiorita!,TV,,,,anime,,,AnimeAV1,https://animeav1.com/media/watashi-ni-tenshi-ga-maiorita
animeav1-wz,W'z,TV,,,,anime,,,AnimeAV1,https://animeav1.com/media/wz
animeav1-wotaku-ni-koi-wa-muzukashii,Wotaku ni Koi wa Muzukashii,TV,,,,anime,,,AnimeAV1,https://animeav1.com/media/wotaku-ni-koi-wa-muzukashii
animeav1-watashi-ga-motete-dousunda,Watashi ga Motete Dousunda,TV,,,,anime,,,AnimeAV1,https://animeav1.com/media/watashi-ga-motete-dousunda
animeav1-wwwworking,WWW.Working!!,TV,,,,anime,,,AnimeAV1,https://animeav1.com/media/wwwworking
animeav1-working-s3,Working!!! 3,TV,,,,anime,,,AnimeAV1,https://animeav1.com/media/working-s3
animeav1-witch-craft-works-takamiya-kun-to-imouto-no-warudakumi,Witch Craft Works: Takamiya-kun to Imouto no Warudakumi,OVA,,,,anime,,,AnimeAV1,https://animeav1.com/media/witch-craft-works-takamiya-kun-to-imouto-no-warudakumi
animeav1-world-trigger,World Trigger,TV,,,,anime,,,AnimeAV1,https://animeav1.com/media/world-trigger
animeav1-white-album-2-picture-drama,White Album 2 Picture Drama,TV,,,,drama,,,AnimeAV1,https://animeav1.com/media/white-album-2-picture-drama
animeav1-wizard-barristers-benmashi-cecil,Wizard Barristers: Benmashi Cecil,TV,,,,anime,,,AnimeAV1,https://animeav1.com/media/wizard-barristers-benmashi-cecil
animeav1-witch-craft-works,Witch Craft Works,TV,,,,anime,,,AnimeAV1,https://animeav1.com/media/witch-craft-works
animeav1-walkure-romanze,Walkure Romanze,TV,,,,anime,,,AnimeAV1,https://animeav1.com/media/walkure-romanze
animeav1-white-album-2,White Album 2,TV,,,,anime,,,AnimeAV1,https://animeav1.com/media/white-album-2
animeav1-watashi-ga-motenai-no-wa-dou-kangaetemo-omaera-ga-warui,Watamote!,TV,,,,anime,,,AnimeAV1,https://animeav1.com/media/watashi-ga-motenai-no-wa-dou-kangaetemo-omaera-ga-warui
animeav1-wasurenagumo,Wasurenagumo,ESPECIAL,,,,anime,,,AnimeAV1,https://animeav1.com/media/wasurenagumo
animeav1-working-s2,Working'!! 2,TV,,,,anime,,,AnimeAV1,https://animeav1.com/media/working-s2
animeav1-working-s1,Working!!,TV,,,,anime,,,AnimeAV1,https://animeav1.com/media/working-s1
animeav1-white-album-2nd-season,White Album 2nd Season,TV,,,,anime,,,AnimeAV1,https://animeav1.com/media/white-album-2nd-season
animeav1-white-album,White Album,TV,,,,anime,,,AnimeAV1,https://animeav1.com/media/white-album
animeav1-witchblade,Witchblade,TV,,,,anime,,,AnimeAV1,https://animeav1.com/media/witchblade
animeav1-wolfs-rain-ova,Wolf's Rain OVA,OVA,,,,anime,,,AnimeAV1,https://animeav1.com/media/wolfs-rain-ova
animeav1-wolfs-rain,Wolf's Rain,TV,,,,anime,,,AnimeAV1,https://animeav1.com/media/wolfs-rain
animeav1-whistle,Whistle!,TV,,,,anime,,,AnimeAV1,https://animeav1.com/media/whistle
animeav1-wxiii-kidou-keisatsu-patlabor,WXIII Kidou Keisatsu Patlabor,Movie,,,,anime,,,AnimeAV1,https://animeav1.com/media/wxiii-kidou-keisatsu-patlabor
animeav1-waga-seishun-no-arcadia,Waga Seishun no Arcadia,Movie,,,,anime,,,AnimeAV1,https://animeav1.com/media/waga-seishun-no-arcadia
animeav1-xian-wang-de-richang-shenghuo-5,Xian Wang de Richang Shenghuo 5,ONA,,,,anime,,,AnimeAV1,https://animeav1.com/media/xian-wang-de-richang-shenghuo-5
animeav1-xiehou-ta-de-shaonu-shidai,Xiehou Ta de Shaonu Shidai,ONA,,,,anime,,,AnimeAV1,https://animeav1.com/media/xiehou-ta-de-shaonu-shidai
animeav1-xian-wang-de-richang-shenghuo-4,Xian Wang de Richang Shenghuo 4,ONA,,,,anime,,,AnimeAV1,https://animeav1.com/media/xian-wang-de-richang-shenghuo-4
animeav1-xian-wang-de-richang-shenghuo-3,Xian Wang de Richang Shenghuo 3,ONA,,,,anime,,,AnimeAV1,https://animeav1.com/media/xian-wang-de-richang-shenghuo-3
animeav1-xian-wang-de-richang-shenghuo-2,Xian Wang de Richang Shenghuo 2,ONA,,,,anime,,,AnimeAV1,https://animeav1.com/media/xian-wang-de-richang-shenghuo-2
animeav1-xian-wang-de-richang-shenghuo,Xian Wang de Richang Shenghuo,ONA,,,,anime,,,AnimeAV1,https://animeav1.com/media/xian-wang-de-richang-shenghuo
animeav1-x-ova,X OVA,OVA,,,,anime,,,AnimeAV1,https://animeav1.com/media/x-ova
animeav1-x1999,X/1999,Movie,,,,anime,,,AnimeAV1,https://animeav1.com/media/x1999
animeav1-youjo-senki-ii,Youjo Senki II,TV,,,,anime,,,AnimeAV1,https://animeav1.com/media/youjo-senki-ii
animeav1-yoroi-shin-den-samurai-troopers-part-2,Yoroi Shin Den Samurai Troopers Part 2,TV,,,,anime,,,AnimeAV1,https://animeav1.com/media/yoroi-shin-den-samurai-troopers-part-2
animeav1-yani-neko,Yani Neko,TV,,,,anime,,,AnimeAV1,https://animeav1.com/media/yani-neko
animeav1-yozakura-san-chi-no-daisakusen-2nd-season,Yozakura-san Chi no Daisakusen 2nd Season,TV,,,,anime,,,AnimeAV1,https://animeav1.com/media/yozakura-san-chi-no-daisakusen-2nd-season
animeav1-yowayowa-sensei,Yowayowa Sensei,TV,,,,anime,,,AnimeAV1,https://animeav1.com/media/yowayowa-sensei
animeav1-yomi-no-tsugai,Yomi no Tsugai,TV,,,,anime,,,AnimeAV1,https://animeav1.com/media/yomi-no-tsugai
animeav1-youkoso-jitsuryoku-shijou-shugi-no-kyoushitsu-e-4th-season-2-nensei-hen-1-gakki,Youkoso Jitsuryoku Shijou Shugi no Kyoushitsu e 4th Season: 2-nensei-hen 1 Gakki,TV,,,,anime,,,AnimeAV1,https://animeav1.com/media/youkoso-jitsuryoku-shijou-shugi-no-kyoushitsu-e-4th-season-2-nensei-hen-1-gakki
animeav1-yami-shibai-16,Yami Shibai 16,TV,,,,anime,,,AnimeAV1,https://animeav1.com/media/yami-shibai-16
animeav1-yuusha-no-kuzu,Yuusha no Kuzu,TV,,,,anime,,,AnimeAV1,https://animeav1.com/media/yuusha-no-kuzu
animeav1-yuusha-party-ni-kawaii-ko-ga-ita-node-kokuhaku-shitemita,"Yuusha Party ni Kawaii Ko ga Ita node, Kokuhaku shitemita.",TV,,,,anime,,,AnimeAV1,https://animeav1.com/media/yuusha-party-ni-kawaii-ko-ga-ita-node-kokuhaku-shitemita
animeav1-yoroi-shin-den-samurai-troopers,Yoroi Shin Den Samurai Troopers,TV,,,,anime,,,AnimeAV1,https://animeav1.com/media/yoroi-shin-den-samurai-troopers
animeav1-yuusha-party-wo-oidasareta-kiyoubinbou,Yuusha Party wo Oidasareta Kiyoubinbou,TV,,,,anime,,,AnimeAV1,https://animeav1.com/media/yuusha-party-wo-oidasareta-kiyoubinbou
animeav1-yuusha-kei-ni-shosu-choubatsu-yuusha-9004-tai-keimu-kiroku,Yuusha-kei ni Shosu: Choubatsu Yuusha 9004-tai Keimu Kiroku,TV,,,,anime,,,AnimeAV1,https://animeav1.com/media/yuusha-kei-ni-shosu-choubatsu-yuusha-9004-tai-keimu-kiroku
animeav1-yi-ren-zhi-xia-6,Yi Ren Zhi Xia 6,ONA,,,,anime,,,AnimeAV1,https://animeav1.com/media/yi-ren-zhi-xia-6
animeav1-yasei-no-last-boss-ga-arawareta,Yasei no Last Boss ga Arawareta!,TV,,,,anime,,,AnimeAV1,https://animeav1.com/media/yasei-no-last-boss-ga-arawareta
animeav1-yano-kun-no-futsuu-no-hibi,Yano-kun no Futsuu no Hibi,TV,,,,anime,,,AnimeAV1,https://animeav1.com/media/yano-kun-no-futsuu-no-hibi
animeav1-yami-shibai-15,Yami Shibai 15,TV,,,,anime,,,AnimeAV1,https://animeav1.com/media/yami-shibai-15
animeav1-yuusha-party-wo-tsuihou-sareta-shiromadoushi-s-rank-boukensha-ni-hirowareru-kono-shiromadoushi-ga-kikakugai-sugiru,"Yuusha Party wo Tsuihou sareta Shiromadoushi, S-Rank Boukensha ni Hirowareru: Kono Shiromadoushi ga Kikakugai Sugiru",TV,,,,anime,,,AnimeAV1,https://animeav1.com/media/yuusha-party-wo-tsuihou-sareta-shiromadoushi-s-rank-boukensha-ni-hirowareru-kono-shiromadoushi-ga-kikakugai-sugiru
animeav1-yofukashi-no-uta-season-2,Yofukashi no Uta Season 2,TV,,2014,,anime,,,AnimeAV1,https://animeav1.com/media/yofukashi-no-uta-season-2
animeav1-your-forma,Your Forma,TV,,,,anime,,,AnimeAV1,https://animeav1.com/media/your-forma
animeav1-yami-shibai-14,Yami Shibai 14,TV,,,,anime,,,AnimeAV1,https://animeav1.com/media/yami-shibai-14
animeav1-yarinaoshi-reijou-wa-ryuutei-heika-wo-kouryakuchuu,Yarinaoshi Reijou wa Ryuutei Heika wo Kouryakuchuu,TV,,,,anime,,,AnimeAV1,https://animeav1.com/media/yarinaoshi-reijou-wa-ryuutei-heika-wo-kouryakuchuu
animeav1-youkai-gakkou-no-sensei-hajimemashita,Youkai Gakkou no Sensei Hajimemashita!,TV,,,,anime,,,AnimeAV1,https://animeav1.com/media/youkai-gakkou-no-sensei-hajimemashita
animeav1-yeosin-gangnim,Yeosin Gangnim,ONA,,,,anime,,,AnimeAV1,https://animeav1.com/media/yeosin-gangnim
animeav1-yamato-yo-towa-ni-rebel-3199,"Yamato yo, Towa ni: Rebel 3199",Movie,,,,anime,,,AnimeAV1,https://animeav1.com/media/yamato-yo-towa-ni-rebel-3199
animeav1-yami-shibai-13,Yami Shibai 13,TV,,,,anime,,,AnimeAV1,https://animeav1.com/media/yami-shibai-13
animeav1-yuru-camp-season-3-specials,Yuru Camp△ Season 3 Specials,TV,,,,anime,,,AnimeAV1,https://animeav1.com/media/yuru-camp-season-3-specials
animeav1-yoru-no-kurage-wa-oyogenai,Yoru no Kurage wa Oyogenai,TV,,,,anime,,,AnimeAV1,https://animeav1.com/media/yoru-no-kurage-wa-oyogenai
animeav1-yozakura-san-chi-no-daisakusen,Yozakura-san Chi no Daisakusen,TV,,,,anime,,,AnimeAV1,https://animeav1.com/media/yozakura-san-chi-no-daisakusen
animeav1-yuru-camp-season-3,Yuru Camp Season 3,TV,,,,anime,,,AnimeAV1,https://animeav1.com/media/yuru-camp-season-3
animeav1-yami-shibai-12,Yami Shibai 12,TV,,,,anime,,,AnimeAV1,https://animeav1.com/media/yami-shibai-12
animeav1-yuuki-bakuhatsu-bang-bravern,Yuuki Bakuhatsu Bang Bravern,TV,,,,anime,,,AnimeAV1,https://animeav1.com/media/yuuki-bakuhatsu-bang-bravern
animeav1-yubisaki-to-renren,Yubisaki to Renren,TV,,,,anime,,,AnimeAV1,https://animeav1.com/media/yubisaki-to-renren
animeav1-youkoso-jitsuryoku-shijou-shugi-no-kyoushitsu-e-3rd-season,Youkoso Jitsuryoku Shijou Shugi no Kyoushitsu e 3rd Season,TV,,,,anime,,,AnimeAV1,https://animeav1.com/media/youkoso-jitsuryoku-shijou-shugi-no-kyoushitsu-e-3rd-season
animeav1-yuzuki-san-chi-no-yonkyoudai,Yuzuki-san Chi no Yonkyoudai.,TV,,,,anime,,,AnimeAV1,https://animeav1.com/media/yuzuki-san-chi-no-yonkyoudai
animeav1-yami-shibai-11,Yami Shibai 11,TV,,,,anime,,,AnimeAV1,https://animeav1.com/media/yami-shibai-11
animeav1-yumemiru-danshi-wa-genjitsushugisha,Yumemiru Danshi wa Genjitsushugisha,TV,,,,anime,,,AnimeAV1,https://animeav1.com/media/yumemiru-danshi-wa-genjitsushugisha
animeav1-yahari-ore-no-seishun-love-comedy-wa-machigatteiru-kan-ova,"Yahari Ore no Seishun Love Comedy wa Machigatteiru. Kan: Dakara, Shishunki wa Owarazu ni, Seishun wa Tsuzuiteiku.",OVA,,,,comedy,,,AnimeAV1,https://animeav1.com/media/yahari-ore-no-seishun-love-comedy-wa-machigatteiru-kan-ova
animeav1-yuusha-ga-shinda,Yuusha ga Shinda!,TV,,,,anime,,,AnimeAV1,https://animeav1.com/media/yuusha-ga-shinda
animeav1-yamada-kun-to-lv999-no-koi-wo-suru,Yamada-kun to Lv999 no Koi wo Suru,TV,,,,anime,,,AnimeAV1,https://animeav1.com/media/yamada-kun-to-lv999-no-koi-wo-suru
animeav1-yi-ren-zhi-xia-5,Yi Ren Zhi Xia 5,ONA,,,,anime,,,AnimeAV1,https://animeav1.com/media/yi-ren-zhi-xia-5
animeav1-yowamushi-pedal-limit-break,Yowamushi Pedal: Limit Break,TV,,,,anime,,,AnimeAV1,https://animeav1.com/media/yowamushi-pedal-limit-break
animeav1-yama-no-susume-next-summit,Yama no Susume: Next Summit,TV,,,,anime,,,AnimeAV1,https://animeav1.com/media/yama-no-susume-next-summit
animeav1-yuusha-party-wo-tsuihou-sareta-beast-tamer-saikyoushu-no-nekomimi-shoujo-to-deau,"Yuusha Party wo Tsuihou sareta Beast Tamer, Saikyoushu no Nekomimi Shoujo to Deau",TV,,,,romance,,,AnimeAV1,https://animeav1.com/media/yuusha-party-wo-tsuihou-sareta-beast-tamer-saikyoushu-no-nekomimi-shoujo-to-deau
animeav1-yojouhan-time-machine-blues,Yojouhan Time Machine Blues,ONA,,,,anime,,,AnimeAV1,https://animeav1.com/media/yojouhan-time-machine-blues
animeav1-yofukashi-no-uta,Yofukashi no Uta,TV,,,,anime,,,AnimeAV1,https://animeav1.com/media/yofukashi-no-uta
animeav1-youkoso-jitsuryoku-shijou-shugi-no-kyoushitsu-e-2nd-season,Youkoso Jitsuryoku Shijou Shugi no Kyoushitsu e 2nd Season,TV,,,,anime,,,AnimeAV1,https://animeav1.com/media/youkoso-jitsuryoku-shijou-shugi-no-kyoushitsu-e-2nd-season
animeav1-yuru-camp-movie,Yuru Camp△ Movie,MOVIE,,,,anime,,,AnimeAV1,https://animeav1.com/media/yuru-camp-movie
animeav1-yuusha-yamemasu-kenshuu-ryokou-wa-mokuteki-wo-miushinau-na,"Yuusha, Yamemasu: Kenshuu Ryokou wa Mokuteki wo Miushinau na",TV,,,,anime,,,AnimeAV1,https://animeav1.com/media/yuusha-yamemasu-kenshuu-ryokou-wa-mokuteki-wo-miushinau-na
animeav1-yuukoku-no-moriarty-ova,Yuukoku no Moriarty OVA,OVA,,,,anime,,,AnimeAV1,https://animeav1.com/media/yuukoku-no-moriarty-ova
animeav1-yuusha-yamemasu,"Yuusha, Yamemasu",TV,,,,anime,,,AnimeAV1,https://animeav1.com/media/yuusha-yamemasu
animeav1-yami-shibai-10,Yami Shibai 10,TV,,,,anime,,,AnimeAV1,https://animeav1.com/media/yami-shibai-10
animeav1-yuuki-yuuna-wa-yuusha-de-aru-dai-mankai-no-shou,Yuuki Yuuna wa Yuusha de Aru: Dai Mankai no Shou,TV,,,,anime,,,AnimeAV1,https://animeav1.com/media/yuuki-yuuna-wa-yuusha-de-aru-dai-mankai-no-shou
animeav1-yi-ren-zhi-xia-4,Yi Ren Zhi Xia 4,ONA,,,,anime,,,AnimeAV1,https://animeav1.com/media/yi-ren-zhi-xia-4
animeav1-yami-shibai-furuido,Yami Shibai: Furuido,ONA,,,,anime,,,AnimeAV1,https://animeav1.com/media/yami-shibai-furuido
animeav1-yami-shibai-9,Yami Shibai 9,TV,,,,anime,,,AnimeAV1,https://animeav1.com/media/yami-shibai-9
animeav1-youjo-senki-sabaku-no-pasta-daisakusen,Youjo Senki: Sabaku no Pasta Daisakusen,ONA,,,,anime,,,AnimeAV1,https://animeav1.com/media/youjo-senki-sabaku-no-pasta-daisakusen
animeav1-yuukoku-no-moriarty-part-2,Yuukoku no Moriarty Part 2,TV,,,,anime,,,AnimeAV1,https://animeav1.com/media/yuukoku-no-moriarty-part-2
animeav1-yami-shibai-8,Yami Shibai 8,TV,,,,anime,,,AnimeAV1,https://animeav1.com/media/yami-shibai-8
animeav1-yakusoku-no-neverland-2nd-season,Yakusoku no Neverland 2nd Season,TV,,,,anime,,,AnimeAV1,https://animeav1.com/media/yakusoku-no-neverland-2nd-season
animeav1-yuru-camp-season-2,Yuru Camp△ Season 2,TV,,,,anime,,,AnimeAV1,https://animeav1.com/media/yuru-camp-season-2
animeav1-yes-ka-no-ka-hanbun-ka,Yes ka No ka Hanbun ka,Movie,,,,anime,,,AnimeAV1,https://animeav1.com/media/yes-ka-no-ka-hanbun-ka
animeav1-yuukoku-no-moriarty,Yuukoku no Moriarty,TV,,,,anime,,,AnimeAV1,https://animeav1.com/media/yuukoku-no-moriarty
animeav1-yahari-ore-no-seishun-love-comedy-wa-machigatteiru-kan,Yahari Ore no Seishun Love Comedy wa Machigatteiru. Kan,TV,,,,comedy,,,AnimeAV1,https://animeav1.com/media/yahari-ore-no-seishun-love-comedy-wa-machigatteiru-kan
animeav1-yi-ren-zhi-xia-3-rushi-pian,Yi Ren Zhi Xia 3: Rushi Pian,ONA,,,,anime,,,AnimeAV1,https://animeav1.com/media/yi-ren-zhi-xia-3-rushi-pian
animeav1-yesterday-wo-utatte,Yesterday wo Utatte,TV,,,,anime,,,AnimeAV1,https://animeav1.com/media/yesterday-wo-utatte
animeav1-yesterday-wo-utatte-haishin-ban-episode,Yesterday wo Utatte: Haishin-ban Episode,ONA,,,,anime,,,AnimeAV1,https://animeav1.com/media/yesterday-wo-utatte-haishin-ban-episode
animeav1-yami-shibai-7,Yami Shibai 7,TV,,,,anime,,,AnimeAV1,https://animeav1.com/media/yami-shibai-7
animeav1-youjo-senki-movie,Youjo Senki Movie,MOVIE,,,,anime,,,AnimeAV1,https://animeav1.com/media/youjo-senki-movie
animeav1-yakusoku-no-neverland,Yakusoku no Neverland,TV,,,,anime,,,AnimeAV1,https://animeav1.com/media/yakusoku-no-neverland
animeav1-yagate-kimi-ni-naru,Yagate Kimi ni Naru,TV,,,,anime,,,AnimeAV1,https://animeav1.com/media/yagate-kimi-ni-naru
animeav1-yuragi-sou-no-yuuna-san,Yuragi-sou no Yuuna-san,TV,,,,anime,,,AnimeAV1,https://animeav1.com/media/yuragi-sou-no-yuuna-san
animeav1-yami-shibai-6,Yami Shibai 6,TV,,,,anime,,,AnimeAV1,https://animeav1.com/media/yami-shibai-6
animeav1-yuragi-sou-no-yuuna-san-ova,Yuragi-sou no Yuuna-san OVA,OVA,,,,anime,,,AnimeAV1,https://animeav1.com/media/yuragi-sou-no-yuuna-san-ova
animeav1-yama-no-susume-third-season,Yama no Susume Third Season,TV,,,,anime,,,AnimeAV1,https://animeav1.com/media/yama-no-susume-third-season
animeav1-yuru-camp-specials,Yuru Camp△ Specials,TV,,,,anime,,,AnimeAV1,https://animeav1.com/media/yuru-camp-specials
animeav1-yowamushi-pedal-glory-line,Yowamushi Pedal: Glory Line,TV,,,,anime,,,AnimeAV1,https://animeav1.com/media/yowamushi-pedal-glory-line
animeav1-yuru-camp,Yuru Camp△,TV,,,,anime,,,AnimeAV1,https://animeav1.com/media/yuru-camp
animeav1-yuuki-yuuna-wa-yuusha-de-aru-yuusha-no-shou,Yuuki Yuuna wa Yuusha de Aru: Yuusha no Shou,TV,,,,anime,,,AnimeAV1,https://animeav1.com/media/yuuki-yuuna-wa-yuusha-de-aru-yuusha-no-shou
animeav1-yuuki-yuuna-wa-yuusha-de-aru-washio-sumi-no-shou,Yuuki Yuuna wa Yuusha de Aru: Washio Sumi no Shou,TV,,,,anime,,,AnimeAV1,https://animeav1.com/media/yuuki-yuuna-wa-yuusha-de-aru-washio-sumi-no-shou
animeav1-youkoso-jitsuryoku-shijou-shugi-no-kyoushitsu-e,Youkoso Jitsuryoku Shijou Shugi no Kyoushitsu e,TV,,,,anime,,,AnimeAV1,https://animeav1.com/media/youkoso-jitsuryoku-shijou-shugi-no-kyoushitsu-e
animeav1-yami-shibai-5,Yami Shibai 5,TV,,,,anime,,,AnimeAV1,https://animeav1.com/media/yami-shibai-5
animeav1-youkai-apartment-no-yuuga-na-nichijou,Youkai Apartment no Yuuga na Nichijou,TV,,,,anime,,,AnimeAV1,https://animeav1.com/media/youkai-apartment-no-yuuga-na-nichijou
animeav1-yuri-on-ice-yuri-plisetsky-gpf-in-barcelona-ex-welcome-to-the-madness,Yuri!!! on Ice: Yuri Plisetsky GPF in Barcelona EX - Welcome to The Madness,TV,,,,anime,,,AnimeAV1,https://animeav1.com/media/yuri-on-ice-yuri-plisetsky-gpf-in-barcelona-ex-welcome-to-the-madness
animeav1-yugioh-vrains,Yu☆Gi☆Oh! VRAINS,TV,,,,anime,,,AnimeAV1,https://animeav1.com/media/yugioh-vrains
animeav1-yoru-wa-mijikashi-arukeyo-otome,Yoru wa Mijikashi Arukeyo Otome,Movie,,,,anime,,,AnimeAV1,https://animeav1.com/media/yoru-wa-mijikashi-arukeyo-otome
animeav1-yuyushiki-komarasetari-komarasaretari,"Yuyushiki: Komarasetari, Komarasaretari",OVA,,,,anime,,,AnimeAV1,https://animeav1.com/media/yuyushiki-komarasetari-komarasaretari
animeav1-yami-shibai-4,Yami Shibai 4,TV,,,,anime,,,AnimeAV1,https://animeav1.com/media/yami-shibai-4
animeav1-yowamushi-pedal-new-generation,Yowamushi Pedal: New Generation,TV,,,,anime,,,AnimeAV1,https://animeav1.com/media/yowamushi-pedal-new-generation
animeav1-youjo-senki,Youjo Senki,TV,,,,anime,,,AnimeAV1,https://animeav1.com/media/youjo-senki
animeav1-yahari-ore-no-seishun-love-comedy-wa-machigatteiru-zoku-ova,Yahari Ore no Seishun Love Comedy wa Machigatteiru. Zoku OVA,OVA,,,,comedy,,,AnimeAV1,https://animeav1.com/media/yahari-ore-no-seishun-love-comedy-wa-machigatteiru-zoku-ova
animeav1-yuri-on-ice,Yuri!!! on Ice,TV,,,,anime,,,AnimeAV1,https://animeav1.com/media/yuri-on-ice
animeav1-yugioh-the-dark-side-of-dimensions,Yu☆Gi☆Oh! The Dark Side of Dimensions,Movie,,,,anime,,,AnimeAV1,https://animeav1.com/media/yugioh-the-dark-side-of-dimensions
animeav1-yami-shibai-3,Yami Shibai 3,TV,,,,anime,,,AnimeAV1,https://animeav1.com/media/yami-shibai-3
animeav1-yuru-yuri-sanhai,Yuru Yuri San☆Hai!,TV,,,,anime,,,AnimeAV1,https://animeav1.com/media/yuru-yuri-sanhai
animeav1-young-black-jack,Young Black Jack,TV,,,,anime,,,AnimeAV1,https://animeav1.com/media/young-black-jack
animeav1-yowamushi-pedal-movie,Yowamushi Pedal Movie,MOVIE,,,,anime,,,AnimeAV1,https://animeav1.com/media/yowamushi-pedal-movie
animeav1-yowamushi-pedal-reroad,Yowamushi Pedal: Re:Road,Movie,,,,anime,,,AnimeAV1,https://animeav1.com/media/yowamushi-pedal-reroad
animeav1-yamada-kun-to-7-nin-no-majo,Yamada-kun to 7-nin no Majo,TV,,,,anime,,,AnimeAV1,https://animeav1.com/media/yamada-kun-to-7-nin-no-majo
animeav1-yahari-ore-no-seishun-love-comedy-wa-machigatteiru-zoku,Yahari Ore no Seishun Love Comedy wa Machigatteiru. Zoku,TV,,,,comedy,,,AnimeAV1,https://animeav1.com/media/yahari-ore-no-seishun-love-comedy-wa-machigatteiru-zoku
animeav1-yuru-yuri-nachuyachumi,Yuru Yuri Nachuyachumi!,OVA,,,,anime,,,AnimeAV1,https://animeav1.com/media/yuru-yuri-nachuyachumi
animeav1-yuri-kuma-arashi,Yuri Kuma Arashi,TV,,,,anime,,,AnimeAV1,https://animeav1.com/media/yuri-kuma-arashi
animeav1-yama-no-susume-second-season-specials,Yama no Susume Second Season Specials,TV,,,,anime,,,AnimeAV1,https://animeav1.com/media/yama-no-susume-second-season-specials
animeav1-yuuki-yuuna-wa-yuusha-de-aru,Yuuki Yuuna wa Yuusha de Aru,TV,,,,anime,,,AnimeAV1,https://animeav1.com/media/yuuki-yuuna-wa-yuusha-de-aru
animeav1-yowamushi-pedal-grande-road,Yowamushi Pedal: Grande Road,TV,,,,anime,,,AnimeAV1,https://animeav1.com/media/yowamushi-pedal-grande-road
animeav1-yowamushi-pedal-reride,Yowamushi Pedal: Re:Ride,Movie,,,,anime,,,AnimeAV1,https://animeav1.com/media/yowamushi-pedal-reride
animeav1-yama-no-susume-second-season,Yama no Susume Second Season,TV,,,,anime,,,AnimeAV1,https://animeav1.com/media/yama-no-susume-second-season
animeav1-yami-shibai-2,Yami Shibai 2,TV,,,,anime,,,AnimeAV1,https://animeav1.com/media/yami-shibai-2
animeav1-yozakura-quartet-tsuki-ni-naku,Yozakura Quartet: Tsuki ni Naku,OVA,,,,anime,,,AnimeAV1,https://animeav1.com/media/yozakura-quartet-tsuki-ni-naku
animeav1-yowamushi-pedal,Yowamushi Pedal,TV,,,,anime,,,AnimeAV1,https://animeav1.com/media/yowamushi-pedal
animeav1-yozakura-quartet-hana-no-uta,Yozakura Quartet: Hana no Uta,TV,,,,anime,,,AnimeAV1,https://animeav1.com/media/yozakura-quartet-hana-no-uta
animeav1-yuusha-ni-narenakatta-ore-wa-shibushibu-shuushoku-wo-ketsui-shimashita,Yuusha ni Narenakatta Ore wa Shibushibu Shuushoku wo Ketsui Shimashita.,TV,,,,anime,,,AnimeAV1,https://animeav1.com/media/yuusha-ni-narenakatta-ore-wa-shibushibu-shuushoku-wo-ketsui-shimashita
animeav1-yahari-ore-no-seishun-love-comedy-wa-machigatteiru-ova,Yahari Ore no Seishun Love Comedy wa Machigatteiru. OVA,OVA,,,,comedy,,,AnimeAV1,https://animeav1.com/media/yahari-ore-no-seishun-love-comedy-wa-machigatteiru-ova
animeav1-yami-shibai,Yami Shibai,TV,,,,anime,,,AnimeAV1,https://animeav1.com/media/yami-shibai
animeav1-yuyushiki-nyanyashiki,Yuyushiki: Nyanyashiki,TV,,,,anime,,,AnimeAV1,https://animeav1.com/media/yuyushiki-nyanyashiki
animeav1-yama-no-susume-kabe-tte-kowakunai-no,Yama no Susume: Kabe tte Kowakunai no?,TV,,,,anime,,,AnimeAV1,https://animeav1.com/media/yama-no-susume-kabe-tte-kowakunai-no
animeav1-yuyushiki,Yuyushiki,TV,,,,anime,,,AnimeAV1,https://animeav1.com/media/yuyushiki
animeav1-yondemasu-yo-azazel-san-z,"Yondemasu yo, Azazel-san. Z",TV,,,,anime,,,AnimeAV1,https://animeav1.com/media/yondemasu-yo-azazel-san-z
animeav1-yahari-ore-no-seishun-love-comedy-wa-machigatteiru,Yahari Ore no Seishun Love Comedy wa Machigatteiru.,TV,,,,comedy,,,AnimeAV1,https://animeav1.com/media/yahari-ore-no-seishun-love-comedy-wa-machigatteiru
animeav1-yama-no-susume,Yama no Susume,TV,,,,anime,,,AnimeAV1,https://animeav1.com/media/yama-no-susume
animeav1-yuru-yuri,Yuru Yuri♪♪,TV,,,,anime,,,AnimeAV1,https://animeav1.com/media/yuru-yuri
animeav1-yuru-yuri-s1,Yuru Yuri,TV,,,,anime,,,AnimeAV1,https://animeav1.com/media/yuru-yuri-s1
animeav1-yondemasu-yo-azazel-san-tv,"Yondemasu yo, Azazel-san. (TV)",TV,,,,anime,,,AnimeAV1,https://animeav1.com/media/yondemasu-yo-azazel-san-tv
animeav1-yumekui-merry,Yumekui Merry,TV,,,,anime,,,AnimeAV1,https://animeav1.com/media/yumekui-merry
animeav1-yozakura-quartet-hoshi-no-umi,Yozakura Quartet: Hoshi no Umi,OVA,,,,anime,,,AnimeAV1,https://animeav1.com/media/yozakura-quartet-hoshi-no-umi
animeav1-yosuga-no-sora,Yosuga no Sora,TV,,,,anime,,,AnimeAV1,https://animeav1.com/media/yosuga-no-sora
animeav1-yojouhan-shinwa-taikei-specials,Yojouhan Shinwa Taikei Specials,TV,,,,anime,,,AnimeAV1,https://animeav1.com/media/yojouhan-shinwa-taikei-specials
animeav1-yojouhan-shinwa-taikei,Yojouhan Shinwa Taikei,TV,,,,anime,,,AnimeAV1,https://animeav1.com/media/yojouhan-shinwa-taikei
animeav1-yondemasu-yo-azazel-san,"Yondemasu yo, Azazel-san.",OVA,,,,anime,,,AnimeAV1,https://animeav1.com/media/yondemasu-yo-azazel-san
animeav1-yugioh-movie-chou-yuugou-toki-wo-koeta-kizuna,Yu☆Gi☆Oh! Movie: Chou Yuugou! Toki wo Koeta Kizuna,MOVIE,,,,anime,,,AnimeAV1,https://animeav1.com/media/yugioh-movie-chou-yuugou-toki-wo-koeta-kizuna
animeav1-yes-precure-5-gogo-movie-okashi-no-kuni-no-happy-birthday,Yes! Precure 5 GoGo! Movie: Okashi no Kuni no Happy Birthday,MOVIE,,,,anime,,,AnimeAV1,https://animeav1.com/media/yes-precure-5-gogo-movie-okashi-no-kuni-no-happy-birthday
animeav1-yozakura-quartet,Yozakura Quartet,TV,,,,anime,,,AnimeAV1,https://animeav1.com/media/yozakura-quartet
animeav1-yes-precure-5-gogo,Yes! Precure 5 GoGo!,TV,,,,anime,,,AnimeAV1,https://animeav1.com/media/yes-precure-5-gogo
animeav1-yawaraka-sangokushi-tsukisase-ryofuko-chan,Yawaraka Sangokushi Tsukisase!! Ryofuko-chan,OVA,,,,anime,,,AnimeAV1,https://animeav1.com/media/yawaraka-sangokushi-tsukisase-ryofuko-chan
animeav1-yes-precure-5,Yes! Precure 5,TV,,,,anime,,,AnimeAV1,https://animeav1.com/media/yes-precure-5
animeav1-yamato-nadeshiko-shichihenge,Yamato Nadeshiko Shichihenge♥,TV,,,,anime,,,AnimeAV1,https://animeav1.com/media/yamato-nadeshiko-shichihenge
animeav1-yugioh-hikari-no-pyramid,Yu☆Gi☆Oh! Hikari no Pyramid,Movie,,,,anime,,,AnimeAV1,https://animeav1.com/media/yugioh-hikari-no-pyramid
animeav1-yokohama-kaidashi-kikou-quiet-country-cafe,Yokohama Kaidashi Kikou: Quiet Country Cafe,OVA,,,,anime,,,AnimeAV1,https://animeav1.com/media/yokohama-kaidashi-kikou-quiet-country-cafe
animeav1-young-herlock-wo-oe-cosmo-warrior-zero-gaiden,Young Herlock wo Oe! Cosmo Warrior Zero Gaiden,ESPECIAL,,,,anime,,,AnimeAV1,https://animeav1.com/media/young-herlock-wo-oe-cosmo-warrior-zero-gaiden
animeav1-yugioh-duel-monsters,Yu☆Gi☆Oh! Duel Monsters,TV,,,,anime,,,AnimeAV1,https://animeav1.com/media/yugioh-duel-monsters
animeav1-yuusha-ou-gaogaigar-final,Yuusha-Ou GaoGaiGar Final,OVA,,,,anime,,,AnimeAV1,https://animeav1.com/media/yuusha-ou-gaogaigar-final
animeav1-yugioh-movie,Yu☆Gi☆Oh! (Movie),MOVIE,,,,anime,,,AnimeAV1,https://animeav1.com/media/yugioh-movie
animeav1-yokohama-kaidashi-kikou,Yokohama Kaidashi Kikou,OVA,,,,anime,,,AnimeAV1,https://animeav1.com/media/yokohama-kaidashi-kikou
animeav1-yugioh,Yu☆Gi☆Oh!,TV,,,,anime,,,AnimeAV1,https://animeav1.com/media/yugioh
animeav1-yuusha-ou-gaogaigar,Yuusha-Ou GaoGaiGar,TV,,,,anime,,,AnimeAV1,https://animeav1.com/media/yuusha-ou-gaogaigar
animeav1-yuuyuuhakusho-meikai-shitou-hen-honoo-no-kizuna,Yuu Yuu Hakusho: Meikai Shitou-hen - Honoo no Kizuna,Movie,,,,anime,,,AnimeAV1,https://animeav1.com/media/yuuyuuhakusho-meikai-shitou-hen-honoo-no-kizuna
animeav1-yuuyuuhakusho-movie,Yu Yu Hakusho: The Movie,MOVIE,,,,anime,,,AnimeAV1,https://animeav1.com/media/yuuyuuhakusho-movie
animeav1-yuuyuuhakusho,Yu Yu Hakusho,TV,,,,anime,,,AnimeAV1,https://animeav1.com/media/yuuyuuhakusho
animeav1-zombieland-saga-movie-yumeginga-paradise,Zombieland Saga Movie: Yumeginga Paradise,MOVIE,,,,anime,,,AnimeAV1,https://animeav1.com/media/zombieland-saga-movie-yumeginga-paradise
animeav1-zutaboro-reijou-wa-ane-no-moto-konyakusha-ni-dekiai-sareru,Zutaboro Reijou wa Ane no Moto Konyakusha ni Dekiai sareru,TV,,2013,,anime,,,AnimeAV1,https://animeav1.com/media/zutaboro-reijou-wa-ane-no-moto-konyakusha-ni-dekiai-sareru
animeav1-zatsu-tabi-thats-journey,Zatsu Tabi: That's Journey,TV,,,,anime,,,AnimeAV1,https://animeav1.com/media/zatsu-tabi-thats-journey
animeav1-zenshuu,Zenshuu.,TV,,,,anime,,,AnimeAV1,https://animeav1.com/media/zenshuu
animeav1-zuoshou-shanglan-2nd-season,Zuoshou Shanglan 2nd Season,ONA,,,,anime,,,AnimeAV1,https://animeav1.com/media/zuoshou-shanglan-2nd-season
animeav1-zom-100-zombie-ni-naru-made-ni-shitai-100-no-koto,Zom 100: Zombie ni Naru made ni Shitai 100 no Koto,TV,,,,anime,,,AnimeAV1,https://animeav1.com/media/zom-100-zombie-ni-naru-made-ni-shitai-100-no-koto
animeav1-zuoshou-shanglan,Zuoshou Shanglan,ONA,,,,anime,,,AnimeAV1,https://animeav1.com/media/zuoshou-shanglan
animeav1-zombieland-saga-revenge,Zombieland Saga Revenge,TV,,,,anime,,,AnimeAV1,https://animeav1.com/media/zombieland-saga-revenge
animeav1-zoku-owarimonogatari,Zoku Owarimonogatari,TV,,,,anime,,,AnimeAV1,https://animeav1.com/media/zoku-owarimonogatari
animeav1-zombieland-saga,Zombieland Saga,TV,,,,anime,,,AnimeAV1,https://animeav1.com/media/zombieland-saga
animeav1-zero-kara-hajimeru-mahou-no-sho,Zero kara Hajimeru Mahou no Sho,TV,,,,anime,,,AnimeAV1,https://animeav1.com/media/zero-kara-hajimeru-mahou-no-sho
animeav1-zutto-mae-kara-suki-deshita-kokuhaku-jikkou-iinkai,Zutto Mae kara Suki deshita. Kokuhaku Jikkou Iinkai,Movie,,,,anime,,,AnimeAV1,https://animeav1.com/media/zutto-mae-kara-suki-deshita-kokuhaku-jikkou-iinkai
animeav1-zankyou-no-terror,Zankyou no Terror,TV,,,,drama,,,AnimeAV1,https://animeav1.com/media/zankyou-no-terror
animeav1-zettai-karen-children-the-unlimited-hyoubu-kyousuke,Zettai Karen Children: The Unlimited - Hyoubu Kyousuke,TV,,,,anime,,,AnimeAV1,https://animeav1.com/media/zettai-karen-children-the-unlimited-hyoubu-kyousuke
animeav1-zetsuen-no-tempest,Zetsuen no Tempest,TV,,,,anime,,,AnimeAV1,https://animeav1.com/media/zetsuen-no-tempest
animeav1-zetman,Zetman,TV,,,,anime,,,AnimeAV1,https://animeav1.com/media/zetman
animeav1-zero-no-tsukaima-f,Zero no Tsukaima F,TV,,,,anime,,,AnimeAV1,https://animeav1.com/media/zero-no-tsukaima-f
animeav1-zan-sayonara-zetsubou-sensei-bangaichi,Zan Sayonara Zetsubou Sensei Bangaichi,OVA,,,,anime,,,AnimeAV1,https://animeav1.com/media/zan-sayonara-zetsubou-sensei-bangaichi
animeav1-zan-sayonara-zetsubou-sensei,Zan Sayonara Zetsubou Sensei,TV,,,,anime,,,AnimeAV1,https://animeav1.com/media/zan-sayonara-zetsubou-sensei
animeav1-zoku-natsume-yuujinchou,Zoku Natsume Yuujinchou,TV,,,,anime,,,AnimeAV1,https://animeav1.com/media/zoku-natsume-yuujinchou
animeav1-zero-no-tsukaima-princesses-no-rondo,Zero no Tsukaima: Princesses no Rondo,TV,,,,anime,,,AnimeAV1,https://animeav1.com/media/zero-no-tsukaima-princesses-no-rondo
animeav1-zettai-karen-children,Zettai Karen Children,TV,,,,anime,,,AnimeAV1,https://animeav1.com/media/zettai-karen-children
animeav1-zoku-sayonara-zetsubou-sensei,Zoku Sayonara Zetsubou Sensei,TV,,,,anime,,,AnimeAV1,https://animeav1.com/media/zoku-sayonara-zetsubou-sensei
animeav1-zero-no-tsukaima-futatsuki-no-kishi,Zero no Tsukaima: Futatsuki no Kishi,TV,,,,anime,,,AnimeAV1,https://animeav1.com/media/zero-no-tsukaima-futatsuki-no-kishi
animeav1-zero-no-tsukaima,Zero no Tsukaima,TV,,,,anime,,,AnimeAV1,https://animeav1.com/media/zero-no-tsukaima
animeav1-zipang,Zipang,TV,,,,anime,,,AnimeAV1,https://animeav1.com/media/zipang
animeav1-zoids,Zoids,TV,,,,anime,,,AnimeAV1,https://animeav1.com/media/zoids
